-- phpMyAdmin SQL Dump
-- version 4.5.0.2
-- http://www.phpmyadmin.net
--
-- Host: localhost
-- Generation Time: Aug 17, 2018 at 06:17 AM
-- Server version: 5.5.60
-- PHP Version: 5.6.36

SET SQL_MODE = "NO_AUTO_VALUE_ON_ZERO";
SET time_zone = "+00:00";


/*!40101 SET @OLD_CHARACTER_SET_CLIENT=@@CHARACTER_SET_CLIENT */;
/*!40101 SET @OLD_CHARACTER_SET_RESULTS=@@CHARACTER_SET_RESULTS */;
/*!40101 SET @OLD_COLLATION_CONNECTION=@@COLLATION_CONNECTION */;
/*!40101 SET NAMES utf8mb4 */;

--
-- Database: `nabosupport`
--

-- --------------------------------------------------------

--
-- Table structure for table `address`
--

CREATE TABLE `address` (
  `address_id` int(11) NOT NULL,
  `user_id` int(11) NOT NULL,
  `street_address` varchar(255) NOT NULL,
  `zipcode` varchar(100) NOT NULL,
  `city` varchar(255) NOT NULL,
  `country` varchar(255) NOT NULL,
  `is_active` smallint(1) NOT NULL DEFAULT '1',
  `latitude` float(17,14) NOT NULL,
  `longitude` float(17,14) NOT NULL,
  `primary_address` varchar(100) NOT NULL,
  `camtoken` varchar(250) NOT NULL,
  `status_id` int(11) NOT NULL,
  `status_type` varchar(20) NOT NULL,
  `marker` varchar(255) NOT NULL DEFAULT 'nabo_home.png',
  `notification` varchar(10) NOT NULL,
  `address_type` varchar(50) NOT NULL,
  `last_alert` varchar(255) NOT NULL,
  `time` varchar(255) NOT NULL
) ENGINE=InnoDB DEFAULT CHARSET=utf8;

--
-- Dumping data for table `address`
--

INSERT INTO `address` (`address_id`, `user_id`, `street_address`, `zipcode`, `city`, `country`, `is_active`, `latitude`, `longitude`, `primary_address`, `camtoken`, `status_id`, `status_type`, `marker`, `notification`, `address_type`, `last_alert`, `time`) VALUES
(1, 1, 'Annamalai Street 15', '600091', 'Chennai ', 'India', 0, 12.97764778137207, 80.21526336669922, 'no', 'ID0003', 1, '', 'blue.png', '', '', 'suspecious alert from user rayi', '2018-7-6 16:31:59'),
(2, 2, 'Duraiswamy Nagar 10th Main Road', '600117', 'Chennai', 'India', 1, 12.95436477661133, 80.18672180175781, 'no', '456655533', 1, '', 'blue.png', '', '', 'PICKPOCKET', '2018-8-11 16:58:2'),
(3, 3, 'Senthuran Colony 3/110A', '600091', 'Chennai', 'India', 1, 12.96647834777832, 80.18957519531250, 'no', '0', 0, '', 'blue.png', '', '', 'ASSAULT', '2018-6-8 14:54:38'),
(4, 4, '40th Street 15', '600061', 'Chennai', 'India', 1, 12.98311710357666, 80.18780517578125, 'no', '0', 1, '', 'blue.png', '', '', 'PICKPOCKET', '2018-5-4 15:38:42'),
(5, 2, 'SRVS Colony Main Road 2A', '600117', 'Chennai', 'India', 0, 12.95562839508057, 80.18957519531250, 'no', '0', 0, '', 'blue.png', '', 'GB', '', '2018-04-30 15:37:19'),
(6, 2, 'Senthuran Colony 3/110A', '600091', 'Chennai', 'India', 0, 12.96646022796631, 80.18957519531250, 'no', '0', 1, 'S', 'blue.png', '', 'GS', '', '2018-04-30 15:37:19'),
(7, 2, 'Alamelu Mangu Street 14/12', '600091', 'Chennai', 'India', 0, 12.96357440948486, 80.18901824951172, 'no', '0', 1, 'S', 'blue.png', '', 'GS', '', '2018-04-30 15:37:19'),
(8, 2, 'Deivanai Nagar 13th Street', '600091', 'Chennai', 'India', 0, 12.95993614196777, 80.19258117675781, 'no', '0', 1, 'S', 'blue.png', '', 'GS', '', '2018-04-30 15:37:19'),
(9, 2, 'Subramanian Nagar 3/271', '600091', 'Kanchipuram', 'India', 0, 12.96595954895020, 80.18653106689453, 'no', '0', 1, 'B', 'blue.png', '', 'GB', '', '2018-04-30 15:37:19'),
(10, 2, 'Thenneri - Marudham Road 107/109', '631561', 'Kanchipuram', 'India', 0, 12.84675884246826, 79.83480072021484, 'no', '0', 1, 'B', 'blue.png', '', 'GB', '', '2018-04-30 15:37:19'),
(11, 2, 'Thuraiperumpakkam Unnamed Road', '632508', 'Vellore', 'India', 0, 12.91909694671631, 79.48246765136719, 'no', '0', 1, 'B', 'blue.png', '', 'GB', '', '2018-04-30 15:37:19'),
(12, 2, 'Adhaiyur Rishivandhiam - Nemili Road', '607201', 'Villupuram', 'India', 0, 11.78250408172607, 79.18584442138672, 'no', '0', 1, 'B', 'blue.png', '', 'GB', '', '2018-04-30 15:37:19'),
(13, 2, 'Balaiah Garden Madipakkam', '600091', 'Chennai', 'India', 0, 12.96480846405029, 80.19796752929688, 'no', '0', 1, '', 'blue.png', '', '', 'ASSAULT', '2018-8-11 17:21:26'),
(14, 2, 'Chennai Besant Nagar', 'India', 'Chennai', 'Tamil Nadu', 0, 13.00024223327637, 80.26683807373047, 'no', '0', 1, '', 'blue.png', '', '', 'ASSAULT', '2018-8-11 15:24:5'),
(15, 2, 'A.G.S. Colony Street 61', '600061', 'Chennai', 'India', 0, 12.97429847717285, 80.18470764160156, 'no', '0', 1, 'B', 'blue.png', '', 'GB', '', '2018-04-30 15:37:19'),
(16, 2, 'Meenambakkam Airport Terminal Link', '600016', 'Kanchipuram', 'India', 0, 12.97948837280273, 80.15819549560547, 'no', '0', 1, 'B', 'blue.png', '', 'GB', '', '2018-04-30 15:37:19'),
(17, 2, 'Pozhichular Main Road 3', '600074', 'Chennai', 'India', 0, 12.98044681549072, 80.13668060302734, 'no', '0', 1, '', 'blue.png', '', 'GB', '', '2018-04-30 15:37:19'),
(18, 2, 'Kattaboman Street 34', '600044', 'Chennai', 'India', 0, 12.97074413299561, 80.14166259765625, 'no', '0', 1, 'B', 'blue.png', '', 'GB', '', '2018-04-30 15:37:19'),
(19, 2, 'Annai Theresa Nagar Solomon Street', '600059', 'Chennai', 'India', 0, 12.92375469207764, 80.13376617431640, 'no', '0', 1, 'S', 'blue.png', '', 'GS', '', '2018-04-30 15:37:19'),
(20, 2, 'N.G.O Colony Raju Street', '600027', 'Chennai', 'India', 0, 12.97542858123779, 80.17359161376953, 'no', '0', 1, '', 'blue.png', '', 'GS', '', '2018-04-30 15:37:19'),
(21, 2, '', '', '', '', 0, 0.00000000000000, 0.00000000000000, 'no', '0', 1, '0', 'blue.png', '', '', '', '2018-04-30 15:37:19'),
(22, 2, 'sdfsf', '324234', 'sdfsdf', 'sdfdsf', 0, 0.00000000000000, 0.00000000000000, 'no', '0', 1, '0', 'blue.png', '', '', '', '2018-04-30 15:37:19'),
(23, 2, 'Vembuli Amman Koil 7th Street 6', '600043', 'Chennai', 'India', 0, 12.96775722503662, 80.15597534179688, 'no', '0', 1, '', 'blue.png', '', 'GB', '', '2018-04-30 15:37:19'),
(24, 2, 'Ravanan Nagar Annai Therasa Nagar Road', '600091', 'Kanchipuram', 'India', 0, 12.97388076782227, 80.20324707031250, 'no', '0', 1, 'B', 'blue.png', '', 'GB', '', '2018-04-30 15:37:19'),
(25, 2, 'Poonthottam Poonthottam 3rd Street', '600061', 'Chennai', 'India', 0, 12.98291397094727, 80.18041229248047, 'no', '0', 1, 'P', 'blue.png', '', 'GS', '', '2018-04-30 15:37:19'),
(26, 4, 'Dharga Road 113', '600043', 'Chennai', 'India', 0, 12.96238040924072, 80.16028594970703, 'no', '0', 1, 'S', 'blue.png', '', 'GS', '', '2018-04-30 15:37:19'),
(27, 4, '6th Cross Street 7', '600061', 'Chennai', 'India', 0, 12.97350406646729, 80.18856811523438, 'no', '0', 1, '', 'blue.png', '', 'GB', '', '2018-04-30 15:37:19'),
(28, 4, 'KK Nagar 8th Street 5-36', '600027', 'Chennai', 'India', 0, 12.97500991821289, 80.18077850341797, 'no', '0', 1, 'S', 'blue.png', '', 'GS', '', '2018-04-30 15:37:19'),
(29, 1, 'Chembarambakkam Kundrathur - Sriperumbudur Road', '600069', 'Kanchipuram', 'India', 0, 12.99590110778809, 80.07177734375000, 'no', '0', 1, '', 'blue.png', '', 'GB', '', '2018-04-30 15:37:19'),
(30, 1, 'Periaveppathur Unnamed Road', '601205', 'Tiruvallur', 'India', 0, 13.44708538055420, 80.23983001708984, 'no', '0', 1, '', 'blue.png', '', 'GB', '', '2018-04-30 15:37:19'),
(31, 5, 'Velachery India', '600042', 'Chennai', 'india', 1, 12.97597980499268, 80.22102355957031, 'no', '0', 1, '', 'blue.png', '', '', 'POSSIBLE ATTENTION TO BURGLARY', '2018-5-3 21:51:1'),
(32, 6, 'Puzhuthivakkam 20/61', '600091', 'Chennai', 'India', 1, 12.96861743927002, 80.19322967529297, 'no', '0', 1, '', 'blue.png', '', '', 'SUSPICIOUS BEHAVIOR FROM PEOPLE', '2018-5-3 21:51:58'),
(33, 6, 'Mookambikai Nagar 1/390', '600074', 'Chennai', 'India', 0, 12.99282455444336, 80.14110565185547, 'no', '0', 1, 'B', 'blue.png', '', 'GB', '', '2018-04-30 15:37:19'),
(34, 7, 'Nanmangalam 4th Street', '600117', 'Chennai', 'India', 1, 12.94354248046875, 80.18008422851562, 'no', '+919841005858', 1, '', 'blue.png', '', '', 'Test threat alert from postman with country code', ''),
(35, 7, 'Sitharkadu North Mada Street', '600072', 'Tiruvallur', 'India', 0, 13.08968162536621, 80.05190277099610, 'no', '0', 1, 'S', 'blue.png', '', 'GS', '', '2018-04-30 15:37:19'),
(36, 2, 'NGGO Colony 9th Street', '600027', 'Kanchipuram', 'India', 0, 12.97260761260986, 80.18232727050781, 'no', '0', 1, '', 'blue.png', '', 'GS', '', '2018-04-30 15:37:19'),
(37, 2, 'Kavanur Unnamed Road', '600069', 'Kanchipuram', 'India', 0, 12.97642612457275, 80.07244873046875, 'no', '0', 1, 'B', 'blue.png', '', 'GB', '', '2018-04-30 15:37:19'),
(38, 2, 'Lettangs Road 44', '600084', 'Chennai', 'India', 0, 13.08288955688477, 80.25621032714844, 'no', '0', 1, '', 'blue.png', '', 'GB', '', '2018-04-30 15:37:19'),
(39, 2, 'Purasaiwakkam 4/9', '600084', 'Chennai', 'India', 0, 13.08171844482422, 80.25054931640625, 'no', '0', 1, 'B', 'blue.png', '', 'GB', '', '2018-04-30 15:37:19'),
(40, 2, 'A K Swamy Nagar 1st Street', '600010', 'Chennai', 'India', 0, 13.09237766265869, 80.24291229248047, 'no', '0', 1, 'S', 'blue.png', '', 'GS', '', '2018-04-30 15:37:19'),
(41, 2, 'Friends Nagar Mangadu Road', '600056', 'Tiruvallur', 'India', 0, 13.03141784667969, 80.10638427734375, 'no', '0', 1, '', 'blue.png', '', 'GS', '', '2018-04-30 15:37:19'),
(42, 2, 'Mathas Nagar Rudra Road', '600016', 'Kanchipuram', 'India', 0, 13.00249195098877, 80.19407653808594, 'no', '0', 1, '', 'blue.png', '', 'GS', '', '2018-04-30 15:42:02'),
(43, 2, 'Thervoy State Highway 50A', '601102', 'Tiruvallur', 'India', 0, 13.27384662628174, 80.03935241699219, 'no', '0', 1, 'S', 'blue.png', '', 'GS', '', '2018-04-30 15:43:15'),
(44, 2, 'Thousand Lights West 21/10', '600008', 'Chennai', 'India', 0, 13.06315803527832, 80.24930572509766, 'no', '0', 1, '', 'blue.png', '', 'GB', 'BURGLAR SHEDDING', '2018-5-1 10:56:25'),
(45, 2, '19th Street 6', '600095', 'Chennai', 'India', 0, 13.04890251159668, 80.16849517822266, 'no', '0', 1, '', 'blue.png', '', 'GB', 'PICKPOCKET', '2018-5-1 11:4:57'),
(46, 2, 'Thandalam Mariamman Koil Street', '600122', 'Kanchipuram', 'India', 0, 13.00378036499023, 80.11664581298828, 'no', '0', 1, '', 'blue.png', '', 'GS', 'SUSPICIOUS BEHAVIOR FROM PEOPLE', '2018-5-1 11:11:38'),
(47, 1, 'Duraiswamy Nagar 5th Street', '600117', 'Chennai', 'India', 0, 12.95299434661865, 80.18836212158203, 'no', '0', 1, 'S', 'blue.png', '', 'GS', 'POSSIBLE ATTENTION TO BURGLARY', '2018-5-1 13:18:34'),
(48, 8, 'PilehÃ¸jvej 8', '2800', 'Kongens Lyngby', 'Denmark', 1, 55.76105117797852, 12.48310565948486, 'no', '4599559364', 0, 'B', 'red.png', '', '', 'BURGLARIES IN by kultorvet ven', '2018-6-30 14:29:34'),
(49, 8, 'Landerslevvej 34', '2880', 'BagsvÃ¦rd', 'Denmark', 0, 55.75350189208984, 12.46350765228271, 'no', '0', 1, 'B', 'blue.png', '', 'GB', 'PICKPOCKET', '2018-5-1 23:18:21'),
(50, 8, 'Landerslevvej 34', '2880', 'BagsvÃ¦rd', 'Denmark', 0, 55.75350189208984, 12.46350765228271, 'no', '0', 1, 'S', 'blue.png', '', 'GS', 'POSSIBLE ATTENTION TO BURGLARY', '2018-5-1 23:18:29'),
(51, 8, 'Landerslevvej 34', '2880', 'BagsvÃ¦rd', 'Denmark', 0, 55.75350189208984, 12.46350765228271, 'no', '0', 1, 'B', 'blue.png', '', 'GB', 'POSSIBLE ATTENTION TO BURGLARY', '2018-5-1 23:18:37'),
(52, 8, 'Landerslevvej 34', '2880', 'BagsvÃ¦rd', 'Denmark', 0, 55.75350189208984, 12.46350765228271, 'no', '0', 1, 'S', 'blue.png', '', 'GS', 'SUSPICIOUS BEHAVIOR FROM PEOPLE', '2018-5-1 23:18:46'),
(53, 8, 'Landerslevvej 34', '2880', 'BagsvÃ¦rd', 'Denmark', 0, 55.75350189208984, 12.46350765228271, 'no', '0', 1, 'P', 'blue.png', '', 'GB', 'PICKPOCKET', '2018-5-1 23:18:55'),
(54, 2, 'Duraiswamy Nagar 5th Street', '600117', 'Chennai', 'India', 0, 12.95299434661865, 80.18836212158203, 'no', '0', 1, 'S', 'blue.png', '', 'GS', 'SUSPICIOUS CAR', '2018-5-2 12:23:27'),
(55, 2, 'Boopathy Nagar Road 19', '600091', 'Chennai', 'India', 0, 12.95113277435303, 80.18956756591797, 'no', '0', 1, 'B', 'blue.png', '', 'GB', 'PICKPOCKET', '2018-5-2 12:24:2'),
(56, 2, 'Malai Maghal Street 18', '600043', 'Chennai', 'India', 0, 12.96846866607666, 80.16295623779297, 'no', '0', 1, '', 'blue.png', '', 'GS', 'SUSPICIOUS BEHAVIOR FROM PEOPLE', '2018-5-2 13:51:57'),
(57, 2, 'Mevalurkuppam Thandalam - Perambakkam -Thakkolam Road', '602025', 'Kanchipuram', 'India', 0, 13.01145648956299, 79.98065185546875, 'no', '0', 1, '', 'blue.png', '', 'GS', 'SUSPICIOUS CAR', '2018-5-2 13:57:3'),
(58, 2, 'Azhwancherry Mahalakshmi Nagar', '600125', 'Kanchipuram', 'India', 0, 13.01631450653076, 80.15593719482422, 'no', '0', 1, '', 'blue.png', '', 'GS', 'SUSPICIOUS PERSON', '2018-5-2 14:3:28'),
(59, 2, 'Mount Poonamalle High Road 98/130', '600116', 'Chennai', 'India', 0, 13.03036308288574, 80.16640472412110, 'no', '0', 1, '', 'blue.png', '', 'GS', 'POSSIBLE ATTENTION TO BURGLARY', '2018-5-2 14:26:56'),
(60, 2, 'ICL Home Town Thiru Vi Ka 3rd Street', '600077', 'Tiruvallur', 'India', 0, 13.05280113220215, 80.14122009277344, 'no', '0', 1, '', 'blue.png', '', 'GB', 'ASSAULT', '2018-5-2 14:35:24'),
(61, 2, 'Tharapakkam Airport Service Road', '600116', 'Kanchipuram', 'India', 0, 12.98790168762207, 80.16043090820312, 'no', '0', 1, '', 'blue.png', '', 'GS', 'SUSPICIOUS CAR', '2018-5-2 14:40:57'),
(62, 2, 'National Airports Authority Colony D Type Road', '600114', 'Kanchipuram', 'India', 0, 12.98686885833740, 80.17765045166016, 'no', '0', 1, '', 'blue.png', '', 'GB', 'BURGLARIES IN HOUSE', '2018-5-2 15:2:58'),
(63, 2, 'Joseph Nagar Jayaraman Street', '600114', 'Kanchipuram', 'India', 0, 12.98653411865234, 80.17902374267578, 'no', '0', 1, '', 'blue.png', '', 'GS', 'SUSPICIOUS BEHAVIOR FROM PEOPLE', '2018-5-2 15:9:56'),
(64, 2, 'N.G.O Colony Coast Guard Road', '600027', 'Chennai', 'India', 0, 12.97399711608887, 80.17996978759766, 'no', '0', 1, '', 'blue.png', '', 'GB', 'BURGLAR SHEDDING', '2018-5-2 15:17:3'),
(65, 2, 'VOC Street 8/15', '600016', 'Kanchipuram', 'India', 0, 12.99026298522949, 80.16876983642578, 'no', '0', 1, '', 'blue.png', '', 'GB', 'BURGLAR SHEDDING', '2018-5-2 15:52:17'),
(66, 2, 'NAD Colony Jayaraman Street', '600114', 'Chennai', 'India', 0, 12.98774814605713, 80.17726135253906, 'no', '0', 1, '', 'blue.png', '', 'GB', 'ASSAULT', '2018-5-2 16:2:32'),
(67, 2, 'Kalaignar Nagar Main Road 46', '600016', 'Chennai', 'India', 0, 13.00849628448486, 80.18709564208984, 'no', '0', 1, '', 'blue.png', '', 'GB', 'BURGLAR SHEDDING', '2018-5-2 16:12:3'),
(68, 2, 'Nehru High Road 53/28B', '600027', 'Chennai', 'India', 0, 12.98181819915771, 80.17971801757812, 'no', '0', 1, '', 'blue.png', '', 'GB', 'BURGLAR BURGLARY', '2018-5-2 16:21:53'),
(69, 2, 'Meenambakkam Chennai - Nagapattinam Highway', '600016', 'Kanchipuram', 'India', 0, 12.98951244354248, 80.17790985107422, 'no', '0', 1, '', 'blue.png', '', 'GB', 'BURGLAR SHEDDING', '2018-5-2 16:27:31'),
(70, 2, 'Chennai - Theni Highway NAD Colony Entrance Gate', '600114', 'Chennai', 'India', 0, 12.98855018615723, 80.17838287353516, 'no', '0', 1, '', 'blue.png', '', 'GB', 'BURGLAR SHEDDING', '2018-5-2 16:34:1'),
(71, 2, 'B.V. Nagar Street 12', '600027', 'Chennai', 'India', 0, 12.97838020324707, 80.17914581298828, 'no', '0', 1, '', 'blue.png', '', 'GB', 'BURGLAR SHEDDING', '2018-5-2 16:57:43'),
(72, 2, 'Arumalai Chavadi Chennai - Nagapattinam Highway', '600016', 'Kanchipuram', 'India', 0, 12.97775268554688, 80.15708923339844, 'no', '0', 1, '', 'blue.png', '', 'GS', 'SUSPICIOUS BEHAVIOR FROM PEOPLE', '2018-5-2 17:7:39'),
(73, 2, 'Indira Nagar Indira Nagar Main Road', '600116', 'Kanchipuram', 'India', 0, 12.99484348297119, 80.15386199951172, 'no', '0', 1, '', 'blue.png', '', 'GB', 'PICKPOCKET', '2018-5-2 17:19:42'),
(74, 2, 'Meenambakkam Airport Service Road', '600016', 'Kanchipuram', 'India', 0, 12.98394966125488, 80.15426635742188, 'no', '0', 1, '', 'blue.png', '', 'GS', 'POSSIBLE ATTENTION TO BURGLARY', '2018-5-2 17:24:37'),
(75, 2, 'BV Nagar 3rd Main Road 34', '600027', 'Chennai', 'India', 0, 12.97750949859619, 80.17718505859375, 'no', '0', 1, '', 'blue.png', '', 'GB', 'BURGLAR SHEDDING', '2018-5-2 17:33:17'),
(76, 2, 'Meenambakkam AAI Colony Main Street', '600016', 'Kanchipuram', 'India', 0, 12.98516178131104, 80.17143249511719, 'no', '0', 1, '', 'blue.png', '', 'GB', 'ASSAULT', '2018-5-2 17:41:12'),
(77, 2, '19th Street Guru Mahalakshmi Apartments', '600061', 'Chennai', 'India', 0, 12.97620487213135, 80.18365478515625, 'no', '0', 1, '', 'blue.png', '', 'GS', 'POSSIBLE ATTENTION TO BURGLARY', '2018-5-2 18:6:27'),
(78, 2, 'Meenambakkam Airport Service Road', '600016', 'Kanchipuram', 'India', 0, 13.00183868408203, 80.18056488037110, 'no', '0', 1, '', 'blue.png', '', 'GB', 'ASSAULT', '2018-5-2 18:14:32'),
(79, 2, 'Marvel Rivervier View County 7th Cross Street', '600125', 'Kanchipuram', 'India', 0, 13.00731563568115, 80.16541290283203, 'no', '0', 1, '', 'blue.png', '', 'GB', 'ASSAULT', '2018-5-2 19:12:1'),
(80, 2, 'Joseph 2nd Street Extn NSJ Homes', '600061', 'Chennai', 'India', 0, 12.98084640502930, 80.18167877197266, 'no', '0', 1, '', 'blue.png', '', 'GB', 'BURGLAR SHEDDING', '2018-5-2 19:44:17'),
(81, 2, 'Meenambakkam Airport Service Road', '600016', 'Kanchipuram', 'India', 0, 13.00401306152344, 80.16760253906250, 'no', '0', 1, '', 'blue.png', '', 'GB', 'BURGLAR SHEDDING', '2018-5-2 19:52:30'),
(82, 2, '6 Swati Appartments(Mouli)', '600061', 'Chennai', 'India', 0, 12.97127723693848, 80.18679809570312, 'no', '0', 1, 'B', 'blue.png', '', 'GB', 'ASSAULT', '2018-5-2 19:53:22'),
(83, 2, 'Sri Vidyanagar Street 7', '600061', 'Chennai', 'India', 0, 12.97228240966797, 80.18387603759766, 'no', '0', 1, '', 'blue.png', '', 'GB', 'BURGLAR SHEDDING', '2018-5-2 20:5:50'),
(84, 2, 'Lakshmi Nagar IV Stage Kriya Kailash Bhavan', '600061', 'St.Thomas Mount-cum-Pallavaram', 'India', 0, 12.97391128540039, 80.18572235107422, 'no', '0', 1, '', 'blue.png', '', 'GB', 'BURGLAR SHEDDING', '2018-5-2 20:15:58'),
(85, 2, '5th Street 4', '600061', 'Chennai', 'India', 0, 12.97315120697021, 80.18455505371094, 'no', '0', 1, '', 'blue.png', '', 'GB', 'ASSAULT', '2018-5-2 20:31:40'),
(86, 2, 'Iyyappa Nagar Creative Apartments', '600061', 'Chennai', 'India', 0, 12.97858715057373, 80.18486022949219, 'no', '0', 1, '', 'blue.png', '', 'GB', 'ASSAULT', '2018-5-2 20:41:44'),
(87, 2, 'New Colony New Colony 1st Street', '600114', 'Kanchipuram', 'India', 0, 12.98809337615967, 80.18999481201172, 'no', '0', 1, 'S', 'blue.png', '', 'GS', 'POSSIBLE ATTENTION TO BURGLARY', '2018-5-2 20:42:37'),
(88, 2, 'Thillaiganga Nagar 8/13', '600061', 'Chennai', 'India', 0, 12.98887443542480, 80.19374084472656, 'no', '0', 1, 'S', 'blue.png', '', 'GS', 'SUSPICIOUS BEHAVIOR FROM PEOPLE', '2018-5-2 21:9:10'),
(89, 2, 'TNGO Colony Extension 17/17', '600088', 'Chennai', 'India', 0, 12.99322509765625, 80.19665527343750, 'no', '0', 1, '', 'blue.png', '', 'GS', 'SUSPICIOUS BEHAVIOR FROM PEOPLE', '2018-5-2 21:15:42'),
(90, 2, 'Sabapathi Street 19', '600091', 'Chennai', 'India', 0, 12.97743511199951, 80.19711303710938, 'no', '0', 1, '', 'blue.png', '', 'GB', 'PICKPOCKET', '2018-5-2 22:44:9'),
(91, 2, 'Sarvamangala Colony 16/25', '600083', 'Chennai', 'India', 0, 13.03835868835449, 80.21413421630860, 'no', '0', 1, 'S', 'blue.png', '', 'GS', 'SUSPICIOUS PERSON', '2018-5-2 22:57:9'),
(92, 2, '4th Cross Street 1', '600091', 'Chennai', 'India', 0, 12.97028446197510, 80.18669891357422, 'no', '0', 1, '', 'blue.png', '', 'GB', 'BURGLAR SHEDDING', '2018-5-2 23:4:10'),
(93, 2, 'Kumaran Street 431-590', '600091', 'Chennai', 'India', 0, 12.96616840362549, 80.19781494140625, 'no', '0', 1, '', 'blue.png', '', 'GB', 'PICKPOCKET', '2018-5-3 0:9:25'),
(94, 2, 'Karthikeya Puram 3rd Street 456', '600091', 'Chennai', 'India', 0, 12.96334171295166, 80.19485473632812, 'no', '0', 1, '', 'blue.png', '', 'GB', 'BURGLARIES IN HOUSE', '2018-5-3 0:10:22'),
(95, 2, '3rd Cross Street 12', '600061', 'Chennai', 'India', 0, 12.97007465362549, 80.18901824951172, 'no', '0', 1, '', 'blue.png', '', 'GB', 'PICKPOCKET', '2018-5-3 0:45:10'),
(96, 2, 'Alwar Nagar 6th Street', '600061', 'Kanchipuram', 'India', 0, 12.97716712951660, 80.19107818603516, 'no', '0', 1, '', 'blue.png', '', 'GS', 'POSSIBLE ATTENTION TO BURGLARY', '2018-5-3 0:45:57'),
(97, 2, 'Defence Colony Madippakkam Main Road', '600091', 'Kanchipuram', 'India', 0, 12.96831893920898, 80.19249725341797, 'no', '0', 1, '', 'blue.png', '', 'GB', 'ASSAULT', '2018-5-3 0:49:54'),
(98, 2, 'Lakshmi Nagar 3rd Cross Street Salma', '600061', 'St.Thomas Mount-cum-Pallavaram', 'India', 0, 12.97229194641113, 80.18932342529297, 'no', '0', 1, '', 'blue.png', '', 'GB', 'PICKPOCKET', '2018-5-3 9:3:49'),
(99, 2, 'Muvarasanpattu 2/183', '600091', 'Kanchipuram', 'India', 0, 12.96873664855957, 80.18777465820312, 'no', '0', 1, '', 'blue.png', '', 'GB', 'ASSAULT', '2018-5-3 9:4:40'),
(100, 2, 'Ram Nagar 35/2', '600061', 'Chennai', 'India', 0, 12.98563194274902, 80.19565582275390, 'no', '0', 1, '', 'blue.png', '', 'GS', 'POSSIBLE ATTENTION TO BURGLARY', '2018-5-3 9:9:36'),
(101, 2, 'National Airports Authority MGR Nagar Road', '600114', 'Chennai', 'India', 0, 12.98952102661133, 80.18308258056640, 'no', '0', 1, '', 'blue.png', '', 'GB', 'ASSAULT', '2018-5-3 9:11:24'),
(102, 2, 'National Airports Authority MGR Nagar Road', '600114', 'Chennai', 'India', 0, 12.98952102661133, 80.18308258056640, 'no', '0', 1, '', 'blue.png', '', 'GB', 'ASSAULT', '2018-5-3 9:13:48'),
(103, 2, '3rd Main Road 18/14', '600061', 'Chennai', 'India', 0, 12.97086143493652, 80.18679809570312, 'no', '0', 1, '', 'blue.png', '', 'GB', 'ASSAULT', '2018-5-3 9:23:44'),
(104, 2, 'Lakshmi Nagar 5th Cross Street 12', '600061', 'Chennai', 'India', 0, 12.97332859039307, 80.18722534179688, 'no', '0', 1, '', 'blue.png', '', 'GS', 'SUSPICIOUS PERSON', '2018-5-3 9:24:49'),
(105, 2, 'Pongimandalam Street 20', '600061', 'Chennai', 'India', 0, 12.97304725646973, 80.18598175048828, 'no', '0', 1, '', 'blue.png', '', 'GS', 'POSSIBLE ATTENTION TO BURGLARY', '2018-5-3 10:10:11'),
(106, 2, 'KK Nagar 4th Street 4', '600061', 'Chennai', 'India', 0, 12.97491741180420, 80.18151855468750, 'no', '0', 1, '', 'blue.png', '', 'GB', 'ASSAULT', '2018-5-3 10:20:3'),
(107, 2, 'Pongimandalam Street 20', '600061', 'Chennai', 'India', 0, 12.97304725646973, 80.18598175048828, 'no', '0', 1, '', 'blue.png', '', 'GB', 'BURGLAR SHEDDING', '2018-5-3 10:21:29'),
(108, 2, 'Lakshmi Nagar 4th Cross Street 19', '600061', 'Chennai', 'India', 0, 12.97257614135742, 80.18876647949219, 'no', '0', 1, '', 'blue.png', '', 'GB', 'PICKPOCKET', '2018-5-3 10:48:20'),
(109, 2, 'Alwar Nagar 2nd Street 3', '600061', 'Chennai', 'India', 0, 12.97638130187988, 80.19061279296875, 'no', '0', 1, '', 'blue.png', '', 'GS', 'POSSIBLE ATTENTION TO BURGLARY', '2018-5-3 10:48:44'),
(110, 2, 'Ullagaram Kalidasan Street', '600091', 'Kanchipuram', 'India', 0, 12.97714233398438, 80.19672393798828, 'no', '0', 1, '', 'blue.png', '', 'GS', 'SUSPICIOUS BEHAVIOR FROM PEOPLE', '2018-5-3 10:51:6'),
(111, 2, '41st Street 14-A', '600088', 'Chennai', 'India', 0, 12.98793125152588, 80.19699859619140, 'no', '0', 1, '', 'blue.png', '', 'GB', 'ASSAULT', '2018-5-3 11:11:38'),
(112, 2, 'Balavinayagar Street 10', '600114', 'Chennai', 'India', 0, 12.98226833343506, 80.18077850341797, 'no', '0', 1, '', 'blue.png', '', 'GS', 'SUSPICIOUS PERSON', '2018-5-3 11:34:52'),
(113, 1, 'Puzhuthivakkam 29/438', '600091', 'Kanchipuram', 'India', 0, 12.97044086456299, 80.19068908691406, 'no', '0', 1, 'P', 'blue.png', '', 'GS', 'SUSPICIOUS CAR', '2018-5-3 14:58:46'),
(114, 2, 'B.V. Nagar 9th Street', '600027', 'Kanchipuram', 'India', 0, 12.98139095306396, 80.17879486083984, 'no', '0', 1, '', 'blue.png', '', 'GS', 'SUSPICIOUS PERSON', '2018-5-3 20:16:40'),
(115, 7, 'Moovarasanpet Amman Koil Street', '600043', 'Chennai', 'India', 0, 12.96671199798584, 80.18460083007812, 'no', '0', 1, 'P', 'blue.png', '', 'GS', 'SUSPICIOUS BEHAVIOR FROM PEOPLE', '2018-5-3 21:26:44'),
(116, 7, '3rd Main Road 18/14', '600061', 'Chennai', 'India', 0, 12.97072696685791, 80.18649291992188, 'no', '0', 1, 'B', 'blue.png', '', 'GB', 'BURGLAR SHEDDING', '2018-5-3 21:27:41'),
(117, 7, '3rd Main Road 18/14', '600061', 'Chennai', 'India', 0, 12.97072696685791, 80.18649291992188, 'no', '0', 1, 'P', 'blue.png', '', 'GB', 'Anyone here theft', '2018-5-3 21:29:54'),
(118, 7, 'College Road VS Complex', '600114', 'Kanchipuram', 'India', 0, 12.98653793334961, 80.18286132812500, 'no', '0', 1, 'P', 'blue.png', '', 'GB', 'Assaulted someone', '2018-5-3 21:31:1'),
(119, 7, 'Vignesh Nagar Nanmangalam Main Road', '600117', 'Chennai', 'India', 0, 12.94178581237793, 80.16761016845703, 'no', '0', 1, '', 'blue.png', '', 'GB', 'PICKPOCKET', '2018-5-3 21:36:49'),
(120, 7, 'Moovarasanpet Main Road 4/351', '600043', 'Chennai', 'India', 0, 12.96802520751953, 80.17444610595703, 'no', '0', 1, 'B', 'blue.png', '', 'GB', 'ASSAULT', '2018-5-3 21:39:15'),
(121, 6, 'Subham Nagar Mahaveer Salai', '600043', 'Kanchipuram', 'India', 0, 12.96480560302734, 80.17807769775390, 'no', '0', 1, 'P', 'blue.png', '', 'GB', 'ASSAULT', '2018-5-3 21:40:22'),
(122, 6, '3rd Main Road 2', '600117', 'Chennai', 'India', 0, 12.95016765594482, 80.17189788818360, 'no', '0', 1, 'B', 'blue.png', '', 'GB', 'ASSAULT', '2018-5-3 21:41:7'),
(123, 6, 'Apparao Colony Madhavan Street', '600047', 'Kanchipuram', 'India', 0, 12.94162940979004, 80.13351440429688, 'no', '0', 1, 'P', 'blue.png', '', 'GB', 'BURGLAR SHEDDING', '2018-5-3 21:41:57'),
(124, 7, 'Nehru Nagar 60 Feet Road', '600071', 'Tiruvallur', 'India', 0, 13.11462402343750, 80.10377502441406, 'no', '0', 1, 'P', 'blue.png', '', 'GB', 'PICKPOCKET', '2018-5-3 21:42:44'),
(125, 6, 'Chidambaram Street 41A', '600044', 'Chennai', 'India', 0, 12.94840335845947, 80.14970397949219, 'no', '0', 1, '', 'blue.png', '', 'GS', 'SUSPICIOUS PERSON', '2018-5-3 21:45:5'),
(126, 7, 'II Main Road Kadhirkamam Apartments', '600061', 'Chennai', 'India', 0, 12.97419738769531, 80.19052124023438, 'no', '0', 1, 'B', 'blue.png', '', 'GB', 'BURGLAR SHEDDING', '2018-5-3 21:45:27'),
(127, 7, 'Meenambakkam Airport Service Road', '600016', 'Kanchipuram', 'India', 0, 12.99786663055420, 80.17927551269531, 'no', '0', 1, 'B', 'blue.png', '', 'GB', 'BURGLAR BURGLARY', '2018-5-3 21:45:55'),
(128, 7, 'Somasundaram Avenue 3-10', '600116', 'Tiruvallur', 'India', 0, 13.03073215484619, 80.16348266601562, 'no', '0', 1, '', 'blue.png', '', 'GS', 'SUSPICIOUS BEHAVIOR FROM PEOPLE', '2018-5-3 21:47:24'),
(129, 7, 'Lakshmi Nagar 4', '600116', 'Tiruvallur', 'India', 0, 13.03487110137939, 80.16176605224610, 'no', '0', 1, 'B', 'blue.png', '', 'GB', 'BURGLAR BURGLARY', '2018-5-3 21:47:45'),
(130, 7, 'Othavada Rock Lotus Pond Apartment', '600125', 'Chennai', 'India', 0, 13.01902484893799, 80.15837860107422, 'no', '0', 1, 'B', 'blue.png', '', 'GB', 'BURGLARIES IN HOUSE', '2018-5-3 21:48:22'),
(131, 7, 'VGN Lakshmi Nagar Kumaraswamy Road', '600125', 'Kanchipuram', 'India', 0, 13.01606178283691, 80.15818023681640, 'no', '0', 1, 'B', 'blue.png', '', 'GB', 'BURGLAR SHEDDING', '2018-5-3 21:49:35'),
(132, 6, 'Ullagaram Puludivakkam Main Road 13', '600091', 'Chennai', 'India', 0, 12.97770977020264, 80.19609832763672, 'no', '0', 1, 'B', 'red.png', '', 'GB', 'ASSAULT', '2018-5-3 22:0:15'),
(133, 6, 'Ex Servicemen Colony 1st Main Road', '600042', 'Chennai', 'India', 0, 12.99290466308594, 80.20877838134766, 'no', '0', 1, '', '', '', 'GB', 'PICKPOCKET', '2018-5-3 22:4:57'),
(134, 2, 'Murugappa Nagar 23', '600091', 'Chennai', 'India', 0, 12.97249984741211, 80.19698333740234, 'no', '0', 1, '', 'blue.png', '', 'GB', 'BURGLAR BURGLARY', '2018-5-3 22:42:2'),
(135, 2, 'Jayalakshmi Nagar 1/1', '600091', 'Chennai', 'India', 0, 12.97250080108643, 80.20253753662110, 'no', '0', 1, '', 'blue.png', '', 'GB', 'BURGLAR BURGLARY', '2018-5-3 22:58:40'),
(136, 2, '1st Main Road RITHAM', '600042', 'Chennai', 'India', 0, 12.97965145111084, 80.20932006835938, 'no', '0', 1, '', 'blue.png', '', 'GS', 'SUSPICIOUS PERSON', '2018-5-3 22:58:59'),
(137, 7, 'College Road VS Complex', '600114', 'Kanchipuram', 'India', 0, 12.98653793334961, 80.18286132812500, 'no', '0', 1, 'B', 'blue.png', '', 'GB', 'BURGLAR SHEDDING', '2018-5-3 23:1:43'),
(138, 7, 'Pedestrian Overpass Binny Company', '600027', 'Kanchipuram', 'India', 0, 12.98453044891357, 80.17522430419922, 'no', '0', 1, '', 'blue.png', '', 'GS', 'SUSPICIOUS BEHAVIOR FROM PEOPLE', '2018-5-3 23:2:42'),
(139, 6, 'Seven Wells 5/9A', '600089', 'Tiruvallur', 'India', 0, 13.01049423217773, 80.19300842285156, 'no', '0', 1, '', '', '', 'GS', 'SUSPICIOUS PERSON', '2018-5-3 23:35:58'),
(140, 8, 'Gammelmosevej 261', '2800', 'Kongens Lyngby', 'Denmark', 0, 55.75607681274414, 12.47462654113770, 'no', '0', 1, 'B', 'blue.png', '', 'GB', 'PICKPOCKET', '2018-5-4 7:53:21'),
(141, 8, 'Gammelmosevej 261', '2800', 'Kongens Lyngby', 'Denmark', 0, 55.75607681274414, 12.47462654113770, 'no', '0', 1, 'S', 'blue.png', '', 'GS', 'POSSIBLE ATTENTION TO BURGLARY', '2018-5-4 7:53:29'),
(142, 8, 'StengÃ¥rdsvÃ¦nge 23', '2800', 'Kongens Lyngby', 'Denmark', 0, 55.75849151611328, 12.47750186920166, 'no', '0', 1, 'S', 'blue.png', '', 'GS', 'POSSIBLE ATTENTION TO BURGLARY', '2018-5-4 7:53:38'),
(143, 8, 'StengÃ¥rdsvÃ¦nge 23', '2800', 'Kongens Lyngby', 'Denmark', 0, 55.75849151611328, 12.47750186920166, 'no', '0', 1, 'B', 'blue.png', '', 'GB', 'PICKPOCKET', '2018-5-4 7:53:45'),
(144, 8, 'BirkhÃ¸jvej 7', '2800', 'Kongens Lyngby', 'Denmark', 0, 55.76187515258789, 12.48320579528809, 'no', '0', 1, 'B', 'blue.png', '', 'GB', 'PICKPOCKET', '2018-5-4 7:54:8'),
(145, 8, 'BirkhÃ¸jvej 7', '2800', 'Kongens Lyngby', 'Denmark', 0, 55.76187515258789, 12.48320579528809, 'no', '0', 1, '', 'blue.png', '', 'GS', 'SUSPICIOUS PERSON', '2018-5-4 7:54:17'),
(146, 8, 'BirkhÃ¸jvej 5', '2800', 'Kongens Lyngby', 'Denmark', 0, 55.76185989379883, 12.48325157165527, 'no', '0', 1, 'B', 'blue.png', '', 'GB', 'BURGLARIES IN HOUSE', '2018-5-4 7:54:51'),
(147, 7, 'Meenambakkam Chennai - Nagapattinam Highway', '600016', 'Kanchipuram', 'India', 0, 12.98155689239502, 80.16657257080078, 'no', '0', 1, '', 'blue.png', '', 'GB', 'BURGLAR BURGLARY', '2018-5-4 12:40:28'),
(148, 1, 'Krishna Nagar Main Street 4', '600091', 'Chennai', 'India', 0, 12.95478916168213, 80.19024658203125, 'no', '0', 1, '', 'blue.png', '', 'GS', 'SUSPICIOUS PERSON', '2018-5-4 13:8:4'),
(149, 2, 'NCBS Colony 19/12', '600061', 'Chennai', 'India', 0, 12.98508262634277, 80.19063568115234, 'no', '0', 1, '', 'blue.png', '', 'GB', 'BURGLAR SHEDDING', '2018-5-4 13:37:6'),
(150, 8, 'Birkholmsvej 33', '2800', 'Kongens Lyngby', 'Denmark', 0, 55.76856231689453, 12.51237201690674, 'no', '0', 1, 'B', 'blue.png', '', 'GB', 'PICKPOCKET', '2018-5-4 10:7:8'),
(151, 8, 'Birkholmsvej 33', '2800', 'Kongens Lyngby', 'Denmark', 0, 55.76856231689453, 12.51237201690674, 'no', '0', 1, 'S', 'blue.png', '', 'GS', 'POSSIBLE ATTENTION TO BURGLARY', '2018-5-4 10:7:17'),
(152, 2, '27th Street Radhanand apartment', '600114', 'Chennai', 'India', 0, 12.98370265960693, 80.18934631347656, 'no', '0', 1, '', 'blue.png', '', 'GB', 'ASSAULT', '2018-5-4 13:42:31'),
(153, 2, '4th Main Road 19/27', '600061', 'Chennai', 'India', 0, 12.98340988159180, 80.18818664550781, 'no', '0', 1, '', 'blue.png', '', 'GB', 'ASSAULT', '2018-5-4 13:45:54'),
(154, 2, 'Macmillan Colony 17/20', '600061', 'Chennai', 'India', 0, 12.98240661621094, 80.19003295898438, 'no', '0', 1, '', 'blue.png', '', 'GB', 'ASSAULT', '2018-5-4 13:46:56'),
(155, 2, 'Macmillan Colony 20/9', '600061', 'Chennai', 'India', 0, 12.98286628723145, 80.18990325927734, 'no', '0', 1, '', 'blue.png', '', 'GB', 'BURGLAR SHEDDING', '2018-5-4 13:50:54'),
(156, 2, '8 Bhavithra Apartments', '600061', 'Chennai', 'India', 0, 12.98357677459717, 80.18926239013672, 'no', '0', 1, '', 'blue.png', '', 'GB', 'PICKPOCKET', '2018-5-4 13:59:41'),
(157, 2, '27th Street Radhanand apartment', '600114', 'Chennai', 'India', 0, 12.98507404327393, 80.18951416015625, 'no', '0', 1, 'B', 'blue.png', '', 'GB', 'BURGLAR SHEDDING', '2018-5-4 15:36:48'),
(158, 4, 'Arunachalam Nagar Lake View Road', '600091', 'Kanchipuram', 'India', 0, 12.95929527282715, 80.19050598144531, 'no', '0', 1, '', 'blue.png', '', 'GS', 'SUSPICIOUS CAR', '2018-5-4 21:1:25'),
(159, 4, 'Arunachalam Nagar Lake View Road', '600091', 'Kanchipuram', 'India', 0, 12.95929527282715, 80.19050598144531, 'no', '0', 1, '', 'blue.png', '', 'GS', 'SUSPICIOUS BEHAVIOR FROM PEOPLE', '2018-5-4 21:5:17'),
(160, 4, 'Krishna Nagar Emerald Street', '600091', 'Chennai', 'India', 0, 12.95540618896484, 80.19179534912110, 'no', '0', 1, '', 'blue.png', '', 'GS', 'SUSPICIOUS PERSON', '2018-5-4 21:7:24'),
(161, 4, '11 Sree Sai Krishna Apartment', '600117', 'Chennai', 'India', 0, 12.95193481445312, 80.19136810302734, 'no', '0', 1, '', 'blue.png', '', 'GS', 'SUSPICIOUS CAR', '2018-5-4 21:12:25'),
(162, 4, 'SRVS Colony 3/2', '600117', 'Chennai', 'India', 0, 12.95586585998535, 80.18994903564453, 'no', '0', 1, '', 'blue.png', '', 'GS', 'SUSPICIOUS PERSON', '2018-5-4 21:23:7'),
(163, 4, 'Kasi Visalakshipuram Thanigai Street', '600091', 'Kanchipuram', 'India', 0, 12.95364952087402, 80.19016265869140, 'no', '0', 1, '', 'blue.png', '', 'GB', 'ASSAULT', '2018-5-4 21:26:7'),
(164, 4, 'Medavakkam Main Road 29e/3', '600117', 'Chennai', 'India', 0, 12.95599174499512, 80.18702697753906, 'no', '0', 1, '', 'blue.png', '', 'GB', 'BURGLAR BURGLARY', '2018-5-4 21:31:14'),
(165, 4, 'Medavakkam Main Road 29e/3', '600117', 'Chennai', 'India', 0, 12.95599174499512, 80.18702697753906, 'no', '0', 1, '', 'blue.png', '', 'GB', 'ASSAULT', '2018-5-4 21:36:2'),
(166, 4, 'Medavakkam Main Road 29e/3', '600117', 'Chennai', 'India', 0, 12.95599174499512, 80.18702697753906, 'no', '0', 1, '', 'blue.png', '', 'GB', 'BURGLAR BURGLARY', '2018-5-4 21:37:24'),
(167, 4, 'Raja Rajeswari Nagar 2nd Main Road', '600091', 'Chennai', 'India', 0, 12.95857524871826, 80.19743347167969, 'no', '0', 1, 'S', 'blue.png', '', 'GS', 'SUSPICIOUS BEHAVIOR FROM PEOPLE', '2018-5-4 22:34:47'),
(168, 2, 'Manikandan Street 8', '600091', 'Chennai', 'India', 0, 12.96473884582520, 80.18840026855469, 'no', '0', 1, '', 'blue.png', '', 'GS', 'SUSPICIOUS CAR', '2018-5-5 21:47:9'),
(169, 7, 'Chromepet Road 1/300A', '600117', 'Chennai', 'India', 0, 12.93889522552490, 80.17245483398438, 'no', '0', 1, '', 'blue.png', '', 'GS', 'SUSPICIOUS CAR', '2018-5-5 22:34:56'),
(170, 7, 'Nanmangalam M.R. Nagar Road', '600117', 'Kanchipuram', 'India', 0, 12.93841934204102, 80.17295074462890, 'no', '0', 1, 'B', 'blue.png', '', 'GB', 'BURGLAR BURGLARY', '2018-5-5 22:35:29'),
(171, 8, 'Herredsvej 27', '2820', 'Gentofte', 'Denmark', 0, 55.75101852416992, 12.50704383850098, 'no', '0', 1, 'B', 'blue.png', '', 'GB', 'PICKPOCKET', '2018-5-5 19:19:56'),
(172, 8, 'Vesterbyvej 18', '2820', 'Gentofte', 'Denmark', 0, 55.75101852416992, 12.51597023010254, 'no', '0', 1, 'S', 'blue.png', '', 'GS', 'POSSIBLE ATTENTION TO BURGLARY', '2018-5-5 19:20:6'),
(173, 2, 'Karthikeya Puram 9th Street 1/846B', '600091', 'Chennai', 'India', 0, 12.96152877807617, 80.19449615478516, 'no', '0', 1, 'P', 'blue.png', '', 'GS', 'SUSPICIOUS CAR', '2018-5-7 19:35:34'),
(174, 4, 'Kamarajar Street 11', '600091', 'Chennai', 'India', 0, 12.96756172180176, 80.19142913818360, 'no', '0', 1, 'NS', 'blue.png', '', 'GS', 'SUSPICIOUS CAR', '2018-5-7 20:41:9'),
(175, 2, '3rd Cross Street 1', '600061', 'Chennai', 'India', 0, 12.97376060485840, 80.18892669677734, 'no', '0', 1, 'B', 'blue.png', '', 'GB', 'ASSAULT', '2018-5-7 20:44:39'),
(176, 2, 'Subham Nagar Krishna Nagar-Subam Nagar Link Road', '600043', 'Kanchipuram', 'India', 0, 12.96074008941650, 80.17981719970703, 'no', '0', 1, 'B', 'blue.png', '', 'GB', 'ASSAULT', '2018-5-7 21:0:41'),
(177, 2, 'Union Carbide Colony Ras Street', '600043', 'Kanchipuram', 'India', 0, 12.96391868591309, 80.17303466796875, 'no', '0', 1, 'B', 'blue.png', '', 'GB', 'ASSAULT', '2018-5-7 21:7:58'),
(178, 2, '2nd Cross Street 7', '600027', 'Chennai', 'India', 0, 12.97771930694580, 80.17964172363281, 'no', '0', 1, 'B', 'blue.png', '', 'GB', 'PICKPOCKET', '2018-5-7 21:8:41'),
(179, 7, 'Nanmangalam 4th Street', '600117', 'Kanchipuram', 'India', 0, 12.94025230407715, 80.17269134521484, 'no', '0', 1, 'SS', 'blue.png', '', 'GS', 'SUSPICIOUS BEHAVIOR FROM PEOPLE', '2018-5-7 22:49:33'),
(180, 7, 'B.V. Nagara 3rd Main Road 9', '600027', 'Chennai', 'India', 0, 12.96961784362793, 80.18129730224610, 'no', '0', 1, 'S', 'blue.png', '', 'GS', 'SUSPICIOUS PERSON', '2018-5-8 12:46:5'),
(181, 7, 'Moovarasanpet Main Road 4/351', '600043', 'Chennai', 'India', 0, 12.97229480743408, 80.17331695556640, 'no', '0', 1, 'B', 'blue.png', '', 'GB', 'BURGLAR BURGLARY', '2018-5-8 12:46:32'),
(182, 1, 'Okkiayam 2nd Main Road', '600088', 'Chennai', 'India', 0, 12.98706626892090, 80.20944976806640, 'no', '0', 1, 'S', 'blue.png', '', 'GS', 'SUSPICIOUS CAR', '2018-5-8 13:47:55'),
(183, 7, 'Puzhuthivakkam Thangavelu Street', '600091', 'Kanchipuram', 'India', 0, 12.97200775146484, 80.19277191162110, 'no', '0', 1, 'S', 'blue.png', '', 'GS', 'SUSPICIOUS BEHAVIOR FROM PEOPLE', '2018-5-8 14:45:45'),
(184, 7, 'TNGO Colony 6th Main Road', '600061', 'Kanchipuram', 'India', 0, 12.98069572448730, 80.18694305419922, 'no', '0', 1, 'P', 'blue.png', '', 'GS', 'SUSPICIOUS BEHAVIOR FROM PEOPLE', '2018-5-8 14:46:31'),
(185, 7, 'Lakshmi Nagar 3rd Cross Street 3', '600061', 'Chennai', 'India', 0, 12.97250938415527, 80.18698120117188, 'no', '0', 1, 'B', 'blue.png', '', 'GB', 'Test burglary', '2018-5-8 18:8:25'),
(186, 8, 'BirkhÃ¸jvej 11', '2800', 'Kongens Lyngby', 'Denmark', 0, 55.76183700561523, 12.48217010498047, 'no', '0', 1, 'B', 'blue.png', '', 'GB', 'PICKPOCKET', '2018-5-8 15:1:0'),
(187, 8, 'Birkedal 15', '2800', 'Kongens Lyngby', 'Denmark', 0, 55.76159667968750, 12.48215866088867, 'no', '0', 1, 'P', 'blue.png', '', 'GS', 'POSSIBLE ATTENTION TO BURGLARY', '2018-5-8 15:1:9'),
(188, 8, 'Birkedal 15', '2800', 'Kongens Lyngby', 'Denmark', 0, 55.76139068603516, 12.48215866088867, 'no', '0', 1, 'B', 'blue.png', '', 'GB', 'PICKPOCKET', '2018-5-8 15:1:18'),
(189, 8, 'PilehÃ¸jvej 14', '2800', 'Kongens Lyngby', 'Denmark', 0, 55.76120758056641, 12.48214817047119, 'no', '0', 1, 'P', 'blue.png', '', 'GS', 'SUSPICIOUS CAR', '2018-5-8 15:1:39'),
(190, 8, 'PilehÃ¸jvej 14', '2800', 'Kongens Lyngby', 'Denmark', 0, 55.76099777221680, 12.48219108581543, 'no', '0', 1, 'B', 'blue.png', '', 'GB', 'ASSAULT', '2018-5-8 15:1:50'),
(191, 8, 'PilehÃ¸jvej 11', '2800', 'Kongens Lyngby', 'Denmark', 0, 55.76076126098633, 12.48221302032471, 'no', '0', 1, 'P', 'blue.png', '', 'GS', 'POSSIBLE ATTENTION TO BURGLARY', '2018-5-8 15:2:0'),
(192, 8, 'StengÃ¥rds Alle 38D', '2800', 'Kongens Lyngby', 'Denmark', 0, 55.76052093505859, 12.48223400115967, 'no', '0', 1, 'B', 'blue.png', '', 'GB', 'ASSAULT', '2018-5-8 15:2:9'),
(193, 8, 'StengÃ¥rds Alle 38B', '2800', 'Kongens Lyngby', 'Denmark', 0, 55.76032638549805, 12.48225593566895, 'no', '0', 1, 'P', 'blue.png', '', 'GS', 'POSSIBLE ATTENTION TO BURGLARY', '2018-5-8 15:2:19'),
(194, 8, 'Gedvad 8', '2800', 'Kongens Lyngby', 'Denmark', 0, 55.76011657714844, 12.48229885101318, 'no', '0', 1, 'B', 'blue.png', '', 'GB', 'ASSAULT', '2018-5-8 15:2:31'),
(195, 8, 'Gedvad 9', '2800', 'Kongens Lyngby', 'Denmark', 0, 55.75993347167969, 12.48230934143066, 'no', '0', 1, 'S', 'blue.png', '', 'GS', 'SUSPICIOUS CAR', '2018-5-8 15:2:41'),
(196, 8, 'StengÃ¥rdsvÃ¦nge 109', '2800', 'Kongens Lyngby', 'Denmark', 0, 55.75973129272461, 12.48235225677490, 'no', '0', 1, 'B', 'blue.png', '', 'GB', 'PICKPOCKET', '2018-5-8 15:2:54'),
(197, 8, 'StengÃ¥rdsvÃ¦nge 109', '2800', 'Kongens Lyngby', 'Denmark', 0, 55.75948715209961, 12.48240566253662, 'no', '0', 1, 'P', 'blue.png', '', 'GS', 'SUSPICIOUS PERSON', '2018-5-8 15:3:4'),
(198, 7, 'Eswaran Koil Street 1', '600061', 'Chennai', 'India', 0, 12.97158908843994, 80.18452453613281, 'no', '0', 1, 'B', 'blue.png', '', 'GB', 'ASSAULT', '2018-5-8 18:37:15'),
(199, 7, 'Kannan Nagar 3rd Street 17', '600061', 'Chennai', 'India', 0, 12.97103500366211, 80.18431091308594, 'no', '0', 1, 'S', 'blue.png', '', 'GS', 'POSSIBLE ATTENTION TO BURGLARY', '2018-5-8 18:37:30'),
(200, 7, 'M.G.R. Road 97', '600061', 'Chennai', 'India', 0, 12.97033500671387, 80.18267059326172, 'no', '0', 1, 'B', 'blue.png', '', 'GB', 'BURGLAR SHEDDING', '2018-5-8 18:39:52'),
(201, 7, 'Uzhalipali Nagar B.V. Nagara 3rd Main Road', '600027', 'Chennai', 'India', 0, 12.96822261810303, 80.18199157714844, 'no', '0', 1, 'S', 'blue.png', '', 'GS', 'POSSIBLE ATTENTION TO BURGLARY', '2018-5-8 18:40:19'),
(202, 7, 'B.V. Nagar B.V. Nagara 3rd Main Road', '600027', 'Chennai', 'India', 0, 12.96891307830811, 80.18190765380860, 'no', '0', 1, 'S', 'blue.png', '', 'GS', 'SUSPICIOUS BEHAVIOR FROM PEOPLE', '2018-5-8 18:40:35'),
(203, 7, 'B.V. Nagara 3rd Main Road 9', '600027', 'Chennai', 'India', 0, 12.96924781799316, 80.18193054199219, 'no', '0', 1, 'S', 'blue.png', '', 'GS', 'SUSPICIOUS BEHAVIOR FROM PEOPLE', '2018-5-8 18:48:13'),
(204, 7, 'B.V. Nagara 3rd Main Road 9', '600027', 'Chennai', 'India', 0, 12.97014713287354, 80.18182373046875, 'no', '0', 1, 'S', 'blue.png', '', 'GS', 'POSSIBLE ATTENTION TO BURGLARY', '2018-5-8 18:48:38'),
(205, 1, 'Labbai Street 4/A', '600016', 'Tiruvallur', 'India', 0, 12.99904346466064, 80.20268249511719, 'no', '0', 1, 'S', 'blue.png', '', 'GS', 'SUSPICIOUS BEHAVIOR FROM PEOPLE', '2018-5-8 20:25:11'),
(206, 1, 'Medavakkam Main Road Aashirvad Apartment', '600091', 'St.Thomas Mount-cum-Pallavaram', 'India', 0, 12.97065830230713, 80.19078826904297, 'no', '0', 1, 'S', 'yellow.png', '', 'GS', 'POSSIBLE ATTENTION TO BURGLARY', '2018-5-8 20:59:18'),
(207, 7, 'Subramanian Nagar 3/272', '600091', 'Kanchipuram', 'India', 0, 12.96595573425293, 80.18689727783203, 'no', '0', 1, 'S', 'blue.png', '', 'GS', 'SUSPICIOUS BEHAVIOR FROM PEOPLE', '2018-5-8 21:18:10'),
(208, 7, '3rd Main Road 2/121', '600091', 'Chennai', 'India', 0, 12.96701145172119, 80.18710327148438, 'no', '0', 1, 'S', 'blue.png', '', 'GS', 'POSSIBLE ATTENTION TO BURGLARY', '2018-5-8 21:18:27'),
(209, 1, 'Annai Indira Nagar Pillayar Koil Street', '600042', 'Chennai', 'India', 0, 12.97505187988281, 80.22831726074219, 'no', '0', 1, 'S', 'yellow.png', '', 'GS', 'SUSPICIOUS PERSON', '2018-5-8 22:11:43'),
(210, 7, '5th Street 3/94', '600091', 'Chennai', 'India', 0, 12.96595954895020, 80.18700408935547, 'no', '0', 1, 'S', 'blue.png', '', 'GS', 'SUSPICIOUS PERSON', '2018-5-9 11:58:32'),
(211, 7, '3rd Main Road 2/138A', '600091', 'Chennai', 'India', 0, 12.96732902526855, 80.18720245361328, 'no', '0', 1, 'P', 'blue.png', '', 'GS', 'POSSIBLE ATTENTION TO BURGLARY', '2018-5-9 11:58:50'),
(212, 7, '5th Street 3/92', '600091', 'Chennai', 'India', 0, 12.96576118469238, 80.18746185302734, 'no', '0', 1, 'B', 'blue.png', '', 'GB', 'BURGLAR BURGLARY', '2018-5-9 12:0:14'),
(213, 7, '3rd Main Road 3/286', '600091', 'Chennai', 'India', 0, 12.96497631072998, 80.18668365478516, 'no', '0', 1, 'B', 'blue.png', '', 'GB', 'ASSAULT', '2018-5-9 12:1:26'),
(214, 8, 'Birgitsvej 9A', '2880', 'BagsvÃ¦rd', 'Denmark', 0, 55.76456832885742, 12.46856498718262, 'no', '0', 1, 'B', 'blue.png', '', 'GB', 'BURGLAR BURGLARY', '2018-5-9 9:41:36'),
(215, 8, 'Bondehavevej 115', '2880', 'BagsvÃ¦rd', 'Denmark', 0, 55.76138305664062, 12.46907997131348, 'no', '0', 1, 'P', 'blue.png', '', 'GS', 'SUSPICIOUS CAR', '2018-5-9 9:41:45'),
(216, 8, 'HanehÃ¸j 31', '2880', 'BagsvÃ¦rd', 'Denmark', 0, 55.75848388671875, 12.46907997131348, 'no', '0', 1, 'B', 'blue.png', '', 'GB', 'PICKPOCKET', '2018-5-9 9:42:20'),
(217, 8, 'MÃ¸llemarken 55C', '2880', 'BagsvÃ¦rd', 'Denmark', 0, 55.75558853149414, 12.46942329406738, 'no', '0', 1, 'P', 'blue.png', '', 'GS', 'Ffjxbv', '2018-5-9 9:42:53'),
(218, 8, 'Birkedal 11', '2800', 'Kongens Lyngby', 'Denmark', 0, 55.76150131225586, 12.48279190063477, 'no', '0', 1, 'B', 'blue.png', '', 'GB', 'ASSAULT', '2018-5-9 22:40:10'),
(219, 8, 'Birkedal 11', '2800', 'Kongens Lyngby', 'Denmark', 0, 55.76130294799805, 12.48279190063477, 'no', '0', 1, 'P', 'blue.png', '', 'GS', 'POSSIBLE ATTENTION TO BURGLARY', '2018-5-9 22:40:18'),
(220, 8, 'PilehÃ¸jvej 10', '2800', 'Kongens Lyngby', 'Denmark', 0, 55.76121139526367, 12.48280239105225, 'no', '0', 1, 'B', 'blue.png', '', 'GB', 'PICKPOCKET', '2018-5-9 22:40:41'),
(221, 8, 'PilehÃ¸jvej 10', '2800', 'Kongens Lyngby', 'Denmark', 0, 55.76101684570312, 12.48281288146973, 'no', '0', 1, 'P', 'blue.png', '', 'GS', 'POSSIBLE ATTENTION TO BURGLARY', '2018-5-9 22:40:48'),
(222, 8, 'PilehÃ¸jvej 9', '2800', 'Kongens Lyngby', 'Denmark', 0, 55.76083755493164, 12.48283481597900, 'no', '0', 1, 'B', 'blue.png', '', 'GB', 'PICKPOCKET', '2018-5-9 22:40:55'),
(223, 9, 'Lyngbyvej 343A', '2820', 'Gentofte', 'Danmark', 0, 55.78509521484375, 12.16983890533447, 'no', '4522232415', 0, '', 'blue.png', '', '', 'BURGLARIES IN HOUSE', '2018-7-28 12:20:29'),
(224, 2, 'Balammal Nagar Medavakkam Main Road', '600091', 'Chennai', 'India', 0, 12.97569465637207, 80.19271850585938, 'no', '0', 1, 'S', 'blue.png', '', 'GS', 'SUSPICIOUS CAR', '2018-5-10 12:42:53'),
(225, 2, 'Narmada Nagar Medavakkam Main Road', '600061', 'Kanchipuram', 'India', 0, 12.97613334655762, 80.19306945800781, 'no', '0', 1, 'S', 'blue.png', '', 'GS', 'SUSPICIOUS PERSON', '2018-5-10 12:43:10'),
(226, 2, 'Narmada Nagar Medavakkam Main Road', '600091', 'Kanchipuram', 'India', 0, 12.97667694091797, 80.19343566894531, 'no', '0', 1, 'S', 'blue.png', '', 'GS', 'SUSPICIOUS BEHAVIOR FROM PEOPLE', '2018-5-10 12:43:31'),
(227, 2, 'Medavakkam Main Road 123', '600061', 'Chennai', 'India', 0, 12.97724151611328, 80.19374084472656, 'no', '0', 1, 'S', 'blue.png', '', 'GS', 'POSSIBLE ATTENTION TO BURGLARY', '2018-5-10 12:44:4'),
(228, 2, 'Medavakkam Main Road 123', '600061', 'Chennai', 'India', 0, 12.97794246673584, 80.19398498535156, 'no', '0', 1, 'S', 'blue.png', '', 'GS', 'SUSPICIOUS PERSON', '2018-5-10 12:44:46'),
(229, 7, 'Medavakkam Main Road 123', '600061', 'Chennai', 'India', 0, 12.97811126708984, 80.19394683837890, 'no', '0', 1, 'B', 'red.png', '', 'GB', 'BURGLAR BURGLARY', '2018-5-10 12:46:23'),
(230, 7, 'Narmada Nagar 114', '600061', 'Kanchipuram', 'India', 0, 12.97542476654053, 80.19236755371094, 'no', '0', 1, 'S', 'yellow.png', '', 'GS', 'SUSPICIOUS PERSON', '2018-5-10 12:46:43'),
(231, 7, 'Medavakkam Main Road 35/6', '600091', 'Chennai', 'India', 0, 12.97363662719727, 80.19170379638672, 'no', '0', 1, 'S', 'yellow.png', '', 'GS', 'SUSPICIOUS BEHAVIOR FROM PEOPLE', '2018-5-10 12:50:47'),
(232, 8, 'HillerÃ¸d Trevej', '3400', 'HillerÃ¸d Municipality', 'Denmark', 0, 55.90909957885742, 12.35463428497314, 'no', '0', 1, 'S', 'yellow.png', '', 'GS', 'POSSIBLE ATTENTION TO BURGLARY', '2018-5-10 10:10:1'),
(233, 8, 'GrÃ¦stedgÃ¥rdsvej 3', '2990', 'NivÃ¥', 'Denmark', 0, 55.91964340209961, 12.49567413330078, 'no', '0', 1, 'B', 'red.png', '', 'GB', 'PICKPOCKET', '2018-5-10 10:12:15'),
(234, 1, 'New Street 10', '600091', 'Chennai', 'India', 0, 12.96517848968506, 80.18831634521484, 'no', '0', 1, 'S', 'yellow.png', '', 'GS', 'SUSPICIOUS CAR', '2018-5-10 13:53:48'),
(235, 1, 'Lake View 1st Street 1/1', '600091', 'Chennai', 'India', 0, 12.96485424041748, 80.18839263916016, 'no', '0', 1, 'S', 'yellow.png', '', 'GS', 'SUSPICIOUS PERSON', '2018-5-10 13:54:8'),
(236, 1, 'Manikandan Street 24', '600091', 'Chennai', 'India', 0, 12.96449851989746, 80.18833923339844, 'no', '0', 1, 'S', 'yellow.png', '', 'GS', 'POSSIBLE ATTENTION TO BURGLARY', '2018-5-10 13:54:27'),
(237, 1, 'Lake View 2nd Street 5/5', '600091', 'Chennai', 'India', 0, 12.96437358856201, 80.18830871582031, 'no', '0', 1, 'S', 'yellow.png', '', 'GS', 'SUSPICIOUS BEHAVIOR FROM PEOPLE', '2018-5-10 13:54:42'),
(238, 3, 'Ayyappan Koil Street, Sannidhi Street 9/33', '600091', 'Chennai', 'India', 0, 12.96547317504883, 80.18927001953125, 'no', '0', 1, 'S', 'yellow.png', '', 'GS', 'SUSPICIOUS CAR', '2018-5-10 14:10:16'),
(239, 7, 'M.G.R. Road 93/4', '600061', 'Chennai', 'India', 0, 12.97202587127686, 80.18293762207031, 'no', '0', 1, 'S', 'yellow.png', '', 'GS', 'SUSPICIOUS PERSON', '2018-5-10 14:13:52'),
(240, 7, 'M.G.R. Road 93/4', '600061', 'Chennai', 'India', 0, 12.97196865081787, 80.18292999267578, 'no', '0', 1, 'P', 'yellow-siren.png', '', 'GS', 'SUSPICIOUS BEHAVIOR FROM PEOPLE', '2018-5-10 14:14:17'),
(241, 7, 'M.G.R. Road 93/4', '600061', 'Chennai', 'India', 0, 12.97282028198242, 80.18310546875000, 'no', '0', 1, 'B', 'red.png', '', 'GB', 'BURGLAR SHEDDING', '2018-5-10 14:14:34'),
(242, 7, 'M.G.R. Road 93/4', '600061', 'Chennai', 'India', 0, 12.97243881225586, 80.18297576904297, 'no', '0', 1, 'S', 'yellow.png', '', 'GS', 'SUSPICIOUS BEHAVIOR FROM PEOPLE', '2018-5-10 14:15:7'),
(243, 7, 'M.G.R. Road 93/4', '600061', 'Chennai', 'India', 0, 12.97178077697754, 80.18274688720703, 'no', '0', 1, 'B', 'red.png', '', 'GB', 'BURGLAR BURGLARY', '2018-5-10 14:16:36'),
(244, 3, 'MMTC Colony 2nd Main Road 16-20', '600061', 'St.Thomas Mount-cum-Pallavaram', 'India', 0, 12.97053146362305, 80.18365478515625, 'no', '0', 1, 'P', 'yellow-siren.png', '', 'GS', 'SUSPICIOUS BEHAVIOR FROM PEOPLE', '2018-5-10 14:18:7'),
(245, 3, 'MMTC Colony 2nd Main Road 1', '600061', 'Chennai', 'India', 0, 12.97070884704590, 80.18290710449219, 'no', '0', 1, 'B', 'red.png', '', 'GB', 'BURGLAR BURGLARY', '2018-5-10 14:18:26'),
(246, 3, 'Kannan Nagar 3rd Street 14', '600061', 'Chennai', 'India', 0, 12.97087097167969, 80.18415069580078, 'no', '0', 1, 'B', 'red.png', '', 'GB', 'BURGLAR SHEDDING', '2018-5-10 14:19:17'),
(247, 3, 'KK Nagar 6th Street 12', '600061', 'Chennai', 'India', 0, 12.97458267211914, 80.18237304687500, 'no', '0', 1, 'B', 'red.png', '', 'GB', 'BURGLARIES IN HOUSE', '2018-5-10 14:22:42'),
(248, 3, 'Hindu Colony 21st Cross Street', '600061', 'Kanchipuram', 'India', 0, 12.97707080841064, 80.18166351318360, 'no', '0', 1, 'S', 'yellow.png', '', 'GS', 'SUSPICIOUS CAR', '2018-5-10 14:23:33'),
(249, 7, 'M.G.R. Road 93/4', '600061', 'Chennai', 'India', 0, 12.97251224517822, 80.18303680419922, 'no', '0', 1, 'S', 'yellow.png', '', 'GS', 'SUSPICIOUS BEHAVIOR FROM PEOPLE', '2018-5-10 14:27:43'),
(250, 7, 'M.G.R. Road 93/4', '600061', 'Chennai', 'India', 0, 12.97184276580811, 80.18287658691406, 'no', '0', 1, 'S', 'yellow.png', '', 'GS', 'SUSPICIOUS BEHAVIOR FROM PEOPLE', '2018-5-10 14:28:30'),
(251, 7, 'Gandhi Nagar Indira Gandhi Street', '600027', 'Chennai', 'India', 0, 12.97076606750488, 80.18261718750000, 'no', '0', 1, 'B', 'red.png', '', 'GB', 'BURGLAR SHEDDING', '2018-5-10 14:28:48'),
(252, 7, 'M.G.R. Road 97', '600061', 'Chennai', 'India', 0, 12.97018051147461, 80.18267059326172, 'no', '0', 1, 'S', 'yellow.png', '', 'GS', 'SUSPICIOUS BEHAVIOR FROM PEOPLE', '2018-5-10 14:29:54'),
(253, 3, 'Civil Aviation Colony 100 Feet Road', '600061', 'Kanchipuram', 'India', 0, 12.97564411163330, 80.19060516357422, 'no', '0', 1, 'S', 'yellow.png', '', 'GS', 'SUSPICIOUS CAR', '2018-5-14 12:28:15'),
(254, 3, 'Kannika Colony 1st Street', '600061', 'Kanchipuram', 'India', 0, 12.97648048400879, 80.18939208984375, 'no', '0', 1, 'B', 'red.png', '', 'GB', 'BURGLAR SHEDDING', '2018-5-14 12:28:34'),
(255, 3, '6th Street 78', '600061', 'Chennai', 'India', 0, 12.97786045074463, 80.18869781494140, 'no', '0', 1, 'P', 'yellow-siren.png', '', 'GS', 'SUSPICIOUS BEHAVIOR FROM PEOPLE', '2018-5-14 12:29:17'),
(256, 9, 'Frilands AllÃ© 14', '2500', 'KÃ¸benhavn', 'Danmark', 0, 55.66762542724609, 12.49479770660400, 'no', '0', 1, 'B', 'red.png', '', 'GB', 'BURGLARIES IN HOUSE', '2018-5-14 14:40:7'),
(257, 9, 'FrÃ¦ndevej 40', '2870', 'DyssegÃ¥rd', 'Danmark', 0, 55.73520660400391, 12.53103160858154, 'no', '0', 1, 'P', 'yellow-siren.png', '', 'GS', 'SUSPICIOUS CAR', '2018-5-14 14:44:0'),
(258, 9, 'Violvej 13', '2820', 'Gentofte', 'Danmark', 0, 55.74242782592773, 12.53983020782471, 'no', '0', 1, 'S', 'yellow.png', '', 'GS', 'SUSPICIOUS CAR', '2018-5-15 18:25:47'),
(259, 9, 'Ledreborg Alle 12', '2820', 'Gentofte', 'Danmark', 0, 55.74291229248047, 12.54386425018311, 'no', '0', 1, 'S', 'yellow.png', '', 'GS', 'SUSPICIOUS PERSON', '2018-5-15 18:26:2'),
(260, 9, 'BaunegÃ¥rdsvej 33', '2820', 'Gentofte', 'Danmark', 0, 55.74320220947266, 12.54746913909912, 'no', '0', 1, 'S', 'yellow.png', '', 'GS', 'Sort jakke og blÃ¥ hue', '2018-5-15 18:26:32'),
(261, 9, 'LersÃ¸ ParkallÃ© 100', '2100', 'KÃ¸benhavn', 'Danmark', 0, 55.71500015258789, 12.54964828491211, 'no', '0', 1, 'B', 'red.png', '', 'GB', 'BURGLARIES IN HOUSE', '2018-5-16 9:59:33');
INSERT INTO `address` (`address_id`, `user_id`, `street_address`, `zipcode`, `city`, `country`, `is_active`, `latitude`, `longitude`, `primary_address`, `camtoken`, `status_id`, `status_type`, `marker`, `notification`, `address_type`, `last_alert`, `time`) VALUES
(262, 8, 'Vedachalam Nagar 8/377', '600117', 'Kanchipuram', 'India', 0, 12.93935012817383, 80.18807220458984, 'no', '0', 1, 'S', 'yellow.png', '', 'GS', 'POSSIBLE ATTENTION TO BURGLARY', '2018-5-16 14:5:17'),
(263, 2, '1st Main Road Sri Vishnu Apartments', '600091', 'Chennai', 'India', 0, 12.95891952514648, 80.19660949707031, 'no', '0', 1, 'S', 'yellow.png', '', 'GS', 'SUSPICIOUS CAR', '2018-5-17 14:34:6'),
(264, 2, 'M.S. Nagar Sathayamoorthy Salai', '600031', 'Chennai', 'India', 0, 13.07399654388428, 80.24977111816406, 'no', '0', 1, 'B', 'red.png', '', 'GB', 'ASSAULT', '2018-5-17 15:40:12'),
(265, 2, 'Poonamallee High Road No: 153', '600010', 'Chennai', 'India', 0, 13.07720470428467, 80.24839019775390, 'no', '0', 1, 'S', 'yellow.png', '', 'GS', 'SUSPICIOUS CAR', '2018-5-17 15:51:33'),
(266, 2, 'Poonamallee High Road No: 153', '600010', 'Chennai', 'India', 0, 13.07730960845947, 80.24832916259766, 'no', '0', 1, 'S', 'yellow.png', '', 'GS', 'SUSPICIOUS CAR', '2018-5-17 15:51:54'),
(267, 2, 'Poonamallee High Road No: 153', '600010', 'Chennai', 'India', 0, 13.07797813415527, 80.24825286865234, 'no', '0', 1, 'B', 'red.png', '', 'GB', 'BURGLARIES IN HOUSE', '2018-5-17 15:52:11'),
(268, 2, '230 / 862 Sidharth Manor', '600010', 'Chennai', 'India', 0, 13.07877254486084, 80.24813079833984, 'no', '0', 1, 'S', 'yellow.png', '', 'GS', 'SUSPICIOUS PERSON', '2018-5-17 15:52:24'),
(269, 2, 'Barnaby Avenue 11/10/2', '600010', 'Chennai', 'India', 0, 13.07953548431396, 80.24812316894531, 'no', '0', 1, 'B', 'red.png', '', 'GB', 'ASSAULT', '2018-5-17 15:52:41'),
(270, 2, 'Barnaby Road 10-18', '600010', 'Chennai', 'India', 0, 13.08046722412109, 80.24794006347656, 'no', '0', 1, 'B', 'red.png', '', 'GB', 'BURGLAR SHEDDING', '2018-5-17 15:53:31'),
(271, 2, 'Barnaby Road 12/65', '600010', 'Chennai', 'India', 0, 13.08127212524414, 80.24785614013672, 'no', '0', 1, 'S', 'yellow.png', '', 'GS', 'SUSPICIOUS PERSON', '2018-5-17 15:53:41'),
(272, 2, 'Ormes Road 59', '600010', 'Chennai', 'India', 0, 13.08155441284180, 80.24790954589844, 'no', '0', 1, 'S', 'yellow.png', '', 'GS', 'SUSPICIOUS CAR', '2018-5-17 15:55:32'),
(273, 2, 'Alagappa Road Prince Foundations Pvt Ltd', '600010', 'Chennai', 'India', 0, 13.08218097686768, 80.24781036376953, 'no', '0', 1, 'B', 'red.png', '', 'GB', 'BURGLARIES IN HOUSE', '2018-5-17 15:55:49'),
(274, 2, 'Kunrathur Road 41a', '600122', 'Chennai', 'India', 0, 13.02357673645020, 80.10698699951172, 'no', '0', 1, 'S', 'yellow.png', '', 'GS', 'SUSPICIOUS CAR', '2018-5-17 16:5:32'),
(275, 2, 'Chinna Babu Street Vinnmathi Apartments', '600010', 'Chennai', 'India', 0, 13.09573268890381, 80.24693298339844, 'no', '0', 1, 'S', 'yellow.png', '', 'GS', 'SUSPICIOUS CAR', '2018-5-17 16:12:13'),
(276, 2, 'Harrington Road 78', '600031', 'Chennai', 'India', 0, 13.06931400299072, 80.23697662353516, 'no', '0', 1, 'B', 'red.png', '', 'GB', 'ASSAULT', '2018-5-17 16:12:49'),
(277, 2, 'Teachers Colony Kamarajar Street', '600061', 'Kanchipuram', 'India', 0, 12.97699451446533, 80.18106842041016, 'no', '0', 1, 'S', 'yellow.png', '', 'GS', 'SUSPICIOUS PERSON', '2018-5-17 16:13:48'),
(278, 2, 'N.G.O Colony Raju Street', '600027', 'Chennai', 'India', 0, 12.97565650939941, 80.17282867431640, 'no', '0', 1, 'P', 'yellow-siren.png', '', 'GS', 'SUSPICIOUS CAR', '2018-5-17 16:17:44'),
(279, 2, 'Poonamallee Chennai Outer Ring Road', '600072', 'Tiruvallur', 'India', 0, 13.05757999420166, 80.07746124267578, 'no', '0', 1, 'B', 'red.png', '', 'GB', 'BURGLAR BURGLARY', '2018-5-17 16:19:11'),
(280, 2, 'Tiruvallur State Highway 206', '600072', 'Tamil Nadu', 'India', 0, 13.07630825042725, 80.07265472412110, 'no', '0', 1, 'S', 'yellow.png', '', 'GS', 'SUSPICIOUS PERSON', '2018-5-17 16:19:31'),
(281, 2, 'Soranji Part Unnamed Road', '600072', 'Tiruvallur', 'India', 1, 13.09503459930420, 80.06956481933594, 'no', '0', 1, 'B', 'red.png', '', 'GB', 'BURGLAR BURGLARY', '2018-5-17 16:20:3'),
(282, 8, 'BirkhÃ¸jvej 7', '2800', 'Kongens Lyngby', 'Denmark', 0, 55.76182174682617, 12.48304367065430, 'no', '0', 1, 'B', 'red.png', '', 'GB', 'Need for sunday', '2018-5-17 18:25:40'),
(283, 1, 'Gopinathan Cross Street 6', '600091', 'Chennai', 'India', 0, 12.97103691101074, 80.19307708740234, 'no', '1234', 1, 'B', 'red.png', '', '', 'PICKPOCKET', '2018-7-7 13:19:40'),
(284, 8, 'PilehÃ¸jvej 12', '2800', 'Kongens Lyngby', 'Denmark', 0, 55.76125717163086, 12.48241329193115, 'no', '0', 1, 'B', 'red.png', '', 'GB', 'PICKPOCKET', '2018-5-19 9:27:17'),
(285, 8, 'StengÃ¥rds Alle 33', '2800', 'Kongens Lyngby', 'Denmark', 0, 55.76029205322266, 12.48636150360107, 'no', '0', 1, 'B', 'red.png', '', 'GB', 'PICKPOCKET', '2018-5-19 9:27:32'),
(286, 8, 'StengÃ¥rds Alle 76', '2800', 'Kongens Lyngby', 'Denmark', 0, 55.75826263427734, 12.48361492156982, 'no', '0', 1, 'B', 'red.png', '', 'GB', 'PICKPOCKET', '2018-5-19 9:27:39'),
(287, 8, 'Christoffers Alle 154', '2800', 'Kongens Lyngby', 'Denmark', 1, 55.75468444824219, 12.47760581970215, 'no', '0', 1, 'B', 'red.png', '', 'GB', 'PICKPOCKET', '2018-5-19 9:27:56'),
(288, 1, '1st Main Road 17/12,21/14', '600041', 'Chennai', 'India', 0, 12.97734355926514, 80.26289367675781, 'no', '0', 1, 'S', 'yellow.png', '', 'GS', 'SUSPICIOUS CAR', '2018-5-19 13:35:14'),
(289, 1, 'Thiruvalluvar Nagar 24/37/5', '600041', 'Chennai', 'India', 0, 12.97935104370117, 80.26341247558594, 'no', '0', 1, 'B', 'red.png', '', 'GB', 'BURGLARIES IN HOUSE', '2018-5-19 13:36:32'),
(290, 1, 'Kalakshetra Colony Thirumurugan First Cross Street', '600090', 'Chennai', 'India', 0, 12.98733806610107, 80.26628875732422, 'no', '0', 1, 'S', 'yellow.png', '', 'GS', 'SUSPICIOUS PERSON', '2018-5-19 13:36:52'),
(291, 9, 'Fruebjergvej 12', '2100', 'KÃ¸benhavn', 'Danmark', 0, 55.71625518798828, 12.54903984069824, 'no', '0', 1, 'B', 'red.png', '', 'GB', 'BURGLARIES IN HOUSE', '2018-5-19 12:53:48'),
(292, 7, 'Shri Sumathinath Residency 2/353', '600117', 'Chennai', 'India', 0, 12.93546962738037, 80.18021392822266, 'no', '0', 1, 'B', 'red.png', '', 'GB', 'BURGLAR BURGLARY', '2018-5-22 21:36:44'),
(293, 7, 'Avvai Nagar Kannagi Street', '600117', 'Chennai', 'India', 0, 12.94018554687500, 80.17268371582031, 'no', '9841005858', 1, '', 'blue.png', '', '', 'Besked fra anlÃ¦gsnr. 10927373 FÃ¸lgende er hÃ¦ndt pÃ¥ deres system  [Kim]: Frakoblet - Fjernbetjening Nummer 6 - ''FBTJ. RIKKE'' Mvh G4S', ''),
(294, 10, 'Lyngbyvej 343', '2820', 'Gentofte', 'Danmark', 1, 55.74178314208984, 12.53491306304932, 'no', '0', 0, '', 'blue.png', '', '', 'BURGLARIES IN HOUSE', '2018-8-13 18:46:16'),
(295, 10, 'Kongelysvej 16', '2820', 'Gentofte', 'Danmark', 0, 55.73854064941406, 12.53543758392334, 'no', '0', 1, 'P', 'yellow-siren.png', '', 'GS', 'SUSPICIOUS PERSON', '2018-5-24 21:37:13'),
(296, 10, 'TeglvÃ¦rksbakken 6', '2900', 'Hellerup', 'Danmark', 0, 55.73540878295898, 12.54055881500244, 'no', '0', 1, 'B', 'red.png', '', 'GB', 'ASSAULT', '2018-5-24 21:44:27'),
(297, 10, 'Violvej 8', '2820', 'Gentofte', 'Danmark', 0, 55.74234390258789, 12.53868198394775, 'no', '0', 1, 'B', 'red.png', '', 'GB', 'PICKPOCKET', '2018-5-24 21:45:45'),
(298, 10, 'Liljevej 22', '2820', 'Gentofte', 'Danmark', 0, 55.74274444580078, 12.54143142700195, 'no', '0', 1, 'B', 'red.png', '', 'GB', 'BURGLARIES IN HOUSE', '2018-5-24 21:46:40'),
(299, 10, 'Plantagevej 17', '2820', 'Gentofte', 'Danmark', 0, 55.74185562133789, 12.53053569793701, 'no', '0', 1, 'B', 'red.png', '', 'GB', 'PICKPOCKET', '2018-5-24 21:47:48'),
(300, 10, 'Snerlevej 6', '2820', 'Gentofte', 'Danmark', 0, 55.74003219604492, 12.53453636169434, 'no', '0', 1, 'B', 'red.png', '', 'GB', 'BURGLARIES IN HOUSE', '2018-5-24 21:50:24'),
(301, 9, 'Gentoftegade 93', '2820', 'Gentofte', 'Danmark', 0, 55.74052047729492, 12.54070568084717, 'no', '0', 1, 'B', 'red.png', '', 'GB', 'BURGLARIES IN HOUSE', '2018-5-24 21:51:37'),
(302, 9, 'Resedavej 11', '2820', 'Gentofte', 'Danmark', 0, 55.74115371704102, 12.53781318664551, 'no', '0', 1, 'B', 'red.png', '', 'GB', 'BURGLARIES IN HOUSE', '2018-5-24 21:53:34'),
(303, 10, 'Snerlevej 12', '2820', 'Gentofte', 'Danmark', 1, 55.74030303955078, 12.53426456451416, 'no', '0', 1, 'B', 'red.png', '', 'GB', 'BURGLARIES IN HOUSE', '2018-5-24 21:54:7'),
(304, 8, 'BagsvÃ¦rdvej 88', '2800', 'Kongens Lyngby', 'Denmark', 0, 55.76523208618164, 12.48321723937988, 'no', '0', 1, '', 'blue.png', '', '', '', ''),
(305, 8, 'Amundsensvej 8', '2800', 'Kongens Lyngby', 'Denmark', 0, 55.76521301269531, 12.48015499114990, 'no', '0', 1, '', 'blue.png', '', '', '', ''),
(306, 11, 'KornvÃ¦nget 19', '3550', 'Slangerup', 'Danmark', 0, 55.86856842041016, 12.23534965515137, 'no', '4530278874', 0, 'B', 'red.png', '', '', 'Test', '2018-6-30 14:32:24'),
(307, 9, 'Ã˜stervej 20', '4673', 'RÃ¸dvig Stevns', 'Danmark', 0, 55.25713348388672, 12.38208103179932, 'no', '0', 1, 'B', 'red.png', '', 'GB', 'BURGLARIES IN HOUSE', '2018-6-3 17:46:46'),
(308, 1, 'Bajanai Koil Street 37/26', '600091', 'Chennai', 'India', 0, 12.97322177886963, 80.19978332519531, 'no', '0', 1, 'S', 'yellow.png', '', 'GS', 'SUSPICIOUS BEHAVIOR FROM PEOPLE', '2018-6-8 13:59:1'),
(309, 1, 'Thillaiganga Nagar 11/6', '600061', 'Chennai', 'India', 0, 12.98921108245850, 80.19422149658203, 'no', '0', 1, 'B', 'red.png', '', 'GB', 'ASSAULT', '2018-6-8 14:0:9'),
(310, 1, '22nd Street 9/23', '600061', 'Chennai', 'India', 0, 12.98999023437500, 80.19398498535156, 'no', '0', 1, 'B', 'red.png', '', 'GB', 'BURGLAR BURGLARY', '2018-6-8 14:2:34'),
(311, 1, 'Elango Street 5/81', '600061', 'Chennai', 'India', 0, 12.98166847229004, 80.19213867187500, 'no', '0', 1, 'S', 'yellow.png', '', 'GS', 'SUSPICIOUS CAR', '2018-6-8 14:4:41'),
(312, 1, 'Hindu Colony 16', '600091', 'Chennai', 'India', 0, 12.97387027740479, 80.19774627685547, 'no', '0', 1, 'B', 'red.png', '', 'GB', 'BURGLAR BURGLARY', '2018-6-8 14:7:17'),
(313, 1, 'Madipakkam Balasundaram Street', '600091', 'Chennai', 'India', 0, 12.97243595123291, 80.19592285156250, 'no', '0', 1, 'B', 'red.png', '', 'GB', 'ASSAULT', '2018-6-8 14:10:1'),
(314, 1, 'Ponniamman Koil Street 7', '600091', 'Chennai', 'India', 0, 12.97152423858643, 80.19656372070312, 'no', '0', 1, 'S', 'yellow.png', '', 'GS', 'SUSPICIOUS CAR', '2018-6-8 14:15:48'),
(315, 1, 'Bajanai Koil Street Ganesh Royal Apartments', '600091', 'Chennai', 'India', 0, 12.97316551208496, 80.19777679443360, 'no', '0', 1, 'B', 'red.png', '', 'GB', 'ASSAULT', '2018-6-8 14:35:3'),
(316, 1, 'Lakshmi Nagar Road 11', '600061', 'Chennai', 'India', 0, 12.97169971466064, 80.18878936767578, 'no', '0', 1, 'S', 'yellow.png', '', 'GS', 'SUSPICIOUS CAR', '2018-6-8 14:37:23'),
(317, 1, 'Subramanian Nagar Road 3', '600091', 'Chennai', 'India', 0, 12.97134017944336, 80.19752502441406, 'no', '0', 1, 'S', 'yellow.png', '', 'GS', 'POSSIBLE ATTENTION TO BURGLARY', '2018-6-8 14:44:22'),
(318, 1, 'sankaran Street Aishwaryam Apartments', '600091', 'Chennai', 'India', 0, 12.96640491485596, 80.19523620605469, 'no', '0', 1, 'S', 'yellow.png', '', 'GS', 'POSSIBLE ATTENTION TO BURGLARY', '2018-6-8 14:47:26'),
(319, 1, '76 Navin Vigneshwar Apartments', '600091', 'Chennai', 'India', 0, 12.96393775939941, 80.18768310546875, 'no', '0', 1, 'B', 'red.png', '', 'GB', 'PICKPOCKET', '2018-6-8 14:49:5'),
(320, 1, '6th Street 666', '600091', 'Chennai', 'India', 0, 12.96230602264404, 80.19528198242188, 'no', '0', 1, 'S', 'yellow.png', '', 'GS', 'SUSPICIOUS PERSON', '2018-6-8 14:53:29'),
(321, 1, 'Sami Nagar 7/19', '600091', 'Chennai', 'India', 0, 12.97653293609619, 80.19949340820312, 'no', '0', 1, 'B', 'red.png', '', 'GB', 'BURGLAR BURGLARY', '2018-6-8 16:26:26'),
(322, 9, 'Ã˜rumvej 28', '2650', 'Hvidovre', 'Danmark', 0, 55.63151550292969, 12.45868015289307, 'no', '0', 1, 'S', 'yellow.png', '', 'GS', 'SUSPICIOUS CAR', '2018-6-9 22:23:34'),
(323, 7, 'Moovarasanpet Main Road 1', '600091', 'Chennai', 'India', 1, 12.96942424774170, 80.18805694580078, 'no', '0', 1, 'P', 'yellow-siren.png', '', 'GS', 'SUSPICIOUS PERSON', '2018-6-14 21:25:34'),
(324, 7, 'Moovarasanpet Main Road 1', '600091', 'Chennai', 'India', 1, 12.96947669982910, 80.18774414062500, 'no', '0', 1, 'B', 'red.png', '', 'GB', 'BURGLAR BURGLARY', '2018-6-14 21:25:51'),
(325, 12, 'Senthuran Colony 3/111', '600091', 'Chennai', 'India', 1, 12.96638965606689, 80.18960571289062, 'no', '0', 0, 'S', 'yellow.png', '', '', 'SUSPICIOUS PERSON', '2018-6-19 20:51:4'),
(326, 12, 'S. Kolathur Street Number 4', '600117', 'Chennai', 'India', 1, 12.94617176055908, 80.19433593750000, 'no', '0', 1, '', 'blue.png', '', '', '', ''),
(327, 1, '1st Street Kalpatru Apartment', '600061', 'Chennai', 'India', 0, 12.97484111785889, 80.18963623046875, 'no', '0', 1, 'P', 'yellow-siren.png', '', 'GS', 'SUSPICIOUS CAR', '2018-6-16 16:24:55'),
(328, 13, 'Skolelodden 6', '3550', 'Slangerup', 'Danmark', 1, 55.86804962158203, 12.23635292053223, 'no', '0', 0, 'B', 'red.png', '', '', 'BURGLAR - vikings- ramesh beat them and saved ur home', '2018-6-29 16:26:44'),
(329, 13, 'Lyngbyvej 341A', '2820', 'Gentofte', 'Danmark', 1, 55.74137878417969, 12.53472709655762, 'no', '0', 1, 'B', 'red.png', '', 'GB', 'PICKPOCKET', '2018-6-18 18:30:56'),
(330, 13, 'Lyngbyvej 343A', '2820', 'Gentofte', 'Danmark', 0, 55.74150848388672, 12.53496360778809, 'no', '0', 1, 'B', 'red.png', '', 'GB', 'BURGLARIES IN HOUSE', '2018-6-18 18:33:6'),
(331, 9, 'Lyngbyvej 343A ', '2820', 'Gentofte', 'Danmark', 1, 55.74164199829102, 12.53462982177734, 'no', '+4522232415', 1, '', 'blue.png', '', '', 'Test', '2018-8-13 18:47:23'),
(332, 9, 'HÃ¸jsgÃ¥rds Alle 6', '2900', 'Hellerup', 'Danmark', 0, 55.72442245483398, 12.54268932342529, 'no', '0', 1, 'P', 'yellow-siren.png', '', 'GS', 'SUSPICIOUS BEHAVIOR FROM PEOPLE', '2018-6-18 18:47:51'),
(333, 9, 'Frilands AllÃ© 14', '2500', 'KÃ¸benhavn', 'Danmark', 0, 55.66772460937500, 12.49489498138428, 'no', '0', 1, 'B', 'red.png', '', 'GB', 'BURGLARIES IN HOUSE', '2018-6-18 18:48:44'),
(334, 9, 'NÃ¸rrekÃ¦rvej 5', '3660', 'StenlÃ¸se', 'Danmark', 0, 55.79713058471680, 12.20176315307617, 'no', '0', 1, 'NS', 'gray.png', '', 'GS', 'POSSIBLE ATTENTION TO BURGLARY', '2018-6-18 18:49:21'),
(335, 9, 'Stenager 1', '3550', 'Slangerup', 'Danmark', 0, 55.86842346191406, 12.23916625976562, 'no', '0', 1, 'B', 'red.png', '', 'GB', 'Fik du en notifikation? ', '2018-6-18 18:50:11'),
(336, 13, 'Ny ToftegÃ¥rdsvej 24', '3650', 'Ã˜lstykke', 'Danmark', 1, 55.78585815429688, 12.16980838775635, 'no', '0', 1, 'B', 'red.png', '', 'GB', 'ASSAULT', '2018-6-19 6:19:45'),
(337, 14, 'BirkhÃ¸jvej 7', '2800', 'Kongens Lyngby', 'Denmark', 1, 55.76186370849609, 12.48309135437012, 'no', '0', 0, 'B', 'red.png', '', '', 'BURGLARIES IN HOUSE', '2018-6-23 15:0:0'),
(338, 15, 'KÃ¦rmindevej 9', '2800', 'Kongens Lyngby', 'Denmark', 1, 55.76346588134766, 12.49494266510010, 'no', '0', 0, '', 'blue.png', '', '', '', ''),
(339, 15, 'Ã˜lstykke Ring Nord', '3650', 'Egedal Municipality', 'Denmark', 1, 55.78621673583984, 12.16419506072998, 'no', '0', 1, 'B', 'red.png', '', 'GB', 'BURGLARIES IN HOUSE', '2018-6-19 19:32:2'),
(340, 15, 'Smaragdvej 17', '3650', 'Ã˜lstykke', 'Denmark', 1, 55.78601074218750, 12.16790294647217, 'no', '0', 1, 'B', 'red.png', '', 'GB', 'PICKPOCKET', '2018-6-19 19:32:23'),
(341, 15, 'Smaragdvej 8', '3650', 'Ã˜lstykke', 'Denmark', 1, 55.78662490844727, 12.16820335388184, 'no', '0', 1, 'NS', 'gray.png', '', 'GS', 'POSSIBLE ATTENTION TO BURGLARY', '2018-6-19 19:32:36'),
(342, 13, 'FuglegÃ¥rdsvej 18', '2820', 'Gentofte', 'Danmark', 1, 55.74355316162109, 12.53014183044434, 'no', '0', 1, 'B', 'red.png', '', 'GB', 'BURGLAR BURGLARY', '2018-6-20 14:0:6'),
(343, 13, 'FuglegÃ¥rdsvej 16', '2820', 'Gentofte', 'Danmark', 1, 55.74316787719727, 12.52997016906738, 'no', '0', 1, 'B', 'red.png', '', 'GB', 'BURGLARIES IN HOUSE', '2018-6-20 14:59:53'),
(344, 13, 'FuglegÃ¥rdsvej 14', '2820', 'Gentofte', 'Danmark', 0, 55.74304199218750, 12.53068161010742, 'no', '0', 1, 'B', 'red.png', '', 'GB', 'BURGLARIES IN HOUSE', '2018-6-23 14:55:15'),
(345, 13, 'Plantagevej 21', '2820', 'Gentofte', 'Danmark', 1, 55.74200820922852, 12.52997016906738, 'no', '0', 1, 'B', 'red.png', '', 'GB', 'BURGLARIES IN HOUSE', '2018-6-23 14:56:54'),
(346, 15, 'SolvÃ¦nget 13', '2800', 'Kongens Lyngby', 'Denmark', 1, 55.76314163208008, 12.49137306213379, 'no', '0', 1, '', 'blue.png', '', '', '', ''),
(347, 15, 'KlÃ¸vervej 5', '2800', 'Kongens Lyngby', 'Denmark', 1, 55.76364135742188, 12.49375057220459, 'no', '0', 1, '', 'blue.png', '', '', '', ''),
(348, 9, 'Ny ToftegÃ¥rdsvej 24', '3650', 'Ã˜lstykke', 'Danmark', 0, 55.78567504882812, 12.16964244842529, 'no', '0', 1, 'B', 'red.png', '', 'GB', 'BURGLARIES IN HOUSE', '2018-6-23 19:28:58'),
(349, 9, 'Nellikevej 10', '2820', 'Gentofte', 'Danmark', 0, 55.74049758911133, 12.53519821166992, 'no', '0', 1, 'S', 'yellow.png', '', 'GS', 'SUSPICIOUS CAR', '2018-6-23 19:38:43'),
(350, 16, 'Senthuran Colony 3/111', '600091', 'Chennai', 'India', 1, 12.96638488769531, 80.18962097167969, 'no', '0', 0, '', 'blue.png', '', '', '', ''),
(351, 17, 'Senthuran Colony 3/111', '600091', 'Chennai', 'India', 1, 12.96638584136963, 80.18962097167969, 'no', '0', 0, '', 'blue.png', '', '', '', ''),
(352, 9, 'Anemonevej 17', '2820', 'Gentofte', 'Danmark', 0, 55.74191284179688, 12.53958606719971, 'no', '0', 1, 'B', 'red.png', '', 'GB', 'BURGLARIES IN HOUSE', '2018-7-2 10:59:54'),
(353, 9, 'Liljevej 7', '2820', 'Gentofte', 'Danmark', 0, 55.74283218383789, 12.54061985015869, 'no', '0', 1, 'P', 'yellow-siren.png', '', 'GS', 'SUSPICIOUS CAR', '2018-7-2 11:0:25'),
(354, 11, 'GÃ¸rlÃ¸sevej 13', '3550', 'Slangerup', 'Danmark', 0, 55.86647415161133, 12.23493480682373, 'no', '0', 1, 'S', 'yellow.png', '', 'GS', 'SUSPICIOUS CAR', '2018-7-4 21:0:55'),
(355, 9, 'Plantagevej 34', '2820', 'Gentofte', 'Danmark', 0, 55.74263381958008, 12.53187179565430, 'no', '0', 1, 'B', 'red.png', '', 'GB', 'BURGLARIES IN HOUSE', '2018-7-5 10:20:51'),
(356, 9, 'Helgavej 14', '3060', 'EspergÃ¦rde', 'Danmark', 0, 56.00177001953125, 12.53701972961426, 'no', '0', 1, 'P', 'yellow-siren.png', '', 'GS', 'SUSPICIOUS CAR', '2018-7-5 10:25:26'),
(357, 11, 'Anemonevej 7', '2820', 'Gentofte', 'Danmark', 0, 55.74217605590820, 12.53812408447266, 'no', '0', 1, '', 'blue.png', '', '', '', ''),
(358, 11, 'Kongevejen 193', '2830', 'Virum', 'Danmark', 1, 55.79624176025391, 12.48184967041016, 'no', '0', 1, 'B', 'red.png', '', 'GB', 'BURGLAR SHEDDING', '2018-7-5 16:28:20'),
(359, 11, 'Plantagevej 34', '2820', 'Gentofte', 'Danmark', 0, 55.74263763427734, 12.53190040588379, 'no', '0', 1, 'B', 'red.png', '', 'GB', 'ASSAULT', '2018-7-5 16:28:50'),
(360, 11, 'Lyngbyvej 349', '2820', 'Gentofte', 'Danmark', 1, 55.74235534667969, 12.53429698944092, 'no', '0', 1, 'B', 'red.png', '', 'GB', 'ASSAULT', '2018-7-5 16:29:20'),
(361, 9, 'KirkestrÃ¦de 3', '3550', 'Slangerup', 'Danmark', 0, 55.86671447753906, 12.23851203918457, 'no', '0', 1, 'P', 'yellow-siren.png', '', 'GS', 'Har du fÃ¥et revet hus ned? ', '2018-7-6 19:53:2'),
(362, 26, 'Annamalai Street 16/25', '600091', 'Chennai', 'India', 1, 12.97069168090820, 80.19336700439453, 'no', '0', 0, '', 'blue.png', '', '', '', ''),
(363, 27, 'Annamalai Street 19', '600091', 'Chennai', 'India', 1, 12.97113609313965, 80.19323730468750, 'no', '0', 0, '', 'blue.png', '', '', '', ''),
(364, 28, 'Annamalai Street 23', '600091', 'Chennai', 'India', 1, 12.97120285034180, 80.19345092773438, 'no', '0', 0, '', 'blue.png', '', '', '', ''),
(365, 29, 'Annamalai Street 23', '600091', 'Chennai', 'India', 1, 12.97120285034180, 80.19345092773438, 'no', '0', 0, '', 'blue.png', '', '', '', ''),
(366, 8, 'LIG Colony Pavanar Nagar Fourth Cross Road', '605004', 'Puducherry', 'India', 0, 11.92926883697510, 79.80426025390625, 'no', '0', 1, 'B', 'red.png', '', 'GB', 'BURGLAR BURGLARY', '2018-7-11 22:48:48'),
(367, 31, 'Annamalai Street 15', '600091', 'Chennai ', 'India', 1, 12.97103691101074, 80.19307708740234, 'no', '0', 1, '', 'blue.png', '', '', 'suspecious alert from user rayi', '2018-7-6 16:31:59'),
(368, 8, '5th Street Best Nest Homesh', '600091', 'Chennai', 'India', 1, 12.97543811798096, 80.20229339599610, 'no', '', 1, 'B', 'red.png', '', 'GB', 'Ramesh from bangalore', '2018-7-21 16:26:28'),
(369, 8, 'Narasingapuram First Street', '600124', 'Tiruvallur', 'India', 1, 13.04376983642578, 80.02425384521484, 'no', '', 1, 'B', 'red.png', '', 'GB', 'ASSAULT ramesh from pondy', '2018-7-24 17:30:50'),
(370, 8, 'National Highway 32 134', '600044', 'Chennai', 'India', 1, 12.95461845397949, 80.14257049560547, 'no', '', 1, 'B', 'red.png', '', 'GB', 'Pick from pondy ramesh', '2018-7-24 17:33:7'),
(371, 8, 'State Highway 48 172', '600032', 'Chennai', 'India', 1, 12.95505905151367, 80.14270782470703, 'no', '', 1, 'B', 'red.png', '', 'GB', 'ASSAULT', '2018-7-24 17:33:42'),
(372, 8, 'Kovalavedu Tenneri Road', '631604', 'Kanchipuram', 'India', 1, 12.84551048278809, 79.87075042724610, 'no', '', 1, 'B', 'red.png', '', 'GB', 'PICKPOCKET', '2018-7-24 17:34:14'),
(373, 1, 'Shanthi Nagar Main Road 157', '600044', 'Chennai', 'India', 1, 12.95500755310059, 80.14319610595703, 'no', '', 1, 'B', 'red.png', '', 'GB', 'Curd', '2018-7-24 17:42:51'),
(374, 11, 'Skolelodden 4', '3550', 'Slangerup', 'Danmark', 0, 55.86808776855469, 12.23664951324463, 'no', '', 1, 'S', 'yellow.png', '', 'GS', 'POSSIBLE ATTENTION TO BURGLARY', '2018-7-24 16:44:7'),
(375, 8, 'PilehÃ¸jvej 8', '2800', 'Kongens Lyngby', 'Denmark', 0, 55.76105117797852, 12.48310565948486, 'no', '123', 1, '', 'blue.png', '', '', '', ''),
(376, 11, 'Lyngbyvej 363', '2820', 'Gentofte', 'Danmark', 1, 55.74461364746094, 12.53316211700439, 'no', '', 1, 'B', 'red.png', '', 'GB', 'ASSAULT', '2018-7-24 17:45:48'),
(377, 32, 'Virum Vandvej 38', '2830', 'Virum', 'Denmark', 0, 55.78746414184570, 12.44688224792480, 'no', 'Hjemme', 1, '', 'blue.png', '', '', 'BURGLARIES IN HOUSE', '2018-7-28 12:24:0'),
(378, 32, 'RylevÃ¦nget 26', '2880', 'BagsvÃ¦rd', 'Denmark', 0, 55.75205230712891, 12.46211528778076, 'no', '', 1, '', 'blue.png', '', '', '', ''),
(379, 32, 'Svalevej 3', '4581', 'RÃ¸rvig', 'Denmark', 0, 55.78746414184570, 12.44688224792480, 'no', '', 1, '', 'blue.png', '', '', '', ''),
(380, 32, 'Svalevej 3', '4581', 'RÃ¸rvig', 'Denmark', 0, 56.26391983032227, 9.50178527832031, 'no', '', 1, '', 'blue.png', '', '', '', ''),
(381, 1, 'SolvÃ¦nget 12', '2800', 'Kongens Lyngby', 'Denmark', 0, 12.97103691101074, 80.19307708740234, 'no', '', 1, '', 'blue.png', '', '', '', ''),
(382, 9, 'Solbakken 5', '2830', 'Virum', 'Danmark', 0, 55.79025268554688, 12.45108795166016, 'no', '', 1, 'B', 'red.png', '', 'GB', 'BURGLARIES IN HOUSE', '2018-7-28 10:42:27'),
(383, 9, 'Frederiksdalsvej 226', '2830', 'Virum', 'Danmark', 0, 55.78930282592773, 12.45408248901367, 'no', '', 1, 'B', 'red.png', '', 'GB', 'BURGLARIES IN HOUSE', '2018-7-28 10:42:44'),
(384, 9, 'Peder Godskes Vej 18', '2830', 'Virum', 'Danmark', 0, 55.79277801513672, 12.45404148101807, 'no', '', 1, 'S', 'yellow.png', '', 'GS', 'SUSPICIOUS CAR', '2018-7-28 10:46:48'),
(385, 9, 'FuresÃ¸ Parkvej 22', '2830', 'Virum', 'Danmark', 0, 55.79177474975586, 12.45477962493896, 'no', '', 1, 'S', 'yellow.png', '', 'GS', 'Per den bedste', '2018-7-28 10:51:15'),
(386, 9, 'SÃ¸ndervej 55', '2830', 'Virum', 'Danmark', 0, 55.79434204101562, 12.45056629180908, 'no', '', 1, 'S', 'yellow.png', '', 'GS', 'Per den bedste', '2018-7-28 10:51:56'),
(387, 9, 'SÃ¸ndervej 72', '2830', 'Virum', 'Danmark', 0, 55.79354095458984, 12.44639968872070, 'no', '', 1, 'P', 'yellow-siren.png', '', 'GS', 'Sort mercer set i omrÃ¥det', '2018-7-28 10:53:33'),
(388, 9, 'Klavs Nebs Vej 27', '2830', 'Virum', 'Danmark', 0, 55.78932189941406, 12.45293712615967, 'no', '', 1, 'NS', 'gray.png', '', 'GS', 'SUSPICIOUS CAR', '2018-7-28 10:55:54'),
(389, 11, 'SÃ¸ndervej 35A', '2830', 'Virum', 'Danmark', 1, 55.79433441162109, 12.45493793487549, 'no', '', 1, 'B', 'red.png', '', 'GB', 'PICKPOCKET', '2018-7-28 10:57:16'),
(390, 11, 'LundtoftegÃ¥rdsvej 95', '2800', 'Kongens Lyngby', 'Danmark', 1, 55.79317092895508, 12.52845764160156, 'no', '', 1, 'B', 'red.png', '', 'GB', 'ASSAULT', '2018-7-28 11:0:10'),
(391, 11, 'Gentoftegade 97', '2820', 'Gentofte', 'Danmark', 1, 55.73998260498047, 12.54041004180908, 'no', '', 1, 'B', 'red.png', '', 'GB', 'BURGLAR SHEDDING', '2018-7-28 11:0:24'),
(392, 9, 'Skolelodden 16', '3550', 'Slangerup', 'Danmark', 1, 55.86734008789062, 12.23494720458984, 'no', '', 1, 'P', 'yellow-siren.png', '', 'GS', 'SUSPICIOUS CAR', '2018-7-28 11:36:53'),
(393, 32, 'IsÃ¸revej 117', '4581', 'RÃ¸rvig', 'Denmark', 0, 55.78746414184570, 12.44688224792480, 'no', '', 1, '', 'blue.png', '', '', '', ''),
(394, 32, 'Plantagevej 4', '2820', 'Gentofte', 'Denmark', 0, 55.74223709106445, 12.53303146362305, 'no', '', 1, 'B', 'red.png', '', 'GB', 'BURGLARIES IN HOUSE', '2018-7-28 12:16:30'),
(395, 32, 'FuglegÃ¥rdsvÃ¦nget 19', '2820', 'Gentofte', 'Denmark', 0, 55.74150848388672, 12.53283882141113, 'no', '', 1, 'B', 'red.png', '', 'GB', 'BURGLARIES IN HOUSE', '2018-7-28 12:17:1'),
(396, 32, 'Stavnsholt Gydevej 112', '3460', 'BirkerÃ¸d', 'Denmark', 1, 55.83477020263672, 12.37886428833008, 'no', '', 1, 'P', 'yellow-siren.png', '', 'GS', 'SUSPICIOUS CAR', '2018-7-28 14:49:37'),
(397, 2, 'Anna Street 2A', '600091', 'Chennai', 'India', 0, 12.95408725738525, 80.18929290771484, 'no', '', 1, '', 'blue.png', '', '', '', ''),
(398, 8, 'BirkhÃ¸jvej 7', '2800', 'Kongens Lyngby', 'Denmark', 0, 55.76179885864258, 12.48303031921387, 'no', '', 1, '', 'blue.png', '', '', '', ''),
(399, 8, 'BirkehÃ¸jvej 10', '9530', 'StÃ¸vring', 'Denmark', 0, 56.93602752685547, 9.75126743316650, 'no', '', 1, '', 'blue.png', '', '', '', ''),
(400, 11, 'Vangede Bygade 84', '2820', 'Gentofte', 'Danmark', 1, 55.75011825561523, 12.51768875122070, 'no', '', 1, 'B', 'red.png', '', 'GB', 'ASSAULT', '2018-7-28 17:52:38'),
(401, 11, 'FuglegÃ¥rdsvÃ¦nget 35', '2820', 'Gentofte', 'Danmark', 1, 55.74118423461914, 12.53085708618164, 'no', '', 1, 'B', 'red.png', '', 'GB', 'BURGLAR BURGLARY', '2018-7-28 17:52:53'),
(402, 32, 'FuresÃ¸vej 147B', '2830', 'Virum', 'Denmark', 0, 55.79425430297852, 12.42398548126221, 'no', '', 1, 'B', 'red.png', '', 'GB', 'BURGLARIES IN HOUSE', '2018-7-28 19:4:39'),
(403, 32, 'DronninggÃ¥rds Alle 37', '2840', 'Holte', 'Denmark', 0, 55.81070709228516, 12.46365070343018, 'no', '', 1, 'B', 'red.png', '', 'GB', 'BURGLARIES IN HOUSE', '2018-7-28 20:44:12'),
(404, 32, 'Virum Vandvej 40', '2830', 'Virum', 'Denmark', 0, 55.78767776489258, 12.44678878784180, 'no', '', 1, 'B', 'red.png', '', 'GB', 'BURGLARIES IN HOUSE', '2018-7-28 20:47:5'),
(405, 8, 'Thanthai Periyar Nagar 4th Cross Road', '605009', 'Pondicherry', 'India', 1, 11.93566894531250, 79.80339050292969, 'no', '', 1, 'S', 'yellow.png', '', 'GS', 'SUSPICIOUS CAR', '2018-7-30 15:29:56'),
(406, 8, '2nd Cross Golden Avenue 8', '605005', 'Pondicherry', 'India', 1, 11.93466091156006, 79.80313110351562, 'no', '', 1, 'S', 'yellow.png', '', 'GS', 'POSSIBLE ATTENTION TO BURGLARY', '2018-7-30 15:30:58'),
(407, 11, 'TvÃ¦rmosen 15', '3650', 'Ã˜lstykke', 'Danmark', 1, 55.79880142211914, 12.16468906402588, 'no', '', 1, 'P', 'yellow-siren.png', '', 'GS', 'SUSPICIOUS CAR', '2018-7-31 8:47:34'),
(408, 1, 'senthuran colony,madipakam', '600092', 'chennai', 'india', 0, 12.96540355682373, 80.18994903564453, 'no', '', 1, '', 'blue.png', '', '', '', ''),
(409, 1, 'Solvang 14', '6310', 'Broager', 'Denmark', 0, 54.86703109741211, 9.64054203033447, 'no', '', 1, '', 'blue.png', '', '', '', ''),
(410, 1, 'Sri Devi Karumari Amman Nagar Devi 5th Cross Street', '600042', 'Chennai', 'India', 0, 54.86703109741211, 9.64054203033447, 'no', '', 1, '', 'blue.png', '', '', '', ''),
(411, 1, 'Dhanpura Yamuna Expressway', 'India', 'Gautam Buddh Nagar', 'Uttar Pradesh', 0, 12.97764778137207, 80.21526336669922, 'no', '', 1, '', 'blue.png', '', '', '', ''),
(412, 1, 'MGR Nagar Ganadah Nagar 10th Street', '600041', 'Chennai', 'India', 1, 12.96156597137451, 80.25235748291016, 'no', '', 1, '', 'blue.png', '', '', '', ''),
(413, 1, 'Kumaran Colony Kumaran Colony Main Road', '600026', 'Chennai', 'India', 0, 12.96156597137451, 80.25235748291016, 'no', '', 1, '', 'blue.png', '', '', '', ''),
(414, 1, 'Intuc Nagar State Highway 41', '626117', 'Virudhunagar', 'India', 0, 9.43136596679688, 77.55799865722656, 'no', '', 1, '', 'blue.png', '', '', '', ''),
(415, 1, 'Puthugramam National Highway 44', '629702', 'Kanyakumari', 'India', 0, 8.08237266540527, 77.54357910156250, 'no', '', 1, '', 'blue.png', '', '', '', ''),
(416, 1, 'New Perungalathur Thirupur Kumaran Street', '600063', 'Old Perungalathur', 'India', 0, 12.91192531585693, 80.09120941162110, 'no', '', 1, '', 'blue.png', '', '', '', ''),
(417, 1, 'Kadambadi Public Office Road', '611001', 'Nagapattinam', 'India', 0, 10.78306484222412, 79.83914184570312, 'no', '', 1, '', 'blue.png', '', '', '', ''),
(418, 1, 'Chatrapatti Rajapalayam - Vembakottai Road', 'India', 'Virudhunagar', 'Tamil Nadu', 0, 9.41500949859619, 77.60015106201172, 'no', '', 1, '', 'blue.png', '', '', '', ''),
(419, 1, 'Kattyapuram Arupukkottai Road Flyover', '626001', 'Virudhunagar', 'India', 0, 9.57946681976318, 77.95625305175781, 'no', '', 1, '', 'blue.png', '', '', '', ''),
(420, 1, 'V.O.C. Nagar Kovilpatti Main Road', '628501', 'Thoothukudi', 'India', 0, 9.17348194122314, 77.86228942871094, 'no', '', 1, '', 'blue.png', '', '', '', ''),
(421, 1, '32/10,abdul aziz street,tnagar', '600017', 'Chennai', 'India', 0, 13.03239154815674, 80.23578643798828, 'no', '', 1, '', 'blue.png', '', '', '', ''),
(422, 9, 'FuresÃ¸vej 1A', '2830', 'Virum', 'Danmark', 0, 55.78778457641602, 12.44762039184570, 'no', '', 1, 'B', 'red.png', '', 'GB', 'BURGLARIES IN HOUSE', '2018-8-6 7:25:13'),
(423, 32, 'Gentofte FuglegÃ¥rdsvej', '2820', 'Gentofte Municipality', 'Denmark', 0, 55.74307632446289, 12.53573703765869, 'no', '', 1, 'B', 'red.png', '', 'GB', 'BURGLARIES IN HOUSE', '2018-8-6 7:26:39'),
(424, 32, 'Vinrosevej 3', '2820', 'Gentofte', 'Denmark', 0, 55.74203491210938, 12.53641319274902, 'no', '', 1, 'B', 'red.png', '', 'GB', 'BURGLARIES IN HOUSE', '2018-8-6 7:28:42'),
(425, 32, 'Svalevej 3', '4581', 'RÃ¸rvig', 'Denmark', 0, 55.78746414184570, 12.44688224792480, 'no', '', 1, '', 'blue.png', '', '', 'BURGLARIES IN HOUSE', '2018-8-6 7:37:51'),
(426, 9, 'SpÃ¦ttevej 5', '4581', 'RÃ¸rvig', 'Danmark', 1, 55.94552993774414, 11.74860477447510, 'no', '', 1, 'B', 'red.png', '', 'GB', 'BURGLARIES IN HOUSE', '2018-8-6 7:34:45'),
(427, 32, 'FuresÃ¸vej 4', '2830', 'Virum', 'Denmark', 0, 55.78820037841797, 12.44762039184570, 'no', '', 1, 'P', 'yellow-siren.png', '', 'GS', 'SUSPICIOUS PERSON', '2018-8-6 13:45:15'),
(428, 9, 'Safirvej 6', '3650', 'Ã˜lstykke', 'Danmark', 0, 55.78509521484375, 12.16983890533447, 'no', '', 1, '', 'blue.png', '', '', '', ''),
(429, 32, 'FuresÃ¸vej 3C', '2830', 'Virum', 'Denmark', 0, 55.78832244873047, 12.44699001312256, 'no', '', 1, 'B', 'red.png', '', 'GB', 'BURGLARIES IN HOUSE', '2018-8-7 12:38:15'),
(430, 1, 'Tambaram - Mudichur - Sriperumbudur Road 10', '600063', 'Mudichur', 'India', 0, 12.92023754119873, 80.08821105957031, 'no', '', 1, '', 'blue.png', '', '', '', ''),
(431, 2, 'Watrap Koomapatty Road', '626132', 'Virudhunagar', 'India', 0, 9.64101409912109, 77.63728332519531, 'no', '', 1, '', 'blue.png', '', '', '', ''),
(432, 1, 'Falaida Bangar Falaida-Rabupura Road', '203209', 'Gautam Buddh Nagar', 'India', 1, 28.22231101989746, 77.55777740478516, 'no', '', 1, 'B', 'red.png', '', 'GB', 'BURGLAR SHEDDING', '2018-8-11 18:35:41'),
(433, 8, 'Skeltoftevej 68', '2800', 'Kongens Lyngby', 'Denmark', 1, 55.76153945922852, 12.48035717010498, 'no', '', 1, 'B', 'red.png', '', 'GB', 'PICKPOCKET', '2018-8-12 7:6:55'),
(434, 8, 'Krakasvej 58', '2800', 'Kongens Lyngby', 'Denmark', 0, 55.76034164428711, 12.47835350036621, 'no', '', 1, 'B', 'red.png', '', 'GB', 'PICKPOCKET', '2018-8-12 7:7:9'),
(435, 8, 'Einarsvej 98', '2800', 'Kongens Lyngby', 'Denmark', 0, 55.75959396362305, 12.47547817230225, 'no', '', 1, 'B', 'red.png', '', 'GB', 'BURGLAR SHEDDING', '2018-8-12 7:7:19'),
(436, 8, 'Marie Grubbes Alle 35', '2800', 'Kongens Lyngby', 'Denmark', 1, 55.75821304321289, 12.47844791412354, 'no', '', 1, 'SS', 'yellow-alert.png', '', 'GS', 'POSSIBLE ATTENTION TO BURGLARY', '2018-8-12 7:7:30'),
(437, 8, 'Skeltoftevej 62', '2800', 'Kongens Lyngby', 'Denmark', 0, 55.76186370849609, 12.48011684417725, 'no', '', 1, '', 'blue.png', '', '', '', ''),
(438, 7, 'Chennai Chennai', '600042', 'Tamil Nadu', 'India', 0, 12.97544384002686, 80.22064208984375, 'no', '', 1, '', 'blue.png', '', '', '', ''),
(439, 7, 'Muvarasanpattu Medavakkam Main Road', '600091', 'Kanchipuram', 'India', 0, 12.96848964691162, 80.18952941894531, 'no', '', 1, 'B', 'red.png', '', '', 'BURGLARIES IN HOUSE', '2018-8-13 15:49:41'),
(440, 11, 'Marievej 2', '4000', 'Roskilde', 'Danmark', 1, 55.63198471069336, 12.02946853637695, 'no', '4530278874', 1, '', 'blue.png', '', '', '', ''),
(441, 9, 'Safirvej 6', '3650', 'Ã˜lstykke', 'Danmark', 1, 55.78582000732422, 12.16920280456543, 'no', '', 1, '', 'blue.png', '', '', '', ''),
(442, 9, 'Klavs Nebs Vej 10D', '2830', 'Virum', 'Danmark', 0, 55.79074859619141, 12.45366859436035, 'no', '', 1, 'B', 'red.png', '', 'GB', 'BURGLARIES IN HOUSE', '2018-8-13 16:24:22'),
(443, 32, 'Lyngbyvej 341', '2820', 'Gentofte', 'Denmark', 0, 55.74140167236328, 12.53520965576172, 'no', '', 1, 'B', 'red.png', '', 'GB', 'BURGLARIES IN HOUSE', '2018-8-13 16:40:58'),
(444, 32, 'FuresÃ¸vej 1B', '2830', 'Virum', 'Denmark', 0, 55.78787231445312, 12.44712066650391, 'no', '', 1, 'B', 'red.png', '', 'GB', 'BURGLARIES IN HOUSE', '2018-8-13 16:43:34'),
(445, 32, 'Virum Vandvej 36', '2830', 'Virum', 'Denmark', 0, 55.78748321533203, 12.44734001159668, 'no', '', 1, 'B', 'red.png', '', 'GB', 'BURGLARIES IN HOUSE', '2018-8-13 16:43:57'),
(446, 32, 'Virum Vandvej 36', '2830', 'Virum', 'Denmark', 0, 55.78746032714844, 12.44717407226562, 'no', '', 1, 'B', 'red.png', '', 'GB', 'BURGLARIES IN HOUSE', '2018-8-13 16:44:29'),
(447, 32, 'Virum Vandvej 36', '2830', 'Virum', 'Denmark', 0, 55.78749465942383, 12.44726467132568, 'no', '', 1, 'B', 'red.png', '', 'GB', 'BURGLARIES IN HOUSE', '2018-8-13 16:44:59'),
(448, 32, 'Virum Vandvej 38', '2830', 'Virum', 'Denmark', 1, 55.78746414184570, 12.44688224792480, 'no', '20329192', 1, '', 'blue.png', '', '', 'BURGLARIES IN HOUSE', '2018-8-13 18:33:30'),
(449, 7, 'Chennai Chennai', '600042', 'Tamil Nadu', 'India', 0, 12.97544384002686, 80.22064208984375, 'no', '', 1, '', 'blue.png', '', '', '', ''),
(450, 9, 'Virum Vandvej 24A', '2830', 'Virum', 'Danmark', 1, 55.78833007812500, 12.44996643066406, 'no', '', 1, 'B', 'red.png', '', 'GB', 'BURGLARIES IN HOUSE', '2018-8-13 18:22:28'),
(451, 32, 'FuglegÃ¥rdsvÃ¦nget 1', '2820', 'Gentofte', 'Denmark', 0, 55.74222564697266, 12.53327274322510, 'no', '', 1, 'B', 'red.png', '', 'GB', 'BURGLARIES IN HOUSE', '2018-8-13 18:26:45'),
(452, 32, 'Virum Vandvej 38', '2830', 'Virum', 'Denmark', 0, 55.78746414184570, 12.44688224792480, 'no', '', 1, '', 'blue.png', '', '', '', ''),
(453, 7, 'Chennai Chennai', '600042', 'Tamil Nadu', 'India', 1, 12.97544384002686, 80.22064208984375, 'no', '', 1, '', 'blue.png', '', '', '', ''),
(454, 1, 'Balaji Nagar Vellore', '632001', 'Vellore', 'India', 0, 12.92218971252441, 79.13231658935547, 'no', '', 1, '', 'blue.png', '', '', '', ''),
(455, 2, '', '', '', '', 0, 12.91651630401611, 79.13249969482422, 'no', '', 1, '', 'blue.png', '', '', '', ''),
(456, 2, 'Vasanthapuram Anna Salai', '632004', 'Vellore', 'India', 0, 12.92185878753662, 79.13245391845703, 'no', '', 1, '', 'blue.png', '', '', '', ''),
(457, 2, 'Vasanthapuram Vellore - Thoothukudi Highway', '632004', 'Vellore', 'India', 0, 12.91652011871338, 79.13248443603516, 'no', '', 1, '', 'blue.png', '', '', '', ''),
(458, 2, 'Karugambattur Mullai Street', '632013', 'Vellore', 'India', 0, 12.92404556274414, 79.10550689697266, 'no', '', 1, '', 'blue.png', '', '', '', ''),
(459, 1, 'Bathra Kaliyamman Chennai - Theni Highway', 'India', 'Konduraja Line', 'Tamil Nadu', 1, 10.01514053344727, 77.47891998291016, 'no', '', 1, '', 'blue.png', '', '', '', ''),
(460, 1, 'Annamalai Street 15', '600091', 'Chennai', 'India', 0, 12.97116565704346, 80.19313049316406, 'no', '', 1, '', 'blue.png', '', '', '', ''),
(461, 1, 'Velachery Road 12', '600042', 'Chennai', 'India', 1, 12.99113178253174, 80.21994018554688, 'no', '', 1, '', 'blue.png', '', '', '', ''),
(462, 1, 'Chennai Nangainallur', 'India', 'Kanchipuram', 'Tamil Nadu', 1, 12.97536087036133, 80.19012451171875, 'no', '', 1, '', 'blue.png', '', '', '', ''),
(463, 11, 'GÃ¸rlÃ¸sevej 13', '3550', 'Slangerup', 'Danmark', 1, 55.86658477783203, 12.23493766784668, 'no', '', 1, 'P', 'yellow-siren.png', '', 'GS', 'SUSPICIOUS PERSON', '2018-8-15 18:42:51'),
(464, 1, 'Balaji Nagar Fort Round Road', '632004', 'Vellore', 'India', 1, 12.92099952697754, 79.12962341308594, 'no', '', 1, '', 'blue.png', '', '', '', ''),
(465, 2, '1st Street Extension 3', '600091', 'Chennai', 'India', 1, 12.96990776062012, 80.20736694335938, 'no', '', 1, '', 'blue.png', '', '', '', ''),
(466, 2, 'Ram Nagar North Extn. 6th Street 5070', '600091', 'Chennai', 'India', 1, 12.96916580200195, 80.21011352539062, 'no', '', 1, '', 'blue.png', '', '', '', ''),
(467, 8, 'SnogegÃ¥rdsvej 81', '2820', 'Gentofte', 'Denmark', 1, 55.74924087524414, 12.50424194335938, 'no', '', 1, 'B', 'red.png', '', 'GB', 'PICKPOCKET', '2018-8-16 12:39:9'),
(468, 8, 'BirkhÃ¸jvej 7 1', '2800', 'Kongens Lyngby', 'Denmark', 1, 55.76179885864258, 12.48303031921387, 'no', '', 1, '', 'blue.png', '', '', '', ''),
(469, 8, 'Dharga Road 12', '600043', 'Chennai', 'India', 1, 12.96343612670898, 80.17080688476562, 'no', '', 1, 'B', 'red.png', '', 'GB', 'ASSAULT', '2018-8-16 16:32:1'),
(470, 8, 'Gladsaxe MÃ¸llevej 118', '2860', 'SÃ¸borg', 'Denmark', 1, 55.74610519409180, 12.47230911254883, 'no', '', 1, 'B', 'red.png', '', 'GB', 'PICKPOCKET', '2018-8-16 16:52:25'),
(471, 32, 'Svalevej 3', '4581', 'RÃ¸rvig', 'Denmark', 1, 55.94604873657227, 11.74758529663086, 'no', '', 1, '', 'blue.png', '', '', '', ''),
(472, 2, 'Ramakrishna Mutt Road 240/140', '600004', 'Chennai', 'India', 1, 13.03704261779785, 80.26776123046875, 'no', '', 1, '', 'blue.png', '', '', '', ''),
(473, 11, 'Skolelodden 6', '3550', 'Slangerup', 'Danmark', 1, 55.86807250976562, 12.23632812500000, 'yes', '004538278874', 1, '', 'blue.png', '', '', '', '');

-- --------------------------------------------------------

--
-- Table structure for table `admin_setting`
--

CREATE TABLE `admin_setting` (
  `id` int(11) NOT NULL,
  `service` varchar(50) NOT NULL,
  `data` varchar(255) NOT NULL,
  `status` smallint(1) NOT NULL
) ENGINE=MyISAM DEFAULT CHARSET=latin1;

--
-- Dumping data for table `admin_setting`
--

INSERT INTO `admin_setting` (`id`, `service`, `data`, `status`) VALUES
(1, 'tread_alert', '1', 1),
(2, 'refresh', '1', 1),
(3, 'shop_url', '/shopping', 1),
(4, 'offer', '/nsbosite/offers', 1),
(5, 'pull_time', '12:00 PM', 1),
(6, 'threat_reset', '3', 1);

-- --------------------------------------------------------

--
-- Table structure for table `alert_log`
--

CREATE TABLE `alert_log` (
  `alert_log_id` int(11) NOT NULL,
  `sender_id` int(11) DEFAULT NULL,
  `receiver_id` int(11) DEFAULT NULL,
  `alert_status_type` varchar(10) NOT NULL,
  `saw_the_same` varchar(25) DEFAULT NULL,
  `address_id` bigint(20) NOT NULL,
  `is_active` tinyint(4) NOT NULL DEFAULT '1',
  `log_state` tinyint(4) NOT NULL DEFAULT '1',
  `message` varchar(255) NOT NULL DEFAULT 'Your are Signed up.',
  `time` timestamp NOT NULL DEFAULT CURRENT_TIMESTAMP ON UPDATE CURRENT_TIMESTAMP
) ENGINE=InnoDB DEFAULT CHARSET=utf8;

--
-- Dumping data for table `alert_log`
--

INSERT INTO `alert_log` (`alert_log_id`, `sender_id`, `receiver_id`, `alert_status_type`, `saw_the_same`, `address_id`, `is_active`, `log_state`, `message`, `time`) VALUES
(1, 9, 8, 'SC', NULL, 257, 0, 0, 'SUSPICIOUS CAR', '2018-05-14 12:43:58'),
(2, 9, 8, 'SC', NULL, 258, 0, 0, 'SUSPICIOUS CAR', '2018-06-18 16:47:54'),
(3, 9, 8, 'SC', NULL, 259, 0, 0, 'SUSPICIOUS PERSON', '2018-06-18 16:47:54'),
(4, 9, 8, 'SC', NULL, 260, 0, 0, 'Sort jakke og blÃ¥ hue', '2018-06-18 16:47:54'),
(5, 9, 8, 'BC', NULL, 261, 0, 0, 'BURGLARIES IN HOUSE', '2018-06-18 16:47:54'),
(6, 8, 1, 'SC', NULL, 262, 0, 0, 'POSSIBLE ATTENTION TO BURGLARY', '2018-05-16 08:37:29'),
(7, 8, 2, 'SC', NULL, 262, 0, 0, 'POSSIBLE ATTENTION TO BURGLARY', '2018-05-16 08:37:29'),
(8, 8, 2, 'SC', NULL, 262, 0, 0, 'POSSIBLE ATTENTION TO BURGLARY', '2018-05-16 08:37:29'),
(9, 8, 3, 'SC', NULL, 262, 0, 0, 'POSSIBLE ATTENTION TO BURGLARY', '2018-05-16 08:37:29'),
(10, 8, 4, 'SC', NULL, 262, 0, 0, 'POSSIBLE ATTENTION TO BURGLARY', '2018-05-16 08:37:29'),
(11, 8, 5, 'SC', NULL, 262, 0, 0, 'POSSIBLE ATTENTION TO BURGLARY', '2018-05-16 08:37:29'),
(12, 2, 1, 'SC', NULL, 263, 0, 0, 'SUSPICIOUS CAR', '2018-05-17 09:03:56'),
(13, 2, 3, 'SC', NULL, 263, 0, 0, 'SUSPICIOUS CAR', '2018-05-17 09:03:56'),
(14, 2, 4, 'SC', NULL, 263, 0, 0, 'SUSPICIOUS CAR', '2018-05-17 09:03:56'),
(15, 2, 5, 'SC', NULL, 263, 0, 0, 'SUSPICIOUS CAR', '2018-05-17 09:03:56'),
(16, 2, 6, 'SC', NULL, 263, 0, 0, 'SUSPICIOUS CAR', '2018-05-17 09:03:56'),
(17, 2, 7, 'SC', NULL, 263, 0, 0, 'SUSPICIOUS CAR', '2018-05-17 09:03:56'),
(18, 2, 1, 'SC', NULL, 277, 0, 0, 'SUSPICIOUS PERSON', '2018-05-17 10:51:08'),
(19, 2, 3, 'SC', NULL, 277, 0, 0, 'SUSPICIOUS PERSON', '2018-05-17 10:51:08'),
(20, 2, 4, 'SC', NULL, 277, 0, 0, 'SUSPICIOUS PERSON', '2018-05-17 10:51:08'),
(21, 2, 5, 'SC', NULL, 277, 0, 0, 'SUSPICIOUS PERSON', '2018-05-17 10:51:08'),
(22, 2, 6, 'SC', NULL, 277, 0, 0, 'SUSPICIOUS PERSON', '2018-05-17 10:51:08'),
(23, 2, 1, 'SC', NULL, 278, 0, 0, 'SUSPICIOUS CAR', '2018-05-17 10:51:08'),
(24, 2, 3, 'SC', NULL, 278, 0, 0, 'SUSPICIOUS CAR', '2018-05-17 10:51:08'),
(25, 2, 4, 'SC', NULL, 278, 0, 0, 'SUSPICIOUS CAR', '2018-05-17 10:51:08'),
(26, 2, 5, 'SC', NULL, 278, 0, 0, 'SUSPICIOUS CAR', '2018-05-17 10:51:08'),
(27, 2, 6, 'SC', NULL, 278, 0, 0, 'SUSPICIOUS CAR', '2018-05-17 10:51:08'),
(28, 1, 2, 'N', NULL, 2, 0, 0, 'BURGLARIES IN HOUSE', '2018-05-17 10:59:38'),
(29, 2, 3, 'N', NULL, 2, 0, 0, 'please check my home.', '2018-05-17 10:59:38'),
(30, 2, 4, 'N', NULL, 2, 0, 0, 'please check my home.', '2018-05-17 10:59:38'),
(31, 2, 5, 'N', NULL, 2, 0, 0, 'please check my home.', '2018-05-17 10:59:38'),
(32, 2, 6, 'N', NULL, 2, 0, 0, 'please check my home.', '2018-05-17 10:59:38'),
(33, 2, 7, 'N', NULL, 2, 0, 0, 'please check my home.', '2018-05-17 10:59:38'),
(34, 1, 2, 'N', NULL, 2, 0, 0, 'ASSAULT', '2018-05-17 11:04:16'),
(35, 2, 3, 'N', NULL, 2, 0, 0, 'please check my home.', '2018-05-17 11:04:16'),
(36, 2, 4, 'N', NULL, 2, 0, 0, 'please check my home.', '2018-05-17 11:04:16'),
(37, 2, 5, 'N', NULL, 2, 0, 0, 'please check my home.', '2018-05-17 11:04:16'),
(38, 2, 6, 'N', NULL, 2, 0, 0, 'please check my home.', '2018-05-17 11:04:16'),
(39, 2, 7, 'N', NULL, 2, 0, 0, 'please check my home.', '2018-05-17 11:04:16'),
(40, 1, 2, 'N', NULL, 2, 0, 0, 'ASSAULT', '2018-05-17 11:05:18'),
(41, 2, 3, 'N', NULL, 2, 0, 0, 'please check my home.', '2018-05-17 11:05:18'),
(42, 2, 4, 'N', NULL, 2, 0, 0, 'please check my home.', '2018-05-17 11:05:18'),
(43, 2, 5, 'N', NULL, 2, 0, 0, 'please check my home.', '2018-05-17 11:05:18'),
(44, 2, 6, 'N', NULL, 2, 0, 0, 'please check my home.', '2018-05-17 11:05:18'),
(45, 2, 7, 'N', NULL, 2, 0, 0, 'please check my home.', '2018-05-17 11:05:18'),
(46, 1, 2, 'N', NULL, 2, 0, 0, 'SUSPICIOUS CAR', '2018-05-17 11:06:19'),
(47, 2, 3, 'N', NULL, 2, 0, 0, 'please check my home.', '2018-05-17 11:06:19'),
(48, 2, 4, 'N', NULL, 2, 0, 0, 'please check my home.', '2018-05-17 11:06:19'),
(49, 2, 5, 'N', NULL, 2, 0, 0, 'please check my home.', '2018-05-17 11:06:19'),
(50, 2, 6, 'N', NULL, 2, 0, 0, 'please check my home.', '2018-05-17 11:06:19'),
(51, 2, 7, 'N', NULL, 2, 0, 0, 'please check my home.', '2018-05-17 11:06:19'),
(52, 8, 9, 'BC', NULL, 282, 0, 0, 'Need for sunday', '2018-05-24 12:42:18'),
(53, NULL, 2, 'N', NULL, 2, 0, 0, 'test alert', '2018-05-18 11:04:55'),
(54, NULL, 2, 'N', NULL, 2, 0, 0, 'test alert', '2018-05-18 11:04:55'),
(55, NULL, 2, 'N', NULL, 2, 0, 0, 'test alert', '2018-05-18 11:13:22'),
(56, NULL, 2, 'N', NULL, 2, 0, 0, 'test alert', '2018-05-18 11:13:22'),
(57, 2, 1, 'N', NULL, 2, 0, 0, 'please check my home.', '2018-05-18 11:13:22'),
(58, 2, 3, 'N', NULL, 2, 0, 0, 'please check my home.', '2018-05-18 11:13:22'),
(59, 2, 4, 'N', NULL, 2, 0, 0, 'please check my home.', '2018-05-18 11:13:22'),
(60, 2, 5, 'N', NULL, 2, 0, 0, 'please check my home.', '2018-05-18 11:13:22'),
(61, 2, 6, 'N', NULL, 2, 0, 0, 'please check my home.', '2018-05-18 11:13:22'),
(62, 2, 7, 'N', NULL, 2, 0, 0, 'please check my home.', '2018-05-18 11:13:22'),
(63, NULL, 2, 'N', NULL, 2, 0, 0, 'test alert for user', '2018-05-18 12:15:49'),
(64, 2, 1, 'N', NULL, 2, 0, 0, 'please check my home.', '2018-05-18 12:15:49'),
(65, 2, 3, 'N', NULL, 2, 0, 0, 'please check my home.', '2018-05-18 12:15:49'),
(66, 2, 4, 'N', NULL, 2, 0, 0, 'please check my home.', '2018-05-18 12:15:49'),
(67, 2, 5, 'N', NULL, 2, 0, 0, 'please check my home.', '2018-05-18 12:15:49'),
(68, 2, 6, 'BC', NULL, 263, 1, 1, 'please check my home.', '2018-05-18 12:15:03'),
(69, 2, 7, 'BC', NULL, 263, 0, 1, 'please check my home.', '2018-06-27 10:35:43'),
(70, NULL, 2, 'N', NULL, 2, 0, 0, 'test alert for user', '2018-05-18 12:15:49'),
(71, 2, 1, 'N', NULL, 2, 0, 0, 'please check my home.', '2018-05-18 12:15:49'),
(72, 2, 3, 'N', NULL, 2, 0, 0, 'please check my home.', '2018-05-18 12:15:49'),
(73, 2, 4, 'N', NULL, 2, 0, 0, 'please check my home.', '2018-05-18 12:15:49'),
(74, 2, 5, 'N', NULL, 2, 0, 0, 'please check my home.', '2018-05-18 12:15:49'),
(75, 2, 6, 'N', NULL, 2, 0, 0, 'please check my home.', '2018-05-18 12:15:49'),
(76, 2, 7, 'N', NULL, 2, 0, 0, 'please check my home.', '2018-05-18 12:15:49'),
(77, NULL, 2, 'N', NULL, 2, 0, 0, 'test alert 2', '2018-05-18 12:41:15'),
(78, 2, 1, 'N', NULL, 2, 0, 0, 'please check my home.', '2018-05-18 12:41:15'),
(79, 2, 3, 'N', NULL, 2, 0, 0, 'please check my home.', '2018-05-18 12:41:15'),
(80, 2, 4, 'N', NULL, 2, 0, 0, 'please check my home.', '2018-05-18 12:41:15'),
(81, 2, 5, 'N', NULL, 2, 0, 0, 'please check my home.', '2018-05-18 12:41:15'),
(82, 2, 6, 'N', NULL, 2, 0, 0, 'please check my home.', '2018-05-18 12:41:15'),
(83, 2, 7, 'N', NULL, 2, 0, 0, 'please check my home.', '2018-05-18 12:41:15'),
(84, NULL, 2, 'N', NULL, 2, 0, 0, 'test alert 3', '2018-05-18 12:46:09'),
(85, 2, 1, 'N', NULL, 2, 0, 0, 'please check my home.', '2018-05-18 12:46:09'),
(86, 2, 3, 'N', NULL, 2, 0, 0, 'please check my home.', '2018-05-18 12:46:09'),
(87, 2, 4, 'N', NULL, 2, 0, 0, 'please check my home.', '2018-05-18 12:46:09'),
(88, 2, 5, 'N', NULL, 2, 0, 0, 'please check my home.', '2018-05-18 12:46:09'),
(89, 2, 6, 'N', NULL, 2, 0, 0, 'please check my home.', '2018-05-18 12:46:09'),
(90, 2, 7, 'N', NULL, 2, 0, 0, 'please check my home.', '2018-05-18 12:46:09'),
(91, NULL, 2, 'N', NULL, 2, 0, 0, 'test alert 4', '2018-05-18 13:35:31'),
(92, 2, 1, 'N', NULL, 2, 0, 0, 'please check my home.', '2018-05-18 13:35:31'),
(93, 2, 3, 'N', NULL, 2, 0, 0, 'please check my home.', '2018-05-18 13:35:31'),
(94, 2, 4, 'N', NULL, 2, 0, 0, 'please check my home.', '2018-05-18 13:35:31'),
(95, 2, 5, 'N', NULL, 2, 0, 0, 'please check my home.', '2018-05-18 13:35:31'),
(96, 2, 6, 'N', NULL, 2, 0, 0, 'please check my home.', '2018-05-18 13:35:31'),
(97, 2, 7, 'N', NULL, 2, 0, 0, 'please check my home.', '2018-05-18 13:35:31'),
(98, NULL, 2, 'N', NULL, 2, 0, 0, 'test alert', '2018-05-18 14:49:12'),
(99, 2, 1, 'N', NULL, 2, 0, 0, 'please check my home.', '2018-05-18 14:49:12'),
(100, 2, 3, 'N', NULL, 2, 0, 0, 'please check my home.', '2018-05-18 14:49:12'),
(101, 2, 4, 'N', NULL, 2, 0, 0, 'please check my home.', '2018-05-18 14:49:12'),
(102, 2, 5, 'N', NULL, 2, 0, 0, 'please check my home.', '2018-05-18 14:49:12'),
(103, 2, 6, 'N', NULL, 2, 0, 0, 'please check my home.', '2018-05-18 14:49:12'),
(104, 2, 7, 'N', NULL, 2, 0, 0, 'please check my home.', '2018-05-18 14:49:12'),
(105, NULL, 2, 'N', NULL, 2, 0, 0, 'test alert', '2018-05-18 15:09:18'),
(106, 2, 1, 'N', NULL, 2, 0, 0, 'please check my home.', '2018-05-18 15:09:18'),
(107, 2, 3, 'N', NULL, 2, 0, 0, 'please check my home.', '2018-05-18 15:09:18'),
(108, 2, 4, 'N', NULL, 2, 0, 0, 'please check my home.', '2018-05-18 15:09:18'),
(109, 2, 5, 'N', NULL, 2, 0, 0, 'please check my home.', '2018-05-18 15:09:18'),
(110, 2, 6, 'N', NULL, 2, 0, 0, 'please check my home.', '2018-05-18 15:09:18'),
(111, 2, 7, 'N', NULL, 2, 0, 0, 'please check my home.', '2018-05-18 15:09:18'),
(112, NULL, 1, 'N', NULL, 283, 0, 0, 'test alert 5', '2018-05-19 07:23:21'),
(113, 1, 2, 'N', NULL, 283, 0, 0, 'please check my home.', '2018-05-19 07:23:21'),
(114, 1, 2, 'N', NULL, 283, 0, 0, 'please check my home.', '2018-05-19 07:23:21'),
(115, 1, 3, 'N', NULL, 283, 0, 0, 'please check my home.', '2018-05-19 07:23:21'),
(116, 1, 4, 'N', NULL, 283, 0, 0, 'please check my home.', '2018-05-19 07:23:21'),
(117, 1, 5, 'N', NULL, 283, 0, 0, 'please check my home.', '2018-05-19 07:23:21'),
(118, 1, 6, 'N', NULL, 283, 0, 0, 'please check my home.', '2018-05-19 07:23:21'),
(119, 8, 9, 'BC', NULL, 284, 0, 0, 'PICKPOCKET', '2018-05-19 07:27:09'),
(120, 8, 9, 'BC', NULL, 285, 0, 0, 'PICKPOCKET', '2018-08-13 15:26:18'),
(121, 8, 9, 'BC', NULL, 286, 0, 0, 'PICKPOCKET', '2018-08-13 15:26:11'),
(122, 8, 9, 'BC', NULL, 287, 0, 1, 'PICKPOCKET', '2018-05-24 19:52:56'),
(123, 1, 2, 'SC', NULL, 288, 0, 0, 'SUSPICIOUS CAR', '2018-05-19 08:05:06'),
(124, 1, 2, 'SC', NULL, 288, 0, 0, 'SUSPICIOUS CAR', '2018-05-19 08:05:06'),
(125, 1, 3, 'SC', NULL, 288, 0, 0, 'SUSPICIOUS CAR', '2018-05-19 08:05:06'),
(126, 1, 5, 'SC', NULL, 288, 0, 0, 'SUSPICIOUS CAR', '2018-05-19 08:05:06'),
(127, 1, 6, 'SC', NULL, 288, 0, 0, 'SUSPICIOUS CAR', '2018-05-19 08:05:06'),
(128, 1, 2, 'BC', NULL, 289, 0, 0, 'BURGLARIES IN HOUSE', '2018-05-19 08:06:25'),
(129, 1, 2, 'BC', NULL, 289, 0, 0, 'BURGLARIES IN HOUSE', '2018-05-19 08:06:25'),
(130, 1, 5, 'BC', NULL, 289, 0, 0, 'BURGLARIES IN HOUSE', '2018-05-19 08:06:25'),
(131, 1, 6, 'BC', NULL, 289, 0, 0, 'BURGLARIES IN HOUSE', '2018-05-19 08:06:25'),
(132, 1, 2, 'SC', NULL, 290, 0, 0, 'SUSPICIOUS PERSON', '2018-05-19 08:06:43'),
(133, 1, 2, 'SC', NULL, 290, 0, 0, 'SUSPICIOUS PERSON', '2018-05-19 08:06:43'),
(134, 1, 5, 'SC', NULL, 290, 0, 0, 'SUSPICIOUS PERSON', '2018-05-19 08:06:43'),
(135, 9, 8, 'BC', NULL, 291, 0, 0, 'BURGLARIES IN HOUSE', '2018-06-18 16:47:54'),
(136, 7, 1, 'BC', NULL, 292, 0, 0, 'BURGLAR BURGLARY', '2018-06-14 15:55:59'),
(137, 7, 1, 'BC', NULL, 292, 0, 0, 'BURGLAR BURGLARY', '2018-06-14 15:55:59'),
(138, 7, 2, 'BC', NULL, 292, 0, 0, 'BURGLAR BURGLARY', '2018-06-14 15:55:59'),
(139, 7, 2, 'BC', NULL, 292, 0, 0, 'BURGLAR BURGLARY', '2018-06-14 15:55:59'),
(140, 7, 3, 'BC', NULL, 292, 0, 0, 'BURGLAR BURGLARY', '2018-06-14 15:55:59'),
(141, 7, 4, 'BC', NULL, 292, 0, 0, 'BURGLAR BURGLARY', '2018-06-14 15:55:59'),
(142, 7, 5, 'BC', NULL, 292, 0, 0, 'BURGLAR BURGLARY', '2018-06-14 15:55:59'),
(143, 7, 6, 'BC', NULL, 292, 0, 0, 'BURGLAR BURGLARY', '2018-06-14 15:55:59'),
(144, NULL, 7, 'N', NULL, 34, 0, 0, 'tesrt alert', '2018-05-22 16:12:14'),
(145, 7, 1, 'N', NULL, 34, 0, 0, 'please check my home.', '2018-05-22 16:12:14'),
(146, 7, 1, 'N', NULL, 34, 0, 0, 'please check my home.', '2018-05-22 16:12:14'),
(147, 7, 2, 'N', NULL, 34, 0, 0, 'please check my home.', '2018-05-22 16:12:14'),
(148, 7, 2, 'N', NULL, 34, 0, 0, 'please check my home.', '2018-05-22 16:12:14'),
(149, 7, 3, 'N', NULL, 34, 0, 0, 'please check my home.', '2018-05-22 16:12:14'),
(150, 7, 4, 'N', NULL, 34, 0, 0, 'please check my home.', '2018-05-22 16:12:14'),
(151, 7, 5, 'N', NULL, 34, 0, 0, 'please check my home.', '2018-05-22 16:12:14'),
(152, 7, 6, 'N', NULL, 34, 0, 0, 'please check my home.', '2018-05-22 16:12:14'),
(153, NULL, 7, 'N', NULL, 293, 0, 0, 'camera test', '2018-06-27 07:15:05'),
(154, 7, 1, 'N', NULL, 293, 0, 0, 'please check my home.', '2018-06-27 07:15:05'),
(155, 7, 1, 'N', NULL, 293, 0, 0, 'please check my home.', '2018-06-27 07:15:05'),
(156, 7, 2, 'N', NULL, 293, 0, 0, 'please check my home.', '2018-06-27 07:15:05'),
(157, 7, 2, 'N', NULL, 293, 0, 0, 'please check my home.', '2018-06-27 07:15:05'),
(158, 7, 3, 'N', NULL, 293, 0, 0, 'please check my home.', '2018-06-27 07:15:05'),
(159, 7, 6, 'N', NULL, 293, 0, 0, 'please check my home.', '2018-06-27 07:15:05'),
(160, NULL, 8, 'N', NULL, 48, 0, 0, 'Crazy break in', '2018-05-24 09:06:44'),
(161, 8, 9, 'N', NULL, 48, 0, 0, 'please check my home.', '2018-05-24 09:06:44'),
(162, NULL, 2, 'N', NULL, 2, 0, 0, 'owner test alert', '2018-05-24 08:00:32'),
(163, 2, 1, 'N', NULL, 2, 0, 0, 'please check my home.', '2018-05-24 08:00:32'),
(164, 2, 1, 'N', NULL, 2, 0, 0, 'please check my home.', '2018-05-24 08:00:32'),
(165, 2, 3, 'N', NULL, 2, 0, 0, 'please check my home.', '2018-05-24 08:00:32'),
(166, 2, 4, 'N', NULL, 2, 0, 0, 'please check my home.', '2018-05-24 08:00:32'),
(167, 2, 5, 'N', NULL, 2, 0, 0, 'please check my home.', '2018-05-24 08:00:32'),
(168, 2, 6, 'N', NULL, 2, 0, 0, 'please check my home.', '2018-05-24 08:00:32'),
(169, 2, 7, 'N', NULL, 2, 0, 0, 'please check my home.', '2018-05-24 08:00:32'),
(170, NULL, 8, 'N', NULL, 48, 0, 0, 'Jump n Petrol theft', '2018-05-24 12:42:25'),
(171, 8, 9, 'N', NULL, 48, 0, 0, 'please check my home.', '2018-05-24 12:42:25'),
(172, 8, 10, 'N', NULL, 48, 0, 0, 'please check my home.', '2018-05-24 12:42:25'),
(173, NULL, 8, 'N', NULL, 48, 0, 0, 'test canera alert - petrol theft', '2018-05-24 12:43:58'),
(174, 8, 9, 'N', NULL, 48, 0, 0, 'please check my home.', '2018-05-24 12:43:58'),
(175, 8, 10, 'N', NULL, 48, 0, 0, 'please check my home.', '2018-05-24 12:43:58'),
(176, NULL, 8, 'N', NULL, 48, 0, 0, 'test camera alert - diesel theft', '2018-06-29 14:46:39'),
(177, 8, 9, 'N', NULL, 48, 0, 0, 'please check my home.', '2018-06-29 14:46:39'),
(178, 8, 10, 'N', NULL, 48, 0, 0, 'please check my home.', '2018-06-29 14:46:39'),
(179, 10, 8, 'SC', NULL, 295, 0, 0, 'SUSPICIOUS PERSON', '2018-05-24 19:37:09'),
(180, 10, 9, 'SC', NULL, 295, 0, 0, 'SUSPICIOUS PERSON', '2018-05-24 19:37:09'),
(181, 10, 8, 'BC', NULL, 296, 0, 0, 'ASSAULT', '2018-05-24 19:46:10'),
(182, 10, 9, 'BC', NULL, 296, 0, 0, 'ASSAULT', '2018-05-24 19:46:10'),
(183, 10, 8, 'BC', NULL, 297, 0, 0, 'PICKPOCKET', '2018-05-24 19:47:23'),
(184, 10, 9, 'BC', NULL, 297, 0, 0, 'PICKPOCKET', '2018-05-24 19:47:23'),
(185, 10, 8, 'BC', NULL, 298, 0, 0, 'BURGLARIES IN HOUSE', '2018-05-24 19:48:27'),
(186, 10, 9, 'BC', NULL, 298, 0, 0, 'BURGLARIES IN HOUSE', '2018-05-24 19:48:27'),
(187, 10, 8, 'BC', NULL, 299, 0, 0, 'PICKPOCKET', '2018-05-24 19:49:53'),
(188, 10, 9, 'BC', NULL, 299, 0, 0, 'PICKPOCKET', '2018-05-24 19:49:53'),
(189, 10, 8, 'BC', NULL, 300, 0, 0, 'BURGLARIES IN HOUSE', '2018-05-24 19:52:47'),
(190, 10, 9, 'BC', NULL, 300, 0, 0, 'BURGLARIES IN HOUSE', '2018-05-24 19:52:47'),
(191, 9, 8, 'BC', NULL, 301, 0, 0, 'BURGLARIES IN HOUSE', '2018-05-24 19:52:37'),
(192, 9, 10, 'BC', NULL, 301, 0, 0, 'BURGLARIES IN HOUSE', '2018-05-24 19:52:37'),
(193, 9, 8, 'BC', NULL, 302, 0, 0, 'BURGLARIES IN HOUSE', '2018-06-18 16:47:54'),
(194, 9, 10, 'BC', NULL, 302, 0, 0, 'BURGLARIES IN HOUSE', '2018-06-18 16:47:54'),
(195, 10, 8, 'BC', NULL, 303, 1, 1, 'BURGLARIES IN HOUSE', '2018-05-24 19:53:49'),
(196, 10, 9, 'BC', NULL, 303, 0, 1, 'BURGLARIES IN HOUSE', '2018-07-06 17:53:25'),
(197, NULL, 2, 'N', NULL, 2, 0, 0, 'test alert', '2018-05-26 11:20:01'),
(198, 2, 1, 'N', NULL, 2, 0, 0, 'please check my home.', '2018-05-26 11:20:01'),
(199, 2, 1, 'N', NULL, 2, 0, 0, 'please check my home.', '2018-05-26 11:20:01'),
(200, 2, 3, 'N', NULL, 2, 0, 0, 'please check my home.', '2018-05-26 11:20:01'),
(201, 2, 4, 'N', NULL, 2, 0, 0, 'please check my home.', '2018-05-26 11:20:01'),
(202, 2, 5, 'N', NULL, 2, 0, 0, 'please check my home.', '2018-05-26 11:20:01'),
(203, 2, 6, 'N', NULL, 2, 0, 0, 'please check my home.', '2018-05-26 11:20:01'),
(204, 2, 7, 'N', NULL, 2, 0, 0, 'please check my home.', '2018-05-26 11:20:01'),
(205, 1, 2, 'SC', NULL, 308, 0, 0, 'SUSPICIOUS BEHAVIOR FROM PEOPLE', '2018-06-08 08:29:20'),
(206, 1, 2, 'SC', NULL, 308, 0, 0, 'SUSPICIOUS BEHAVIOR FROM PEOPLE', '2018-06-08 08:29:20'),
(207, 1, 2, 'SC', NULL, 308, 0, 0, 'SUSPICIOUS BEHAVIOR FROM PEOPLE', '2018-06-08 08:29:20'),
(208, 1, 3, 'SC', NULL, 308, 0, 0, 'SUSPICIOUS BEHAVIOR FROM PEOPLE', '2018-06-08 08:29:20'),
(209, 1, 4, 'SC', NULL, 308, 0, 0, 'SUSPICIOUS BEHAVIOR FROM PEOPLE', '2018-06-08 08:29:20'),
(210, 1, 5, 'SC', NULL, 308, 0, 0, 'SUSPICIOUS BEHAVIOR FROM PEOPLE', '2018-06-08 08:29:20'),
(211, 1, 6, 'SC', NULL, 308, 0, 0, 'SUSPICIOUS BEHAVIOR FROM PEOPLE', '2018-06-08 08:29:20'),
(212, 1, 2, 'BC', NULL, 309, 0, 0, 'ASSAULT', '2018-06-08 08:31:50'),
(213, 1, 2, 'BC', NULL, 309, 0, 0, 'ASSAULT', '2018-06-08 08:31:50'),
(214, 1, 2, 'BC', NULL, 309, 0, 0, 'ASSAULT', '2018-06-08 08:31:50'),
(215, 1, 3, 'BC', NULL, 309, 0, 0, 'ASSAULT', '2018-06-08 08:31:50'),
(216, 1, 4, 'BC', NULL, 309, 0, 0, 'ASSAULT', '2018-06-08 08:31:50'),
(217, 1, 5, 'BC', NULL, 309, 0, 0, 'ASSAULT', '2018-06-08 08:31:50'),
(218, 1, 6, 'BC', NULL, 309, 0, 0, 'ASSAULT', '2018-06-08 08:31:50'),
(219, 1, 2, 'BC', NULL, 310, 0, 0, 'BURGLAR BURGLARY', '2018-06-08 08:34:15'),
(220, 1, 2, 'BC', NULL, 310, 0, 0, 'BURGLAR BURGLARY', '2018-06-08 08:34:15'),
(221, 1, 2, 'BC', NULL, 310, 0, 0, 'BURGLAR BURGLARY', '2018-06-08 08:34:15'),
(222, 1, 3, 'BC', NULL, 310, 0, 0, 'BURGLAR BURGLARY', '2018-06-08 08:34:15'),
(223, 1, 4, 'BC', NULL, 310, 0, 0, 'BURGLAR BURGLARY', '2018-06-08 08:34:15'),
(224, 1, 5, 'BC', NULL, 310, 0, 0, 'BURGLAR BURGLARY', '2018-06-08 08:34:15'),
(225, 1, 6, 'BC', NULL, 310, 0, 0, 'BURGLAR BURGLARY', '2018-06-08 08:34:15'),
(226, 1, 2, 'SC', NULL, 311, 0, 0, 'SUSPICIOUS CAR', '2018-06-08 08:39:41'),
(227, 1, 2, 'SC', NULL, 311, 0, 0, 'SUSPICIOUS CAR', '2018-06-08 08:39:41'),
(228, 1, 3, 'SC', NULL, 311, 0, 0, 'SUSPICIOUS CAR', '2018-06-08 08:39:41'),
(229, 1, 4, 'SC', NULL, 311, 0, 0, 'SUSPICIOUS CAR', '2018-06-08 08:39:41'),
(230, 1, 5, 'SC', NULL, 311, 0, 0, 'SUSPICIOUS CAR', '2018-06-08 08:39:41'),
(231, 1, 6, 'SC', NULL, 311, 0, 0, 'SUSPICIOUS CAR', '2018-06-08 08:39:41'),
(232, 1, 2, 'BC', NULL, 312, 0, 0, 'BURGLAR BURGLARY', '2018-06-08 08:39:36'),
(233, 1, 2, 'BC', NULL, 312, 0, 0, 'BURGLAR BURGLARY', '2018-06-08 08:39:36'),
(234, 1, 2, 'BC', NULL, 312, 0, 0, 'BURGLAR BURGLARY', '2018-06-08 08:39:36'),
(235, 1, 3, 'BC', NULL, 312, 0, 0, 'BURGLAR BURGLARY', '2018-06-08 08:39:36'),
(236, 1, 4, 'BC', NULL, 312, 0, 0, 'BURGLAR BURGLARY', '2018-06-08 08:39:36'),
(237, 1, 5, 'BC', NULL, 312, 0, 0, 'BURGLAR BURGLARY', '2018-06-08 08:39:36'),
(238, 1, 6, 'BC', NULL, 312, 0, 0, 'BURGLAR BURGLARY', '2018-06-08 08:39:36'),
(239, 1, 2, 'BC', NULL, 313, 0, 0, 'ASSAULT', '2018-06-08 08:45:18'),
(240, 1, 2, 'BC', NULL, 313, 0, 0, 'ASSAULT', '2018-06-08 08:45:18'),
(241, 1, 3, 'BC', NULL, 313, 0, 0, 'ASSAULT', '2018-06-08 08:45:18'),
(242, 1, 4, 'BC', NULL, 313, 0, 0, 'ASSAULT', '2018-06-08 08:45:18'),
(243, 1, 5, 'BC', NULL, 313, 0, 0, 'ASSAULT', '2018-06-08 08:45:18'),
(244, 1, 6, 'BC', NULL, 313, 0, 0, 'ASSAULT', '2018-06-08 08:45:18'),
(245, 1, 2, 'SC', NULL, 314, 0, 0, 'SUSPICIOUS CAR', '2018-06-08 08:52:32'),
(246, 1, 2, 'SC', NULL, 314, 0, 0, 'SUSPICIOUS CAR', '2018-06-08 08:52:32'),
(247, 1, 3, 'SC', NULL, 314, 0, 0, 'SUSPICIOUS CAR', '2018-06-08 08:52:32'),
(248, 1, 4, 'SC', NULL, 314, 0, 0, 'SUSPICIOUS CAR', '2018-06-08 08:52:32'),
(249, 1, 5, 'SC', NULL, 314, 0, 0, 'SUSPICIOUS CAR', '2018-06-08 08:52:32'),
(250, 1, 6, 'SC', NULL, 314, 0, 0, 'SUSPICIOUS CAR', '2018-06-08 08:52:32'),
(251, 1, 2, 'BC', NULL, 315, 0, 0, 'ASSAULT', '2018-06-08 09:09:15'),
(252, 1, 2, 'BC', NULL, 315, 0, 0, 'ASSAULT', '2018-06-08 09:09:15'),
(253, 1, 3, 'BC', NULL, 315, 0, 0, 'ASSAULT', '2018-06-08 09:09:15'),
(254, 1, 4, 'BC', NULL, 315, 0, 0, 'ASSAULT', '2018-06-08 09:09:15'),
(255, 1, 5, 'BC', NULL, 315, 0, 0, 'ASSAULT', '2018-06-08 09:09:15'),
(256, 1, 6, 'BC', NULL, 315, 0, 0, 'ASSAULT', '2018-06-08 09:09:15'),
(257, 1, 2, 'SC', NULL, 316, 0, 0, 'SUSPICIOUS CAR', '2018-06-08 09:09:10'),
(258, 1, 2, 'SC', NULL, 316, 0, 0, 'SUSPICIOUS CAR', '2018-06-08 09:09:10'),
(259, 1, 3, 'SC', NULL, 316, 0, 0, 'SUSPICIOUS CAR', '2018-06-08 09:09:10'),
(260, 1, 4, 'SC', NULL, 316, 0, 0, 'SUSPICIOUS CAR', '2018-06-08 09:09:10'),
(261, 1, 5, 'SC', NULL, 316, 0, 0, 'SUSPICIOUS CAR', '2018-06-08 09:09:10'),
(262, 1, 6, 'SC', NULL, 316, 0, 0, 'SUSPICIOUS CAR', '2018-06-08 09:09:10'),
(263, 1, 2, 'SC', NULL, 317, 0, 0, 'POSSIBLE ATTENTION TO BURGLARY', '2018-06-08 09:14:42'),
(264, 1, 2, 'SC', NULL, 317, 0, 0, 'POSSIBLE ATTENTION TO BURGLARY', '2018-06-08 09:14:42'),
(265, 1, 3, 'SC', NULL, 317, 0, 0, 'POSSIBLE ATTENTION TO BURGLARY', '2018-06-08 09:14:42'),
(266, 1, 4, 'SC', NULL, 317, 0, 0, 'POSSIBLE ATTENTION TO BURGLARY', '2018-06-08 09:14:42'),
(267, 1, 5, 'SC', NULL, 317, 0, 0, 'POSSIBLE ATTENTION TO BURGLARY', '2018-06-08 09:14:42'),
(268, 1, 6, 'SC', NULL, 317, 0, 0, 'POSSIBLE ATTENTION TO BURGLARY', '2018-06-08 09:14:42'),
(269, 1, 2, 'SC', NULL, 318, 0, 0, 'POSSIBLE ATTENTION TO BURGLARY', '2018-06-08 09:19:23'),
(270, 1, 2, 'SC', NULL, 318, 0, 0, 'POSSIBLE ATTENTION TO BURGLARY', '2018-06-08 09:19:23'),
(271, 1, 3, 'SC', NULL, 318, 0, 0, 'POSSIBLE ATTENTION TO BURGLARY', '2018-06-08 09:19:23'),
(272, 1, 4, 'SC', NULL, 318, 0, 0, 'POSSIBLE ATTENTION TO BURGLARY', '2018-06-08 09:19:23'),
(273, 1, 5, 'SC', NULL, 318, 0, 0, 'POSSIBLE ATTENTION TO BURGLARY', '2018-06-08 09:19:23'),
(274, 1, 6, 'SC', NULL, 318, 0, 0, 'POSSIBLE ATTENTION TO BURGLARY', '2018-06-08 09:19:23'),
(275, 1, 2, 'BC', NULL, 319, 0, 0, 'PICKPOCKET', '2018-06-08 09:24:08'),
(276, 1, 2, 'BC', NULL, 319, 0, 0, 'PICKPOCKET', '2018-06-08 09:24:08'),
(277, 1, 3, 'BC', NULL, 319, 0, 0, 'PICKPOCKET', '2018-06-08 09:24:08'),
(278, 1, 4, 'BC', NULL, 319, 0, 0, 'PICKPOCKET', '2018-06-08 09:24:08'),
(279, 1, 5, 'BC', NULL, 319, 0, 0, 'PICKPOCKET', '2018-06-08 09:24:08'),
(280, 1, 6, 'BC', NULL, 319, 0, 0, 'PICKPOCKET', '2018-06-08 09:24:08'),
(281, 1, 7, 'BC', NULL, 319, 0, 0, 'PICKPOCKET', '2018-06-08 09:24:08'),
(282, 1, 2, 'SC', NULL, 320, 0, 0, 'SUSPICIOUS PERSON', '2018-06-08 09:23:33'),
(283, 1, 2, 'SC', NULL, 320, 0, 0, 'SUSPICIOUS PERSON', '2018-06-08 09:23:33'),
(284, 1, 3, 'SC', NULL, 320, 0, 0, 'SUSPICIOUS PERSON', '2018-06-08 09:23:33'),
(285, 1, 4, 'SC', NULL, 320, 0, 0, 'SUSPICIOUS PERSON', '2018-06-08 09:23:33'),
(286, 1, 5, 'SC', NULL, 320, 0, 0, 'SUSPICIOUS PERSON', '2018-06-08 09:23:33'),
(287, 1, 6, 'SC', NULL, 320, 0, 0, 'SUSPICIOUS PERSON', '2018-06-08 09:23:33'),
(288, 1, 3, 'B', NULL, 3, 0, 0, 'ASSAULT', '2018-06-16 10:55:58'),
(289, 1, 2, 'BC', NULL, 321, 0, 0, 'BURGLAR BURGLARY', '2018-06-08 10:56:28'),
(290, 1, 2, 'BC', NULL, 321, 0, 0, 'BURGLAR BURGLARY', '2018-06-08 10:56:28'),
(291, 1, 2, 'BC', NULL, 321, 0, 0, 'BURGLAR BURGLARY', '2018-06-08 10:56:28'),
(292, 1, 3, 'BC', NULL, 321, 0, 0, 'BURGLAR BURGLARY', '2018-06-08 10:56:28'),
(293, 1, 4, 'BC', NULL, 321, 0, 0, 'BURGLAR BURGLARY', '2018-06-08 10:56:28'),
(294, 1, 5, 'BC', NULL, 321, 0, 0, 'BURGLAR BURGLARY', '2018-06-08 10:56:28'),
(295, 1, 6, 'BC', NULL, 321, 0, 0, 'BURGLAR BURGLARY', '2018-06-08 10:56:28'),
(296, 7, 1, 'SC', NULL, 323, 0, 0, 'SUSPICIOUS PERSON', '2018-06-14 15:55:59'),
(297, 7, 1, 'SC', NULL, 323, 0, 0, 'SUSPICIOUS PERSON', '2018-06-14 15:55:59'),
(298, 7, 2, 'SC', NULL, 323, 0, 0, 'SUSPICIOUS PERSON', '2018-06-14 15:55:59'),
(299, 7, 2, 'SC', NULL, 323, 0, 0, 'SUSPICIOUS PERSON', '2018-06-14 15:55:59'),
(300, 7, 3, 'SC', NULL, 323, 0, 0, 'SUSPICIOUS PERSON', '2018-06-14 15:55:59'),
(301, 7, 4, 'SC', NULL, 323, 0, 0, 'SUSPICIOUS PERSON', '2018-06-14 15:55:59'),
(302, 7, 5, 'SC', NULL, 323, 0, 0, 'SUSPICIOUS PERSON', '2018-06-14 15:55:59'),
(303, 7, 6, 'SC', NULL, 323, 0, 0, 'SUSPICIOUS PERSON', '2018-06-14 15:55:59'),
(304, 7, 1, 'BC', NULL, 324, 0, 0, 'BURGLAR BURGLARY', '2018-06-14 15:55:59'),
(305, 7, 1, 'BC', NULL, 324, 0, 0, 'BURGLAR BURGLARY', '2018-06-14 15:55:59'),
(306, 7, 2, 'BC', NULL, 324, 0, 0, 'BURGLAR BURGLARY', '2018-06-14 15:55:59'),
(307, 7, 2, 'BC', NULL, 324, 0, 0, 'BURGLAR BURGLARY', '2018-06-14 15:55:59'),
(308, 7, 3, 'BC', NULL, 324, 0, 0, 'BURGLAR BURGLARY', '2018-06-14 15:55:59'),
(309, 7, 4, 'BC', NULL, 324, 0, 0, 'BURGLAR BURGLARY', '2018-06-14 15:55:59'),
(310, 7, 5, 'BC', NULL, 324, 0, 0, 'BURGLAR BURGLARY', '2018-06-14 15:55:59'),
(311, 7, 6, 'BC', NULL, 324, 0, 0, 'BURGLAR BURGLARY', '2018-06-14 15:55:59'),
(312, 1, 2, 'N', NULL, 2, 0, 0, 'ASSAULT', '2018-06-15 08:48:10'),
(313, 2, 3, 'N', NULL, 2, 0, 0, 'please check my home.', '2018-06-15 08:48:10'),
(314, 2, 4, 'N', NULL, 2, 0, 0, 'please check my home.', '2018-06-15 08:48:10'),
(315, 2, 5, 'N', NULL, 2, 0, 0, 'please check my home.', '2018-06-15 08:48:10'),
(316, 2, 6, 'N', NULL, 2, 0, 0, 'please check my home.', '2018-06-15 08:48:10'),
(317, 2, 7, 'N', NULL, 2, 0, 0, 'please check my home.', '2018-06-15 08:48:10'),
(318, 2, 12, 'N', NULL, 2, 0, 0, 'please check my home.', '2018-06-15 08:48:10'),
(319, 2, 12, 'N', NULL, 2, 0, 0, 'please check my home.', '2018-06-15 08:48:10'),
(320, 1, 2, 'N', NULL, 2, 0, 0, 'BURGLAR SHEDDING', '2018-06-15 09:45:20'),
(321, 2, 3, 'N', NULL, 2, 0, 0, 'BURGLAR SHEDDING', '2018-06-15 09:45:20'),
(322, 2, 4, 'N', NULL, 2, 0, 0, 'BURGLAR SHEDDING', '2018-06-15 09:45:20'),
(323, 2, 5, 'N', NULL, 2, 0, 0, 'BURGLAR SHEDDING', '2018-06-15 09:45:20'),
(324, 2, 6, 'N', NULL, 2, 0, 0, 'BURGLAR SHEDDING', '2018-06-15 09:45:20'),
(325, 2, 7, 'N', NULL, 2, 0, 0, 'BURGLAR SHEDDING', '2018-06-15 09:45:20'),
(326, 2, 12, 'N', NULL, 2, 0, 0, 'BURGLAR SHEDDING', '2018-06-15 09:45:20'),
(327, 2, 12, 'N', NULL, 2, 0, 0, 'BURGLAR SHEDDING', '2018-06-15 09:45:20'),
(328, 1, 2, 'N', NULL, 2, 0, 0, 'PICKPOCKET', '2018-08-11 09:15:35'),
(329, 1, 2, 'N', NULL, 2, 0, 0, 'ASSAULT', '2018-08-11 09:15:35'),
(330, 2, 1, 'N', NULL, 1, 0, 0, 'BURGLAR SHEDDING', '2018-07-06 11:03:25'),
(331, 2, 1, 'N', NULL, 1, 0, 0, 'ASSAULT', '2018-07-06 11:03:25'),
(332, 1, 2, 'SC', NULL, 327, 0, 0, 'SUSPICIOUS CAR', '2018-06-16 10:55:58'),
(333, 1, 2, 'SC', NULL, 327, 0, 0, 'SUSPICIOUS CAR', '2018-06-16 10:55:58'),
(334, 1, 3, 'SC', NULL, 327, 0, 0, 'SUSPICIOUS CAR', '2018-06-16 10:55:58'),
(335, 1, 4, 'SC', NULL, 327, 0, 0, 'SUSPICIOUS CAR', '2018-06-16 10:55:58'),
(336, 1, 5, 'SC', NULL, 327, 0, 0, 'SUSPICIOUS CAR', '2018-06-16 10:55:58'),
(337, 1, 6, 'SC', NULL, 327, 0, 0, 'SUSPICIOUS CAR', '2018-06-16 10:55:58'),
(338, 1, 12, 'SC', NULL, 327, 0, 0, 'SUSPICIOUS CAR', '2018-06-16 10:55:58'),
(339, 1, 12, 'SC', NULL, 327, 0, 0, 'SUSPICIOUS CAR', '2018-06-16 10:55:58'),
(340, 13, 9, 'BC', NULL, 329, 0, 1, 'PICKPOCKET', '2018-07-06 17:53:25'),
(341, 13, 10, 'BC', NULL, 329, 0, 1, 'PICKPOCKET', '2018-08-08 18:53:41'),
(342, 13, 8, 'BC', NULL, 329, 1, 1, 'PICKPOCKET', '2018-06-18 16:30:49'),
(343, 13, 8, 'BC', NULL, 329, 1, 1, 'PICKPOCKET', '2018-06-18 16:30:50'),
(344, 13, 8, 'BC', NULL, 329, 1, 1, 'PICKPOCKET', '2018-06-18 16:30:50'),
(345, 13, 10, 'BC', NULL, 330, 0, 0, 'BURGLARIES IN HOUSE', '2018-06-23 12:55:29'),
(346, 13, 9, 'BC', NULL, 330, 0, 0, 'BURGLARIES IN HOUSE', '2018-06-23 12:55:29'),
(347, 13, 8, 'BC', NULL, 330, 0, 0, 'BURGLARIES IN HOUSE', '2018-06-23 12:55:29'),
(348, 13, 8, 'BC', NULL, 330, 0, 0, 'BURGLARIES IN HOUSE', '2018-06-23 12:55:29'),
(349, 13, 8, 'BC', NULL, 330, 0, 0, 'BURGLARIES IN HOUSE', '2018-06-23 12:55:29'),
(350, 9, 10, 'SC', NULL, 332, 0, 0, 'SUSPICIOUS BEHAVIOR FROM PEOPLE', '2018-06-18 16:47:54'),
(351, 9, 8, 'SC', NULL, 332, 0, 0, 'SUSPICIOUS BEHAVIOR FROM PEOPLE', '2018-06-18 16:47:54'),
(352, 9, 8, 'SC', NULL, 332, 0, 0, 'SUSPICIOUS BEHAVIOR FROM PEOPLE', '2018-06-18 16:47:54'),
(353, 9, 8, 'SC', NULL, 332, 0, 0, 'SUSPICIOUS BEHAVIOR FROM PEOPLE', '2018-06-18 16:47:54'),
(354, 9, 13, 'BC', NULL, 335, 0, 0, 'Fik du en notifikation? ', '2018-07-02 09:00:31'),
(355, 13, 9, 'BC', NULL, 336, 0, 1, 'ASSAULT', '2018-07-06 17:53:25'),
(356, 13, 11, 'BC', NULL, 336, 1, 1, 'ASSAULT', '2018-06-19 04:19:36'),
(357, 3, 12, 'N', NULL, 325, 0, 0, 'BURGLAR BURGLARY', '2018-06-19 14:59:46'),
(358, 12, 6, 'N', NULL, 325, 0, 0, 'BURGLAR BURGLARY', '2018-06-19 14:59:46'),
(359, 12, 1, 'N', NULL, 325, 0, 0, 'BURGLAR BURGLARY', '2018-06-19 14:59:46'),
(360, 12, 2, 'N', NULL, 325, 0, 0, 'BURGLAR BURGLARY', '2018-06-19 14:59:46'),
(361, 12, 1, 'N', NULL, 325, 0, 0, 'BURGLAR BURGLARY', '2018-06-19 14:59:46'),
(362, 12, 2, 'N', NULL, 325, 0, 0, 'BURGLAR BURGLARY', '2018-06-19 14:59:46'),
(363, 12, 4, 'N', NULL, 325, 0, 0, 'BURGLAR BURGLARY', '2018-06-19 14:59:46'),
(364, 12, 5, 'N', NULL, 325, 0, 0, 'BURGLAR BURGLARY', '2018-06-19 14:59:46'),
(365, 3, 12, 'N', NULL, 325, 0, 0, 'SUSPICIOUS BEHAVIOR FROM PEOPLE', '2018-06-19 15:07:55'),
(366, 12, 6, 'N', NULL, 325, 0, 0, 'SUSPICIOUS BEHAVIOR FROM PEOPLE', '2018-06-19 15:07:55'),
(367, 12, 1, 'N', NULL, 325, 0, 0, 'SUSPICIOUS BEHAVIOR FROM PEOPLE', '2018-06-19 15:07:55'),
(368, 12, 2, 'N', NULL, 325, 0, 0, 'SUSPICIOUS BEHAVIOR FROM PEOPLE', '2018-06-19 15:07:55'),
(369, 12, 1, 'N', NULL, 325, 0, 0, 'SUSPICIOUS BEHAVIOR FROM PEOPLE', '2018-06-19 15:07:55'),
(370, 12, 2, 'N', NULL, 325, 0, 0, 'SUSPICIOUS BEHAVIOR FROM PEOPLE', '2018-06-19 15:07:55'),
(371, 12, 4, 'N', NULL, 325, 0, 0, 'SUSPICIOUS BEHAVIOR FROM PEOPLE', '2018-06-19 15:07:55'),
(372, 12, 5, 'N', NULL, 325, 0, 0, 'SUSPICIOUS BEHAVIOR FROM PEOPLE', '2018-06-19 15:07:55'),
(373, 3, 12, 'N', NULL, 325, 0, 0, 'SUSPICIOUS BEHAVIOR FROM PEOPLE', '2018-06-19 15:11:12'),
(374, 12, 6, 'N', NULL, 325, 0, 0, 'SUSPICIOUS BEHAVIOR FROM PEOPLE', '2018-06-19 15:11:12'),
(375, 12, 1, 'N', NULL, 325, 0, 0, 'SUSPICIOUS BEHAVIOR FROM PEOPLE', '2018-06-19 15:11:12'),
(376, 12, 2, 'N', NULL, 325, 0, 0, 'SUSPICIOUS BEHAVIOR FROM PEOPLE', '2018-06-19 15:11:12'),
(377, 12, 1, 'N', NULL, 325, 0, 0, 'SUSPICIOUS BEHAVIOR FROM PEOPLE', '2018-06-19 15:11:12'),
(378, 12, 2, 'N', NULL, 325, 0, 0, 'SUSPICIOUS BEHAVIOR FROM PEOPLE', '2018-06-19 15:11:12'),
(379, 12, 4, 'N', NULL, 325, 0, 0, 'SUSPICIOUS BEHAVIOR FROM PEOPLE', '2018-06-19 15:11:12'),
(380, 12, 5, 'N', NULL, 325, 0, 0, 'SUSPICIOUS BEHAVIOR FROM PEOPLE', '2018-06-19 15:11:12'),
(381, 3, 12, 'N', NULL, 325, 0, 0, 'BURGLAR BURGLARY', '2018-06-19 15:12:31'),
(382, 12, 6, 'N', NULL, 325, 0, 0, 'BURGLAR BURGLARY', '2018-06-19 15:12:31'),
(383, 12, 1, 'N', NULL, 325, 0, 0, 'BURGLAR BURGLARY', '2018-06-19 15:12:31'),
(384, 12, 2, 'N', NULL, 325, 0, 0, 'BURGLAR BURGLARY', '2018-06-19 15:12:31'),
(385, 12, 1, 'N', NULL, 325, 0, 0, 'BURGLAR BURGLARY', '2018-06-19 15:12:31'),
(386, 12, 2, 'N', NULL, 325, 0, 0, 'BURGLAR BURGLARY', '2018-06-19 15:12:31'),
(387, 12, 4, 'N', NULL, 325, 0, 0, 'BURGLAR BURGLARY', '2018-06-19 15:12:31'),
(388, 12, 5, 'N', NULL, 325, 0, 0, 'BURGLAR BURGLARY', '2018-06-19 15:12:31'),
(389, 3, 12, 'S', NULL, 325, 1, 1, 'SUSPICIOUS PERSON', '2018-06-19 15:20:55'),
(390, 12, 6, 'SC', NULL, 325, 1, 1, 'SUSPICIOUS PERSON', '2018-06-19 15:21:05'),
(391, 12, 1, 'SC', NULL, 325, 0, 1, 'SUSPICIOUS PERSON', '2018-07-04 06:51:26'),
(392, 12, 2, 'SC', NULL, 325, 0, 1, 'SUSPICIOUS PERSON', '2018-06-23 15:10:12'),
(393, 12, 1, 'SC', NULL, 325, 0, 1, 'SUSPICIOUS PERSON', '2018-07-04 06:51:26'),
(394, 12, 2, 'SC', NULL, 325, 0, 1, 'SUSPICIOUS PERSON', '2018-06-23 15:10:10'),
(395, 12, 4, 'SC', NULL, 325, 1, 1, 'SUSPICIOUS PERSON', '2018-06-19 15:21:11'),
(396, 12, 5, 'SC', NULL, 325, 1, 1, 'SUSPICIOUS PERSON', '2018-06-19 15:21:12'),
(397, 15, 9, 'BC', NULL, 339, 0, 1, 'BURGLARIES IN HOUSE', '2018-07-06 17:53:24'),
(398, 15, 11, 'BC', NULL, 339, 0, 1, 'BURGLARIES IN HOUSE', '2018-06-29 14:22:50'),
(399, 15, 9, 'BC', NULL, 340, 0, 1, 'PICKPOCKET', '2018-07-06 17:53:24'),
(400, 15, 11, 'BC', NULL, 340, 0, 1, 'PICKPOCKET', '2018-06-29 14:22:50'),
(401, 15, 9, 'SC', NULL, 341, 0, 1, 'POSSIBLE ATTENTION TO BURGLARY', '2018-07-06 17:53:23'),
(402, 15, 11, 'SC', 'false', 341, 0, 1, 'POSSIBLE ATTENTION TO BURGLARY', '2018-07-28 09:37:33'),
(403, NULL, 1, 'N', NULL, 1, 0, 0, 'sgsgsg', '2018-07-06 11:03:25'),
(404, 1, 6, 'N', NULL, 1, 0, 0, 'please check my home.', '2018-07-06 11:03:25'),
(405, 1, 3, 'N', NULL, 1, 0, 0, 'please check my home.', '2018-07-06 11:03:25'),
(406, 1, 12, 'N', NULL, 1, 0, 0, 'please check my home.', '2018-07-06 11:03:25'),
(407, 1, 15, 'N', NULL, 1, 0, 0, 'please check my home.', '2018-07-06 11:03:25'),
(408, 1, 2, 'N', NULL, 1, 0, 0, 'please check my home.', '2018-07-06 11:03:25'),
(409, 1, 4, 'N', NULL, 1, 0, 0, 'please check my home.', '2018-07-06 11:03:25'),
(410, 1, 2, 'N', NULL, 1, 0, 0, 'please check my home.', '2018-07-06 11:03:25'),
(411, 1, 12, 'N', NULL, 1, 0, 0, 'please check my home.', '2018-07-06 11:03:25'),
(412, 1, 5, 'N', NULL, 1, 0, 0, 'please check my home.', '2018-07-06 11:03:25'),
(413, 13, 10, 'BC', NULL, 342, 0, 1, 'BURGLAR BURGLARY', '2018-08-08 18:53:41'),
(414, 13, 9, 'BC', NULL, 342, 0, 1, 'BURGLAR BURGLARY', '2018-07-06 17:53:23'),
(415, 13, 14, 'BC', NULL, 342, 1, 1, 'BURGLAR BURGLARY', '2018-06-20 11:59:58'),
(416, 13, 8, 'BC', NULL, 342, 1, 1, 'BURGLAR BURGLARY', '2018-06-20 11:59:58'),
(417, 13, 8, 'BC', NULL, 342, 1, 1, 'BURGLAR BURGLARY', '2018-06-20 11:59:58'),
(418, 13, 8, 'BC', NULL, 342, 1, 1, 'BURGLAR BURGLARY', '2018-06-20 11:59:58'),
(419, 13, 9, 'BC', NULL, 343, 0, 1, 'BURGLARIES IN HOUSE', '2018-07-06 17:53:22'),
(420, 13, 10, 'BC', NULL, 343, 0, 1, 'BURGLARIES IN HOUSE', '2018-08-08 18:53:41'),
(421, 13, 14, 'BC', NULL, 343, 1, 1, 'BURGLARIES IN HOUSE', '2018-06-20 12:59:45'),
(422, 13, 8, 'BC', NULL, 343, 1, 1, 'BURGLARIES IN HOUSE', '2018-06-20 12:59:45'),
(423, 13, 8, 'BC', NULL, 343, 1, 1, 'BURGLARIES IN HOUSE', '2018-06-20 12:59:45'),
(424, 13, 8, 'BC', NULL, 343, 1, 1, 'BURGLARIES IN HOUSE', '2018-06-20 12:59:46'),
(425, NULL, 1, 'N', NULL, 1, 0, 0, 'ci-alert', '2018-07-06 11:03:25'),
(426, 1, 6, 'N', NULL, 1, 0, 0, 'please check my home.', '2018-07-06 11:03:25'),
(427, 1, 3, 'N', NULL, 1, 0, 0, 'please check my home.', '2018-07-06 11:03:25'),
(428, 1, 12, 'N', NULL, 1, 0, 0, 'please check my home.', '2018-07-06 11:03:25'),
(429, 1, 15, 'N', NULL, 1, 0, 0, 'please check my home.', '2018-07-06 11:03:25'),
(430, 1, 2, 'N', NULL, 1, 0, 0, 'please check my home.', '2018-07-06 11:03:25'),
(431, 1, 4, 'N', NULL, 1, 0, 0, 'please check my home.', '2018-07-06 11:03:25'),
(432, 1, 2, 'N', NULL, 1, 0, 0, 'please check my home.', '2018-07-06 11:03:25'),
(433, 1, 12, 'N', NULL, 1, 0, 0, 'please check my home.', '2018-07-06 11:03:25'),
(434, 1, 5, 'N', NULL, 1, 0, 0, 'please check my home.', '2018-07-06 11:03:25'),
(435, NULL, 1, 'N', NULL, 1, 0, 0, 'ci-alert', '2018-07-06 11:03:25'),
(436, 1, 6, 'N', NULL, 1, 0, 0, 'please check my home.', '2018-07-06 11:03:25'),
(437, 1, 3, 'N', NULL, 1, 0, 0, 'please check my home.', '2018-07-06 11:03:25'),
(438, 1, 12, 'N', NULL, 1, 0, 0, 'please check my home.', '2018-07-06 11:03:25'),
(439, 1, 15, 'N', NULL, 1, 0, 0, 'please check my home.', '2018-07-06 11:03:25'),
(440, 1, 2, 'N', NULL, 1, 0, 0, 'please check my home.', '2018-07-06 11:03:25'),
(441, 1, 4, 'N', NULL, 1, 0, 0, 'please check my home.', '2018-07-06 11:03:25'),
(442, 1, 2, 'N', NULL, 1, 0, 0, 'please check my home.', '2018-07-06 11:03:25'),
(443, 1, 12, 'N', NULL, 1, 0, 0, 'please check my home.', '2018-07-06 11:03:25'),
(444, 1, 5, 'N', NULL, 1, 0, 0, 'please check my home.', '2018-07-06 11:03:25'),
(445, NULL, 1, 'N', NULL, 1, 0, 0, 'ci-alert', '2018-07-06 11:03:25'),
(446, 1, 6, 'N', NULL, 1, 0, 0, 'please check my home.', '2018-07-06 11:03:25'),
(447, 1, 3, 'N', NULL, 1, 0, 0, 'please check my home.', '2018-07-06 11:03:25'),
(448, 1, 12, 'N', NULL, 1, 0, 0, 'please check my home.', '2018-07-06 11:03:25'),
(449, 1, 15, 'N', NULL, 1, 0, 0, 'please check my home.', '2018-07-06 11:03:25'),
(450, 1, 2, 'N', NULL, 1, 0, 0, 'please check my home.', '2018-07-06 11:03:25'),
(451, 1, 4, 'N', NULL, 1, 0, 0, 'please check my home.', '2018-07-06 11:03:25'),
(452, 1, 2, 'N', NULL, 1, 0, 0, 'please check my home.', '2018-07-06 11:03:25'),
(453, 1, 12, 'N', NULL, 1, 0, 0, 'please check my home.', '2018-07-06 11:03:25'),
(454, 1, 5, 'N', NULL, 1, 0, 0, 'please check my home.', '2018-07-06 11:03:25'),
(455, NULL, 1, 'N', NULL, 1, 0, 0, 'ci-alert', '2018-07-06 11:03:25'),
(456, 1, 6, 'N', NULL, 1, 0, 0, 'please check my home.', '2018-07-06 11:03:25'),
(457, 1, 3, 'N', NULL, 1, 0, 0, 'please check my home.', '2018-07-06 11:03:25'),
(458, 1, 12, 'N', NULL, 1, 0, 0, 'please check my home.', '2018-07-06 11:03:25'),
(459, 1, 15, 'N', NULL, 1, 0, 0, 'please check my home.', '2018-07-06 11:03:25'),
(460, 1, 2, 'N', NULL, 1, 0, 0, 'please check my home.', '2018-07-06 11:03:25'),
(461, 1, 4, 'N', NULL, 1, 0, 0, 'please check my home.', '2018-07-06 11:03:25'),
(462, 1, 2, 'N', NULL, 1, 0, 0, 'please check my home.', '2018-07-06 11:03:25'),
(463, 1, 12, 'N', NULL, 1, 0, 0, 'please check my home.', '2018-07-06 11:03:25'),
(464, 1, 5, 'N', NULL, 1, 0, 0, 'please check my home.', '2018-07-06 11:03:25'),
(465, 2, 1, 'N', NULL, 1, 0, 0, 'ci-alert', '2018-07-06 11:03:25'),
(466, 1, 6, 'N', NULL, 1, 0, 0, 'please check my home.', '2018-07-06 11:03:25'),
(467, 1, 3, 'N', NULL, 1, 0, 0, 'please check my home.', '2018-07-06 11:03:25'),
(468, 1, 12, 'N', NULL, 1, 0, 0, 'please check my home.', '2018-07-06 11:03:25'),
(469, 1, 15, 'N', NULL, 1, 0, 0, 'please check my home.', '2018-07-06 11:03:25'),
(470, 1, 2, 'N', NULL, 1, 0, 0, 'please check my home.', '2018-07-06 11:03:25'),
(471, 1, 4, 'N', NULL, 1, 0, 0, 'please check my home.', '2018-07-06 11:03:25'),
(472, 1, 2, 'N', NULL, 1, 0, 0, 'please check my home.', '2018-07-06 11:03:25'),
(473, 1, 12, 'N', NULL, 1, 0, 0, 'please check my home.', '2018-07-06 11:03:25'),
(474, 1, 5, 'N', NULL, 1, 0, 0, 'please check my home.', '2018-07-06 11:03:25'),
(475, 2, 1, 'N', NULL, 1, 0, 0, 'ci-alert', '2018-07-06 11:03:25'),
(476, 1, 6, 'N', NULL, 1, 0, 0, 'please check my home.', '2018-07-06 11:03:25'),
(477, 1, 3, 'N', NULL, 1, 0, 0, 'please check my home.', '2018-07-06 11:03:25'),
(478, 1, 12, 'N', NULL, 1, 0, 0, 'please check my home.', '2018-07-06 11:03:25'),
(479, 1, 15, 'N', NULL, 1, 0, 0, 'please check my home.', '2018-07-06 11:03:25'),
(480, 1, 2, 'N', NULL, 1, 0, 0, 'please check my home.', '2018-07-06 11:03:25'),
(481, 1, 4, 'N', NULL, 1, 0, 0, 'please check my home.', '2018-07-06 11:03:25'),
(482, 1, 2, 'N', NULL, 1, 0, 0, 'please check my home.', '2018-07-06 11:03:25'),
(483, 1, 12, 'N', NULL, 1, 0, 0, 'please check my home.', '2018-07-06 11:03:25'),
(484, 1, 5, 'N', NULL, 1, 0, 0, 'please check my home.', '2018-07-06 11:03:25'),
(485, NULL, 1, 'N', NULL, 1, 0, 0, 'ci-alert', '2018-07-06 11:03:25'),
(486, 1, 6, 'N', NULL, 1, 0, 0, 'ci-alert', '2018-07-06 11:03:25'),
(487, 1, 3, 'N', NULL, 1, 0, 0, 'ci-alert', '2018-07-06 11:03:25'),
(488, 1, 12, 'N', NULL, 1, 0, 0, 'ci-alert', '2018-07-06 11:03:25'),
(489, 1, 15, 'N', NULL, 1, 0, 0, 'ci-alert', '2018-07-06 11:03:25'),
(490, 1, 2, 'N', NULL, 1, 0, 0, 'ci-alert', '2018-07-06 11:03:25'),
(491, 1, 4, 'N', NULL, 1, 0, 0, 'ci-alert', '2018-07-06 11:03:25'),
(492, 1, 2, 'N', NULL, 1, 0, 0, 'ci-alert', '2018-07-06 11:03:25'),
(493, 1, 12, 'N', NULL, 1, 0, 0, 'ci-alert', '2018-07-06 11:03:25'),
(494, 1, 5, 'N', NULL, 1, 0, 0, 'ci-alert', '2018-07-06 11:03:25'),
(495, NULL, 1, 'N', NULL, 1, 0, 0, 'ci-alert', '2018-07-06 11:03:25'),
(496, 1, 6, 'N', NULL, 1, 0, 0, 'ci-alert', '2018-07-06 11:03:25'),
(497, 1, 3, 'N', NULL, 1, 0, 0, 'ci-alert', '2018-07-06 11:03:25'),
(498, 1, 12, 'N', NULL, 1, 0, 0, 'ci-alert', '2018-07-06 11:03:25'),
(499, 1, 15, 'N', NULL, 1, 0, 0, 'ci-alert', '2018-07-06 11:03:25'),
(500, 1, 2, 'N', NULL, 1, 0, 0, 'ci-alert', '2018-07-06 11:03:25'),
(501, 1, 4, 'N', NULL, 1, 0, 0, 'ci-alert', '2018-07-06 11:03:25'),
(502, 1, 2, 'N', NULL, 1, 0, 0, 'ci-alert', '2018-07-06 11:03:25'),
(503, 1, 12, 'N', NULL, 1, 0, 0, 'ci-alert', '2018-07-06 11:03:25'),
(504, 1, 5, 'N', NULL, 1, 0, 0, 'ci-alert', '2018-07-06 11:03:25'),
(505, NULL, 1, 'N', NULL, 1, 0, 0, 'ci-alert', '2018-07-06 11:03:25'),
(506, 1, 6, 'N', NULL, 1, 0, 0, 'ci-alert', '2018-07-06 11:03:25'),
(507, 1, 3, 'N', NULL, 1, 0, 0, 'ci-alert', '2018-07-06 11:03:25'),
(508, 1, 12, 'N', NULL, 1, 0, 0, 'ci-alert', '2018-07-06 11:03:25'),
(509, 1, 15, 'N', NULL, 1, 0, 0, 'ci-alert', '2018-07-06 11:03:25'),
(510, 1, 2, 'N', NULL, 1, 0, 0, 'ci-alert', '2018-07-06 11:03:25'),
(511, 1, 4, 'N', NULL, 1, 0, 0, 'ci-alert', '2018-07-06 11:03:25'),
(512, 1, 2, 'N', NULL, 1, 0, 0, 'ci-alert', '2018-07-06 11:03:25'),
(513, 1, 12, 'N', NULL, 1, 0, 0, 'ci-alert', '2018-07-06 11:03:25'),
(514, 1, 5, 'N', NULL, 1, 0, 0, 'ci-alert', '2018-07-06 11:03:25'),
(515, NULL, 1, 'N', NULL, 1, 0, 0, 'ci-alert', '2018-07-06 11:03:25'),
(516, 1, 6, 'N', NULL, 1, 0, 0, 'ci-alert', '2018-07-06 11:03:25'),
(517, 1, 3, 'N', NULL, 1, 0, 0, 'ci-alert', '2018-07-06 11:03:25'),
(518, 1, 12, 'N', NULL, 1, 0, 0, 'ci-alert', '2018-07-06 11:03:25'),
(519, 1, 15, 'N', NULL, 1, 0, 0, 'ci-alert', '2018-07-06 11:03:25'),
(520, 1, 2, 'N', NULL, 1, 0, 0, 'ci-alert', '2018-07-06 11:03:25'),
(521, 1, 4, 'N', NULL, 1, 0, 0, 'ci-alert', '2018-07-06 11:03:25'),
(522, 1, 2, 'N', NULL, 1, 0, 0, 'ci-alert', '2018-07-06 11:03:25'),
(523, 1, 12, 'N', NULL, 1, 0, 0, 'ci-alert', '2018-07-06 11:03:25'),
(524, 1, 5, 'N', NULL, 1, 0, 0, 'ci-alert', '2018-07-06 11:03:25'),
(525, NULL, 1, 'N', NULL, 1, 0, 0, '', '2018-07-06 11:03:25'),
(526, 1, 6, 'N', NULL, 1, 0, 0, '', '2018-07-06 11:03:25'),
(527, 1, 3, 'N', NULL, 1, 0, 0, '', '2018-07-06 11:03:25'),
(528, 1, 12, 'N', NULL, 1, 0, 0, '', '2018-07-06 11:03:25'),
(529, 1, 15, 'N', NULL, 1, 0, 0, '', '2018-07-06 11:03:25'),
(530, 1, 2, 'N', NULL, 1, 0, 0, '', '2018-07-06 11:03:25'),
(531, 1, 4, 'N', NULL, 1, 0, 0, '', '2018-07-06 11:03:25'),
(532, 1, 2, 'N', NULL, 1, 0, 0, '', '2018-07-06 11:03:25'),
(533, 1, 12, 'N', NULL, 1, 0, 0, '', '2018-07-06 11:03:25'),
(534, 1, 5, 'N', NULL, 1, 0, 0, '', '2018-07-06 11:03:25'),
(535, 13, 9, 'BC', NULL, 344, 0, 0, 'BURGLARIES IN HOUSE', '2018-06-23 12:55:25'),
(536, 13, 10, 'BC', NULL, 344, 0, 0, 'BURGLARIES IN HOUSE', '2018-06-23 12:55:25'),
(537, 13, 14, 'BC', NULL, 344, 0, 0, 'BURGLARIES IN HOUSE', '2018-06-23 12:55:25'),
(538, 13, 8, 'BC', NULL, 344, 0, 0, 'BURGLARIES IN HOUSE', '2018-06-23 12:55:25'),
(539, 13, 8, 'BC', NULL, 344, 0, 0, 'BURGLARIES IN HOUSE', '2018-06-23 12:55:25'),
(540, 13, 8, 'BC', NULL, 344, 0, 0, 'BURGLARIES IN HOUSE', '2018-06-23 12:55:25'),
(541, 13, 9, 'BC', NULL, 345, 0, 1, 'BURGLARIES IN HOUSE', '2018-07-06 17:53:21'),
(542, 13, 10, 'BC', NULL, 345, 0, 1, 'BURGLARIES IN HOUSE', '2018-08-08 18:53:41'),
(543, 13, 14, 'BC', NULL, 345, 1, 1, 'BURGLARIES IN HOUSE', '2018-06-23 12:56:45'),
(544, 13, 8, 'BC', NULL, 345, 1, 1, 'BURGLARIES IN HOUSE', '2018-06-23 12:56:46'),
(545, 13, 8, 'BC', NULL, 345, 1, 1, 'BURGLARIES IN HOUSE', '2018-06-23 12:56:47'),
(546, 13, 8, 'BC', NULL, 345, 1, 1, 'BURGLARIES IN HOUSE', '2018-06-23 12:56:49'),
(547, 15, 14, 'B', NULL, 337, 1, 1, 'BURGLARIES IN HOUSE', '2018-06-23 12:59:49'),
(548, 15, 8, 'N', NULL, 48, 0, 0, 'SUSPICIOUS BEHAVIOR FROM PEOPLE', '2018-06-29 14:46:39'),
(549, 8, 14, 'N', NULL, 48, 0, 0, 'SUSPICIOUS BEHAVIOR FROM PEOPLE', '2018-06-29 14:46:39'),
(550, 8, 9, 'N', NULL, 48, 0, 0, 'SUSPICIOUS BEHAVIOR FROM PEOPLE', '2018-06-29 14:46:39'),
(551, 8, 10, 'N', NULL, 48, 0, 0, 'SUSPICIOUS BEHAVIOR FROM PEOPLE', '2018-06-29 14:46:39'),
(552, 9, 11, 'BC', NULL, 348, 0, 0, 'BURGLARIES IN HOUSE', '2018-07-02 09:00:31'),
(553, 9, 10, 'SC', NULL, 349, 0, 0, 'SUSPICIOUS CAR', '2018-07-02 09:00:31'),
(554, 9, 15, 'SC', NULL, 349, 0, 0, 'SUSPICIOUS CAR', '2018-07-02 09:00:31'),
(555, 9, 15, 'SC', NULL, 349, 0, 0, 'SUSPICIOUS CAR', '2018-07-02 09:00:31'),
(556, 9, 15, 'SC', NULL, 349, 0, 0, 'SUSPICIOUS CAR', '2018-07-02 09:00:31'),
(557, 9, 14, 'SC', NULL, 349, 0, 0, 'SUSPICIOUS CAR', '2018-07-02 09:00:31'),
(558, 9, 8, 'SC', NULL, 349, 0, 0, 'SUSPICIOUS CAR', '2018-07-02 09:00:31'),
(559, 9, 8, 'SC', NULL, 349, 0, 0, 'SUSPICIOUS CAR', '2018-07-02 09:00:31'),
(560, 9, 8, 'SC', NULL, 349, 0, 0, 'SUSPICIOUS CAR', '2018-07-02 09:00:31'),
(561, NULL, 8, 'N', NULL, 48, 0, 0, 'Siva and bharath , great work guys! ', '2018-06-29 14:46:39'),
(562, 8, 14, 'N', NULL, 48, 0, 0, 'Siva and bharath , great work guys! ', '2018-06-29 14:46:39'),
(563, 8, 15, 'N', NULL, 48, 0, 0, 'Siva and bharath , great work guys! ', '2018-06-29 14:46:39'),
(564, 8, 15, 'N', NULL, 48, 0, 0, 'Siva and bharath , great work guys! ', '2018-06-29 14:46:39'),
(565, 8, 15, 'N', NULL, 48, 0, 0, 'Siva and bharath , great work guys! ', '2018-06-29 14:46:39'),
(566, 8, 10, 'N', NULL, 48, 0, 0, 'Siva and bharath , great work guys! ', '2018-06-29 14:46:39'),
(567, NULL, 7, 'N', NULL, 34, 0, 0, 'Besked fra anlÃ¦gsnr. 10927171 FÃ¸lgende er hÃ¦ndt pÃ¥ deres system  [Kim]: Frakoblet - Fjernbetjening Nummer 6 - ''FBTJ. RIKKE'' Mvh G4S', '2018-06-27 06:54:01'),
(568, 7, 2, 'N', NULL, 34, 0, 0, 'Besked fra anlÃ¦gsnr. 10927171 FÃ¸lgende er hÃ¦ndt pÃ¥ deres system  [Kim]: Frakoblet - Fjernbetjening Nummer 6 - ''FBTJ. RIKKE'' Mvh G4S', '2018-06-27 06:54:01'),
(569, 7, 12, 'N', NULL, 34, 0, 0, 'Besked fra anlÃ¦gsnr. 10927171 FÃ¸lgende er hÃ¦ndt pÃ¥ deres system  [Kim]: Frakoblet - Fjernbetjening Nummer 6 - ''FBTJ. RIKKE'' Mvh G4S', '2018-06-27 06:54:01'),
(570, 7, 12, 'N', NULL, 34, 0, 0, 'Besked fra anlÃ¦gsnr. 10927171 FÃ¸lgende er hÃ¦ndt pÃ¥ deres system  [Kim]: Frakoblet - Fjernbetjening Nummer 6 - ''FBTJ. RIKKE'' Mvh G4S', '2018-06-27 06:54:01'),
(571, 7, 3, 'N', NULL, 34, 0, 0, 'Besked fra anlÃ¦gsnr. 10927171 FÃ¸lgende er hÃ¦ndt pÃ¥ deres system  [Kim]: Frakoblet - Fjernbetjening Nummer 6 - ''FBTJ. RIKKE'' Mvh G4S', '2018-06-27 06:54:01'),
(572, 7, 2, 'N', NULL, 34, 0, 0, 'Besked fra anlÃ¦gsnr. 10927171 FÃ¸lgende er hÃ¦ndt pÃ¥ deres system  [Kim]: Frakoblet - Fjernbetjening Nummer 6 - ''FBTJ. RIKKE'' Mvh G4S', '2018-06-27 06:54:01'),
(573, 7, 6, 'N', NULL, 34, 0, 0, 'Besked fra anlÃ¦gsnr. 10927171 FÃ¸lgende er hÃ¦ndt pÃ¥ deres system  [Kim]: Frakoblet - Fjernbetjening Nummer 6 - ''FBTJ. RIKKE'' Mvh G4S', '2018-06-27 06:54:01'),
(574, 7, 1, 'N', NULL, 34, 0, 0, 'Besked fra anlÃ¦gsnr. 10927171 FÃ¸lgende er hÃ¦ndt pÃ¥ deres system  [Kim]: Frakoblet - Fjernbetjening Nummer 6 - ''FBTJ. RIKKE'' Mvh G4S', '2018-06-27 06:54:01'),
(575, 7, 1, 'N', NULL, 34, 0, 0, 'Besked fra anlÃ¦gsnr. 10927171 FÃ¸lgende er hÃ¦ndt pÃ¥ deres system  [Kim]: Frakoblet - Fjernbetjening Nummer 6 - ''FBTJ. RIKKE'' Mvh G4S', '2018-06-27 06:54:01'),
(576, 7, 4, 'N', NULL, 34, 0, 0, 'Besked fra anlÃ¦gsnr. 10927171 FÃ¸lgende er hÃ¦ndt pÃ¥ deres system  [Kim]: Frakoblet - Fjernbetjening Nummer 6 - ''FBTJ. RIKKE'' Mvh G4S', '2018-06-27 06:54:01'),
(577, 7, 5, 'N', NULL, 34, 0, 0, 'Besked fra anlÃ¦gsnr. 10927171 FÃ¸lgende er hÃ¦ndt pÃ¥ deres system  [Kim]: Frakoblet - Fjernbetjening Nummer 6 - ''FBTJ. RIKKE'' Mvh G4S', '2018-06-27 06:54:01'),
(578, NULL, 7, 'N', NULL, 293, 0, 0, 'Besked fra anlÃ¦gsnr. 10927272 FÃ¸lgende er hÃ¦ndt pÃ¥ deres system  [Kim]: Frakoblet - Fjernbetjening Nummer 6 - ''FBTJ. RIKKE'' Mvh G4S', '2018-06-27 07:15:05'),
(579, 7, 2, 'N', NULL, 293, 0, 0, 'Besked fra anlÃ¦gsnr. 10927272 FÃ¸lgende er hÃ¦ndt pÃ¥ deres system  [Kim]: Frakoblet - Fjernbetjening Nummer 6 - ''FBTJ. RIKKE'' Mvh G4S', '2018-06-27 07:15:05'),
(580, 7, 12, 'N', NULL, 293, 0, 0, 'Besked fra anlÃ¦gsnr. 10927272 FÃ¸lgende er hÃ¦ndt pÃ¥ deres system  [Kim]: Frakoblet - Fjernbetjening Nummer 6 - ''FBTJ. RIKKE'' Mvh G4S', '2018-06-27 07:15:05'),
(581, 7, 12, 'N', NULL, 293, 0, 0, 'Besked fra anlÃ¦gsnr. 10927272 FÃ¸lgende er hÃ¦ndt pÃ¥ deres system  [Kim]: Frakoblet - Fjernbetjening Nummer 6 - ''FBTJ. RIKKE'' Mvh G4S', '2018-06-27 07:15:05'),
(582, 7, 3, 'N', NULL, 293, 0, 0, 'Besked fra anlÃ¦gsnr. 10927272 FÃ¸lgende er hÃ¦ndt pÃ¥ deres system  [Kim]: Frakoblet - Fjernbetjening Nummer 6 - ''FBTJ. RIKKE'' Mvh G4S', '2018-06-27 07:15:05'),
(583, 7, 2, 'N', NULL, 293, 0, 0, 'Besked fra anlÃ¦gsnr. 10927272 FÃ¸lgende er hÃ¦ndt pÃ¥ deres system  [Kim]: Frakoblet - Fjernbetjening Nummer 6 - ''FBTJ. RIKKE'' Mvh G4S', '2018-06-27 07:15:05'),
(584, 7, 6, 'N', NULL, 293, 0, 0, 'Besked fra anlÃ¦gsnr. 10927272 FÃ¸lgende er hÃ¦ndt pÃ¥ deres system  [Kim]: Frakoblet - Fjernbetjening Nummer 6 - ''FBTJ. RIKKE'' Mvh G4S', '2018-06-27 07:15:05'),
(585, 7, 1, 'N', NULL, 293, 0, 0, 'Besked fra anlÃ¦gsnr. 10927272 FÃ¸lgende er hÃ¦ndt pÃ¥ deres system  [Kim]: Frakoblet - Fjernbetjening Nummer 6 - ''FBTJ. RIKKE'' Mvh G4S', '2018-06-27 07:15:05'),
(586, 7, 1, 'N', NULL, 293, 0, 0, 'Besked fra anlÃ¦gsnr. 10927272 FÃ¸lgende er hÃ¦ndt pÃ¥ deres system  [Kim]: Frakoblet - Fjernbetjening Nummer 6 - ''FBTJ. RIKKE'' Mvh G4S', '2018-06-27 07:15:05'),
(587, 7, 4, 'N', NULL, 293, 0, 0, 'Besked fra anlÃ¦gsnr. 10927272 FÃ¸lgende er hÃ¦ndt pÃ¥ deres system  [Kim]: Frakoblet - Fjernbetjening Nummer 6 - ''FBTJ. RIKKE'' Mvh G4S', '2018-06-27 07:15:05'),
(588, 7, 5, 'N', NULL, 293, 0, 0, 'Besked fra anlÃ¦gsnr. 10927272 FÃ¸lgende er hÃ¦ndt pÃ¥ deres system  [Kim]: Frakoblet - Fjernbetjening Nummer 6 - ''FBTJ. RIKKE'' Mvh G4S', '2018-06-27 07:15:05'),
(589, NULL, 7, 'N', NULL, 34, 0, 0, 'Besked fra anlÃ¦gsnr. 10927272 FÃ¸lgende er hÃ¦ndt pÃ¥ deres system  [Kim]: Frakoblet - Fjernbetjening Nummer 6 - ''FBTJ. RIKKE'' Mvh G4S', '2018-06-27 10:25:57'),
(590, 7, 2, 'N', NULL, 34, 0, 0, 'Besked fra anlÃ¦gsnr. 10927272 FÃ¸lgende er hÃ¦ndt pÃ¥ deres system  [Kim]: Frakoblet - Fjernbetjening Nummer 6 - ''FBTJ. RIKKE'' Mvh G4S', '2018-06-27 10:25:57'),
(591, 7, 12, 'N', NULL, 34, 0, 0, 'Besked fra anlÃ¦gsnr. 10927272 FÃ¸lgende er hÃ¦ndt pÃ¥ deres system  [Kim]: Frakoblet - Fjernbetjening Nummer 6 - ''FBTJ. RIKKE'' Mvh G4S', '2018-06-27 10:25:57'),
(592, 7, 12, 'N', NULL, 34, 0, 0, 'Besked fra anlÃ¦gsnr. 10927272 FÃ¸lgende er hÃ¦ndt pÃ¥ deres system  [Kim]: Frakoblet - Fjernbetjening Nummer 6 - ''FBTJ. RIKKE'' Mvh G4S', '2018-06-27 10:25:57'),
(593, 7, 3, 'N', NULL, 34, 0, 0, 'Besked fra anlÃ¦gsnr. 10927272 FÃ¸lgende er hÃ¦ndt pÃ¥ deres system  [Kim]: Frakoblet - Fjernbetjening Nummer 6 - ''FBTJ. RIKKE'' Mvh G4S', '2018-06-27 10:25:57'),
(594, 7, 2, 'N', NULL, 34, 0, 0, 'Besked fra anlÃ¦gsnr. 10927272 FÃ¸lgende er hÃ¦ndt pÃ¥ deres system  [Kim]: Frakoblet - Fjernbetjening Nummer 6 - ''FBTJ. RIKKE'' Mvh G4S', '2018-06-27 10:25:57'),
(595, 7, 6, 'N', NULL, 34, 0, 0, 'Besked fra anlÃ¦gsnr. 10927272 FÃ¸lgende er hÃ¦ndt pÃ¥ deres system  [Kim]: Frakoblet - Fjernbetjening Nummer 6 - ''FBTJ. RIKKE'' Mvh G4S', '2018-06-27 10:25:57'),
(596, 7, 1, 'N', NULL, 34, 0, 0, 'Besked fra anlÃ¦gsnr. 10927272 FÃ¸lgende er hÃ¦ndt pÃ¥ deres system  [Kim]: Frakoblet - Fjernbetjening Nummer 6 - ''FBTJ. RIKKE'' Mvh G4S', '2018-06-27 10:25:57');
INSERT INTO `alert_log` (`alert_log_id`, `sender_id`, `receiver_id`, `alert_status_type`, `saw_the_same`, `address_id`, `is_active`, `log_state`, `message`, `time`) VALUES
(597, 7, 1, 'N', NULL, 34, 0, 0, 'Besked fra anlÃ¦gsnr. 10927272 FÃ¸lgende er hÃ¦ndt pÃ¥ deres system  [Kim]: Frakoblet - Fjernbetjening Nummer 6 - ''FBTJ. RIKKE'' Mvh G4S', '2018-06-27 10:25:57'),
(598, 7, 4, 'N', NULL, 34, 0, 0, 'Besked fra anlÃ¦gsnr. 10927272 FÃ¸lgende er hÃ¦ndt pÃ¥ deres system  [Kim]: Frakoblet - Fjernbetjening Nummer 6 - ''FBTJ. RIKKE'' Mvh G4S', '2018-06-27 10:25:57'),
(599, 7, 5, 'N', NULL, 34, 0, 0, 'Besked fra anlÃ¦gsnr. 10927272 FÃ¸lgende er hÃ¦ndt pÃ¥ deres system  [Kim]: Frakoblet - Fjernbetjening Nummer 6 - ''FBTJ. RIKKE'' Mvh G4S', '2018-06-27 10:25:57'),
(600, NULL, 7, 'N', NULL, 34, 0, 0, 'Besked fra anlÃ¦gsnr. 10927272 FÃ¸lgende er hÃ¦ndt pÃ¥ deres system  [Kim]: Frakoblet - Fjernbetjening Nummer 6 - ''FBTJ. RIKKE'' Mvh G4S', '2018-06-27 10:25:57'),
(601, 7, 2, 'N', NULL, 34, 0, 0, 'Besked fra anlÃ¦gsnr. 10927272 FÃ¸lgende er hÃ¦ndt pÃ¥ deres system  [Kim]: Frakoblet - Fjernbetjening Nummer 6 - ''FBTJ. RIKKE'' Mvh G4S', '2018-06-27 10:25:57'),
(602, 7, 12, 'N', NULL, 34, 0, 0, 'Besked fra anlÃ¦gsnr. 10927272 FÃ¸lgende er hÃ¦ndt pÃ¥ deres system  [Kim]: Frakoblet - Fjernbetjening Nummer 6 - ''FBTJ. RIKKE'' Mvh G4S', '2018-06-27 10:25:57'),
(603, 7, 12, 'N', NULL, 34, 0, 0, 'Besked fra anlÃ¦gsnr. 10927272 FÃ¸lgende er hÃ¦ndt pÃ¥ deres system  [Kim]: Frakoblet - Fjernbetjening Nummer 6 - ''FBTJ. RIKKE'' Mvh G4S', '2018-06-27 10:25:57'),
(604, 7, 3, 'N', NULL, 34, 0, 0, 'Besked fra anlÃ¦gsnr. 10927272 FÃ¸lgende er hÃ¦ndt pÃ¥ deres system  [Kim]: Frakoblet - Fjernbetjening Nummer 6 - ''FBTJ. RIKKE'' Mvh G4S', '2018-06-27 10:25:57'),
(605, 7, 2, 'N', NULL, 34, 0, 0, 'Besked fra anlÃ¦gsnr. 10927272 FÃ¸lgende er hÃ¦ndt pÃ¥ deres system  [Kim]: Frakoblet - Fjernbetjening Nummer 6 - ''FBTJ. RIKKE'' Mvh G4S', '2018-06-27 10:25:57'),
(606, 7, 6, 'N', NULL, 34, 0, 0, 'Besked fra anlÃ¦gsnr. 10927272 FÃ¸lgende er hÃ¦ndt pÃ¥ deres system  [Kim]: Frakoblet - Fjernbetjening Nummer 6 - ''FBTJ. RIKKE'' Mvh G4S', '2018-06-27 10:25:57'),
(607, 7, 1, 'N', NULL, 34, 0, 0, 'Besked fra anlÃ¦gsnr. 10927272 FÃ¸lgende er hÃ¦ndt pÃ¥ deres system  [Kim]: Frakoblet - Fjernbetjening Nummer 6 - ''FBTJ. RIKKE'' Mvh G4S', '2018-06-27 10:25:57'),
(608, 7, 1, 'N', NULL, 34, 0, 0, 'Besked fra anlÃ¦gsnr. 10927272 FÃ¸lgende er hÃ¦ndt pÃ¥ deres system  [Kim]: Frakoblet - Fjernbetjening Nummer 6 - ''FBTJ. RIKKE'' Mvh G4S', '2018-06-27 10:25:57'),
(609, 7, 4, 'N', NULL, 34, 0, 0, 'Besked fra anlÃ¦gsnr. 10927272 FÃ¸lgende er hÃ¦ndt pÃ¥ deres system  [Kim]: Frakoblet - Fjernbetjening Nummer 6 - ''FBTJ. RIKKE'' Mvh G4S', '2018-06-27 10:25:57'),
(610, 7, 5, 'N', NULL, 34, 0, 0, 'Besked fra anlÃ¦gsnr. 10927272 FÃ¸lgende er hÃ¦ndt pÃ¥ deres system  [Kim]: Frakoblet - Fjernbetjening Nummer 6 - ''FBTJ. RIKKE'' Mvh G4S', '2018-06-27 10:25:57'),
(611, NULL, 7, 'N', NULL, 293, 0, 0, 'Besked fra anlÃ¦gsnr. 10927272 FÃ¸lgende er hÃ¦ndt pÃ¥ deres system  [Kim]: Frakoblet - Fjernbetjening Nummer 6 - ''FBTJ. RIKKE'' Mvh G4S', '2018-06-27 07:26:59'),
(612, 7, 2, 'N', NULL, 293, 0, 0, 'Besked fra anlÃ¦gsnr. 10927272 FÃ¸lgende er hÃ¦ndt pÃ¥ deres system  [Kim]: Frakoblet - Fjernbetjening Nummer 6 - ''FBTJ. RIKKE'' Mvh G4S', '2018-06-27 07:26:59'),
(613, 7, 12, 'N', NULL, 293, 0, 0, 'Besked fra anlÃ¦gsnr. 10927272 FÃ¸lgende er hÃ¦ndt pÃ¥ deres system  [Kim]: Frakoblet - Fjernbetjening Nummer 6 - ''FBTJ. RIKKE'' Mvh G4S', '2018-06-27 07:26:59'),
(614, 7, 12, 'N', NULL, 293, 0, 0, 'Besked fra anlÃ¦gsnr. 10927272 FÃ¸lgende er hÃ¦ndt pÃ¥ deres system  [Kim]: Frakoblet - Fjernbetjening Nummer 6 - ''FBTJ. RIKKE'' Mvh G4S', '2018-06-27 07:26:59'),
(615, 7, 2, 'N', NULL, 293, 0, 0, 'Besked fra anlÃ¦gsnr. 10927272 FÃ¸lgende er hÃ¦ndt pÃ¥ deres system  [Kim]: Frakoblet - Fjernbetjening Nummer 6 - ''FBTJ. RIKKE'' Mvh G4S', '2018-06-27 07:26:59'),
(616, 7, 6, 'N', NULL, 293, 0, 0, 'Besked fra anlÃ¦gsnr. 10927272 FÃ¸lgende er hÃ¦ndt pÃ¥ deres system  [Kim]: Frakoblet - Fjernbetjening Nummer 6 - ''FBTJ. RIKKE'' Mvh G4S', '2018-06-27 07:26:59'),
(617, 7, 1, 'N', NULL, 293, 0, 0, 'Besked fra anlÃ¦gsnr. 10927272 FÃ¸lgende er hÃ¦ndt pÃ¥ deres system  [Kim]: Frakoblet - Fjernbetjening Nummer 6 - ''FBTJ. RIKKE'' Mvh G4S', '2018-06-27 07:26:59'),
(618, 7, 1, 'N', NULL, 293, 0, 0, 'Besked fra anlÃ¦gsnr. 10927272 FÃ¸lgende er hÃ¦ndt pÃ¥ deres system  [Kim]: Frakoblet - Fjernbetjening Nummer 6 - ''FBTJ. RIKKE'' Mvh G4S', '2018-06-27 07:26:59'),
(619, 7, 4, 'N', NULL, 293, 0, 0, 'Besked fra anlÃ¦gsnr. 10927272 FÃ¸lgende er hÃ¦ndt pÃ¥ deres system  [Kim]: Frakoblet - Fjernbetjening Nummer 6 - ''FBTJ. RIKKE'' Mvh G4S', '2018-06-27 07:26:59'),
(620, 7, 5, 'N', NULL, 293, 0, 0, 'Besked fra anlÃ¦gsnr. 10927272 FÃ¸lgende er hÃ¦ndt pÃ¥ deres system  [Kim]: Frakoblet - Fjernbetjening Nummer 6 - ''FBTJ. RIKKE'' Mvh G4S', '2018-06-27 07:26:59'),
(621, NULL, 7, 'N', NULL, 34, 0, 0, 'Besked fra anlÃ¦gsnr. 10927272 FÃ¸lgende er hÃ¦ndt pÃ¥ deres system  [Kim]: Frakoblet - Fjernbetjening Nummer 6 - ''FBTJ. RIKKE'' Mvh G4S', '2018-06-27 10:25:57'),
(622, 7, 2, 'N', NULL, 34, 0, 0, 'Besked fra anlÃ¦gsnr. 10927272 FÃ¸lgende er hÃ¦ndt pÃ¥ deres system  [Kim]: Frakoblet - Fjernbetjening Nummer 6 - ''FBTJ. RIKKE'' Mvh G4S', '2018-06-27 10:25:57'),
(623, 7, 12, 'N', NULL, 34, 0, 0, 'Besked fra anlÃ¦gsnr. 10927272 FÃ¸lgende er hÃ¦ndt pÃ¥ deres system  [Kim]: Frakoblet - Fjernbetjening Nummer 6 - ''FBTJ. RIKKE'' Mvh G4S', '2018-06-27 10:25:57'),
(624, 7, 12, 'N', NULL, 34, 0, 0, 'Besked fra anlÃ¦gsnr. 10927272 FÃ¸lgende er hÃ¦ndt pÃ¥ deres system  [Kim]: Frakoblet - Fjernbetjening Nummer 6 - ''FBTJ. RIKKE'' Mvh G4S', '2018-06-27 10:25:57'),
(625, 7, 3, 'N', NULL, 34, 0, 0, 'Besked fra anlÃ¦gsnr. 10927272 FÃ¸lgende er hÃ¦ndt pÃ¥ deres system  [Kim]: Frakoblet - Fjernbetjening Nummer 6 - ''FBTJ. RIKKE'' Mvh G4S', '2018-06-27 10:25:57'),
(626, 7, 2, 'N', NULL, 34, 0, 0, 'Besked fra anlÃ¦gsnr. 10927272 FÃ¸lgende er hÃ¦ndt pÃ¥ deres system  [Kim]: Frakoblet - Fjernbetjening Nummer 6 - ''FBTJ. RIKKE'' Mvh G4S', '2018-06-27 10:25:57'),
(627, 7, 6, 'N', NULL, 34, 0, 0, 'Besked fra anlÃ¦gsnr. 10927272 FÃ¸lgende er hÃ¦ndt pÃ¥ deres system  [Kim]: Frakoblet - Fjernbetjening Nummer 6 - ''FBTJ. RIKKE'' Mvh G4S', '2018-06-27 10:25:57'),
(628, 7, 1, 'N', NULL, 34, 0, 0, 'Besked fra anlÃ¦gsnr. 10927272 FÃ¸lgende er hÃ¦ndt pÃ¥ deres system  [Kim]: Frakoblet - Fjernbetjening Nummer 6 - ''FBTJ. RIKKE'' Mvh G4S', '2018-06-27 10:25:57'),
(629, 7, 1, 'N', NULL, 34, 0, 0, 'Besked fra anlÃ¦gsnr. 10927272 FÃ¸lgende er hÃ¦ndt pÃ¥ deres system  [Kim]: Frakoblet - Fjernbetjening Nummer 6 - ''FBTJ. RIKKE'' Mvh G4S', '2018-06-27 10:25:57'),
(630, 7, 4, 'N', NULL, 34, 0, 0, 'Besked fra anlÃ¦gsnr. 10927272 FÃ¸lgende er hÃ¦ndt pÃ¥ deres system  [Kim]: Frakoblet - Fjernbetjening Nummer 6 - ''FBTJ. RIKKE'' Mvh G4S', '2018-06-27 10:25:57'),
(631, 7, 5, 'N', NULL, 34, 0, 0, 'Besked fra anlÃ¦gsnr. 10927272 FÃ¸lgende er hÃ¦ndt pÃ¥ deres system  [Kim]: Frakoblet - Fjernbetjening Nummer 6 - ''FBTJ. RIKKE'' Mvh G4S', '2018-06-27 10:25:57'),
(632, NULL, 7, 'N', NULL, 34, 0, 0, 'Besked fra anlÃ¦gsnr. 10927272 FÃ¸lgende er hÃ¦ndt pÃ¥ deres system  [Kim]: Frakoblet - Fjernbetjening Nummer 6 - ''FBTJ. RIKKE'' Mvh G4S', '2018-06-27 10:25:57'),
(633, 7, 2, 'N', NULL, 34, 0, 0, 'Besked fra anlÃ¦gsnr. 10927272 FÃ¸lgende er hÃ¦ndt pÃ¥ deres system  [Kim]: Frakoblet - Fjernbetjening Nummer 6 - ''FBTJ. RIKKE'' Mvh G4S', '2018-06-27 10:25:57'),
(634, 7, 12, 'N', NULL, 34, 0, 0, 'Besked fra anlÃ¦gsnr. 10927272 FÃ¸lgende er hÃ¦ndt pÃ¥ deres system  [Kim]: Frakoblet - Fjernbetjening Nummer 6 - ''FBTJ. RIKKE'' Mvh G4S', '2018-06-27 10:25:57'),
(635, 7, 12, 'N', NULL, 34, 0, 0, 'Besked fra anlÃ¦gsnr. 10927272 FÃ¸lgende er hÃ¦ndt pÃ¥ deres system  [Kim]: Frakoblet - Fjernbetjening Nummer 6 - ''FBTJ. RIKKE'' Mvh G4S', '2018-06-27 10:25:57'),
(636, 7, 3, 'N', NULL, 34, 0, 0, 'Besked fra anlÃ¦gsnr. 10927272 FÃ¸lgende er hÃ¦ndt pÃ¥ deres system  [Kim]: Frakoblet - Fjernbetjening Nummer 6 - ''FBTJ. RIKKE'' Mvh G4S', '2018-06-27 10:25:57'),
(637, 7, 2, 'N', NULL, 34, 0, 0, 'Besked fra anlÃ¦gsnr. 10927272 FÃ¸lgende er hÃ¦ndt pÃ¥ deres system  [Kim]: Frakoblet - Fjernbetjening Nummer 6 - ''FBTJ. RIKKE'' Mvh G4S', '2018-06-27 10:25:57'),
(638, 7, 6, 'N', NULL, 34, 0, 0, 'Besked fra anlÃ¦gsnr. 10927272 FÃ¸lgende er hÃ¦ndt pÃ¥ deres system  [Kim]: Frakoblet - Fjernbetjening Nummer 6 - ''FBTJ. RIKKE'' Mvh G4S', '2018-06-27 10:25:57'),
(639, 7, 1, 'N', NULL, 34, 0, 0, 'Besked fra anlÃ¦gsnr. 10927272 FÃ¸lgende er hÃ¦ndt pÃ¥ deres system  [Kim]: Frakoblet - Fjernbetjening Nummer 6 - ''FBTJ. RIKKE'' Mvh G4S', '2018-06-27 10:25:57'),
(640, 7, 1, 'N', NULL, 34, 0, 0, 'Besked fra anlÃ¦gsnr. 10927272 FÃ¸lgende er hÃ¦ndt pÃ¥ deres system  [Kim]: Frakoblet - Fjernbetjening Nummer 6 - ''FBTJ. RIKKE'' Mvh G4S', '2018-06-27 10:25:57'),
(641, 7, 4, 'N', NULL, 34, 0, 0, 'Besked fra anlÃ¦gsnr. 10927272 FÃ¸lgende er hÃ¦ndt pÃ¥ deres system  [Kim]: Frakoblet - Fjernbetjening Nummer 6 - ''FBTJ. RIKKE'' Mvh G4S', '2018-06-27 10:25:57'),
(642, 7, 5, 'N', NULL, 34, 0, 0, 'Besked fra anlÃ¦gsnr. 10927272 FÃ¸lgende er hÃ¦ndt pÃ¥ deres system  [Kim]: Frakoblet - Fjernbetjening Nummer 6 - ''FBTJ. RIKKE'' Mvh G4S', '2018-06-27 10:25:57'),
(643, NULL, 7, 'N', NULL, 34, 0, 0, 'Besked fra anlÃ¦gsnr. 10927171 FÃ¸lgende er hÃ¦ndt pÃ¥ deres system  [Kim]: Frakoblet - Fjernbetjening Nummer 6 - ''FBTJ. RIKKE'' Mvh G4S', '2018-06-27 10:25:57'),
(644, 7, 2, 'N', NULL, 34, 0, 0, 'Besked fra anlÃ¦gsnr. 10927171 FÃ¸lgende er hÃ¦ndt pÃ¥ deres system  [Kim]: Frakoblet - Fjernbetjening Nummer 6 - ''FBTJ. RIKKE'' Mvh G4S', '2018-06-27 10:25:57'),
(645, 7, 12, 'N', NULL, 34, 0, 0, 'Besked fra anlÃ¦gsnr. 10927171 FÃ¸lgende er hÃ¦ndt pÃ¥ deres system  [Kim]: Frakoblet - Fjernbetjening Nummer 6 - ''FBTJ. RIKKE'' Mvh G4S', '2018-06-27 10:25:57'),
(646, 7, 12, 'N', NULL, 34, 0, 0, 'Besked fra anlÃ¦gsnr. 10927171 FÃ¸lgende er hÃ¦ndt pÃ¥ deres system  [Kim]: Frakoblet - Fjernbetjening Nummer 6 - ''FBTJ. RIKKE'' Mvh G4S', '2018-06-27 10:25:57'),
(647, 7, 3, 'N', NULL, 34, 0, 0, 'Besked fra anlÃ¦gsnr. 10927171 FÃ¸lgende er hÃ¦ndt pÃ¥ deres system  [Kim]: Frakoblet - Fjernbetjening Nummer 6 - ''FBTJ. RIKKE'' Mvh G4S', '2018-06-27 10:25:57'),
(648, 7, 2, 'N', NULL, 34, 0, 0, 'Besked fra anlÃ¦gsnr. 10927171 FÃ¸lgende er hÃ¦ndt pÃ¥ deres system  [Kim]: Frakoblet - Fjernbetjening Nummer 6 - ''FBTJ. RIKKE'' Mvh G4S', '2018-06-27 10:25:57'),
(649, 7, 6, 'N', NULL, 34, 0, 0, 'Besked fra anlÃ¦gsnr. 10927171 FÃ¸lgende er hÃ¦ndt pÃ¥ deres system  [Kim]: Frakoblet - Fjernbetjening Nummer 6 - ''FBTJ. RIKKE'' Mvh G4S', '2018-06-27 10:25:57'),
(650, 7, 1, 'N', NULL, 34, 0, 0, 'Besked fra anlÃ¦gsnr. 10927171 FÃ¸lgende er hÃ¦ndt pÃ¥ deres system  [Kim]: Frakoblet - Fjernbetjening Nummer 6 - ''FBTJ. RIKKE'' Mvh G4S', '2018-06-27 10:25:57'),
(651, 7, 1, 'N', NULL, 34, 0, 0, 'Besked fra anlÃ¦gsnr. 10927171 FÃ¸lgende er hÃ¦ndt pÃ¥ deres system  [Kim]: Frakoblet - Fjernbetjening Nummer 6 - ''FBTJ. RIKKE'' Mvh G4S', '2018-06-27 10:25:57'),
(652, 7, 4, 'N', NULL, 34, 0, 0, 'Besked fra anlÃ¦gsnr. 10927171 FÃ¸lgende er hÃ¦ndt pÃ¥ deres system  [Kim]: Frakoblet - Fjernbetjening Nummer 6 - ''FBTJ. RIKKE'' Mvh G4S', '2018-06-27 10:25:57'),
(653, 7, 5, 'N', NULL, 34, 0, 0, 'Besked fra anlÃ¦gsnr. 10927171 FÃ¸lgende er hÃ¦ndt pÃ¥ deres system  [Kim]: Frakoblet - Fjernbetjening Nummer 6 - ''FBTJ. RIKKE'' Mvh G4S', '2018-06-27 10:25:57'),
(654, NULL, 7, 'N', NULL, 293, 0, 0, 'Besked fra anlÃ¦gsnr. 10927373 FÃ¸lgende er hÃ¦ndt pÃ¥ deres system  [Kim]: Frakoblet - Fjernbetjening Nummer 6 - ''FBTJ. RIKKE'' Mvh G4S', '2018-06-27 09:02:08'),
(655, 7, 2, 'N', NULL, 293, 0, 0, 'Besked fra anlÃ¦gsnr. 10927373 FÃ¸lgende er hÃ¦ndt pÃ¥ deres system  [Kim]: Frakoblet - Fjernbetjening Nummer 6 - ''FBTJ. RIKKE'' Mvh G4S', '2018-06-27 09:02:08'),
(656, 7, 12, 'N', NULL, 293, 0, 0, 'Besked fra anlÃ¦gsnr. 10927373 FÃ¸lgende er hÃ¦ndt pÃ¥ deres system  [Kim]: Frakoblet - Fjernbetjening Nummer 6 - ''FBTJ. RIKKE'' Mvh G4S', '2018-06-27 09:02:08'),
(657, 7, 12, 'N', NULL, 293, 0, 0, 'Besked fra anlÃ¦gsnr. 10927373 FÃ¸lgende er hÃ¦ndt pÃ¥ deres system  [Kim]: Frakoblet - Fjernbetjening Nummer 6 - ''FBTJ. RIKKE'' Mvh G4S', '2018-06-27 09:02:08'),
(658, 7, 3, 'N', NULL, 293, 0, 0, 'Besked fra anlÃ¦gsnr. 10927373 FÃ¸lgende er hÃ¦ndt pÃ¥ deres system  [Kim]: Frakoblet - Fjernbetjening Nummer 6 - ''FBTJ. RIKKE'' Mvh G4S', '2018-06-27 09:02:08'),
(659, 7, 2, 'N', NULL, 293, 0, 0, 'Besked fra anlÃ¦gsnr. 10927373 FÃ¸lgende er hÃ¦ndt pÃ¥ deres system  [Kim]: Frakoblet - Fjernbetjening Nummer 6 - ''FBTJ. RIKKE'' Mvh G4S', '2018-06-27 09:02:08'),
(660, 7, 6, 'N', NULL, 293, 0, 0, 'Besked fra anlÃ¦gsnr. 10927373 FÃ¸lgende er hÃ¦ndt pÃ¥ deres system  [Kim]: Frakoblet - Fjernbetjening Nummer 6 - ''FBTJ. RIKKE'' Mvh G4S', '2018-06-27 09:02:08'),
(661, 7, 1, 'N', NULL, 293, 0, 0, 'Besked fra anlÃ¦gsnr. 10927373 FÃ¸lgende er hÃ¦ndt pÃ¥ deres system  [Kim]: Frakoblet - Fjernbetjening Nummer 6 - ''FBTJ. RIKKE'' Mvh G4S', '2018-06-27 09:02:08'),
(662, 7, 1, 'N', NULL, 293, 0, 0, 'Besked fra anlÃ¦gsnr. 10927373 FÃ¸lgende er hÃ¦ndt pÃ¥ deres system  [Kim]: Frakoblet - Fjernbetjening Nummer 6 - ''FBTJ. RIKKE'' Mvh G4S', '2018-06-27 09:02:08'),
(663, 7, 4, 'N', NULL, 293, 0, 0, 'Besked fra anlÃ¦gsnr. 10927373 FÃ¸lgende er hÃ¦ndt pÃ¥ deres system  [Kim]: Frakoblet - Fjernbetjening Nummer 6 - ''FBTJ. RIKKE'' Mvh G4S', '2018-06-27 09:02:08'),
(664, 7, 5, 'N', NULL, 293, 0, 0, 'Besked fra anlÃ¦gsnr. 10927373 FÃ¸lgende er hÃ¦ndt pÃ¥ deres system  [Kim]: Frakoblet - Fjernbetjening Nummer 6 - ''FBTJ. RIKKE'' Mvh G4S', '2018-06-27 09:02:08'),
(665, NULL, 7, 'N', NULL, 34, 0, 0, 'Besked fra anlÃ¦gsnr. 10927373 FÃ¸lgende er hÃ¦ndt pÃ¥ deres system  [Kim]: Frakoblet - Fjernbetjening Nummer 6 - ''FBTJ. RIKKE'' Mvh G4S', '2018-06-27 10:25:57'),
(666, 7, 2, 'N', NULL, 34, 0, 0, 'Besked fra anlÃ¦gsnr. 10927373 FÃ¸lgende er hÃ¦ndt pÃ¥ deres system  [Kim]: Frakoblet - Fjernbetjening Nummer 6 - ''FBTJ. RIKKE'' Mvh G4S', '2018-06-27 10:25:57'),
(667, 7, 12, 'N', NULL, 34, 0, 0, 'Besked fra anlÃ¦gsnr. 10927373 FÃ¸lgende er hÃ¦ndt pÃ¥ deres system  [Kim]: Frakoblet - Fjernbetjening Nummer 6 - ''FBTJ. RIKKE'' Mvh G4S', '2018-06-27 10:25:57'),
(668, 7, 12, 'N', NULL, 34, 0, 0, 'Besked fra anlÃ¦gsnr. 10927373 FÃ¸lgende er hÃ¦ndt pÃ¥ deres system  [Kim]: Frakoblet - Fjernbetjening Nummer 6 - ''FBTJ. RIKKE'' Mvh G4S', '2018-06-27 10:25:57'),
(669, 7, 3, 'N', NULL, 34, 0, 0, 'Besked fra anlÃ¦gsnr. 10927373 FÃ¸lgende er hÃ¦ndt pÃ¥ deres system  [Kim]: Frakoblet - Fjernbetjening Nummer 6 - ''FBTJ. RIKKE'' Mvh G4S', '2018-06-27 10:25:57'),
(670, NULL, 7, 'N', NULL, 34, 0, 0, 'Besked fra anlÃ¦gsnr. 10927373 FÃ¸lgende er hÃ¦ndt pÃ¥ deres system  [Kim]: Frakoblet - Fjernbetjening Nummer 6 - ''FBTJ. RIKKE'' Mvh G4S', '2018-06-27 10:25:57'),
(671, 7, 2, 'N', NULL, 34, 0, 0, 'Besked fra anlÃ¦gsnr. 10927373 FÃ¸lgende er hÃ¦ndt pÃ¥ deres system  [Kim]: Frakoblet - Fjernbetjening Nummer 6 - ''FBTJ. RIKKE'' Mvh G4S', '2018-06-27 10:25:57'),
(672, 7, 12, 'N', NULL, 34, 0, 0, 'Besked fra anlÃ¦gsnr. 10927373 FÃ¸lgende er hÃ¦ndt pÃ¥ deres system  [Kim]: Frakoblet - Fjernbetjening Nummer 6 - ''FBTJ. RIKKE'' Mvh G4S', '2018-06-27 10:25:57'),
(673, 7, 12, 'N', NULL, 34, 0, 0, 'Besked fra anlÃ¦gsnr. 10927373 FÃ¸lgende er hÃ¦ndt pÃ¥ deres system  [Kim]: Frakoblet - Fjernbetjening Nummer 6 - ''FBTJ. RIKKE'' Mvh G4S', '2018-06-27 10:25:57'),
(674, 7, 3, 'N', NULL, 34, 0, 0, 'Besked fra anlÃ¦gsnr. 10927373 FÃ¸lgende er hÃ¦ndt pÃ¥ deres system  [Kim]: Frakoblet - Fjernbetjening Nummer 6 - ''FBTJ. RIKKE'' Mvh G4S', '2018-06-27 10:25:57'),
(675, 7, 2, 'N', NULL, 34, 0, 0, 'Besked fra anlÃ¦gsnr. 10927373 FÃ¸lgende er hÃ¦ndt pÃ¥ deres system  [Kim]: Frakoblet - Fjernbetjening Nummer 6 - ''FBTJ. RIKKE'' Mvh G4S', '2018-06-27 10:25:57'),
(676, 7, 6, 'N', NULL, 34, 0, 0, 'Besked fra anlÃ¦gsnr. 10927373 FÃ¸lgende er hÃ¦ndt pÃ¥ deres system  [Kim]: Frakoblet - Fjernbetjening Nummer 6 - ''FBTJ. RIKKE'' Mvh G4S', '2018-06-27 10:25:57'),
(677, 7, 1, 'N', NULL, 34, 0, 0, 'Besked fra anlÃ¦gsnr. 10927373 FÃ¸lgende er hÃ¦ndt pÃ¥ deres system  [Kim]: Frakoblet - Fjernbetjening Nummer 6 - ''FBTJ. RIKKE'' Mvh G4S', '2018-06-27 10:25:57'),
(678, 7, 1, 'N', NULL, 34, 0, 0, 'Besked fra anlÃ¦gsnr. 10927373 FÃ¸lgende er hÃ¦ndt pÃ¥ deres system  [Kim]: Frakoblet - Fjernbetjening Nummer 6 - ''FBTJ. RIKKE'' Mvh G4S', '2018-06-27 10:25:57'),
(679, 7, 4, 'N', NULL, 34, 0, 0, 'Besked fra anlÃ¦gsnr. 10927373 FÃ¸lgende er hÃ¦ndt pÃ¥ deres system  [Kim]: Frakoblet - Fjernbetjening Nummer 6 - ''FBTJ. RIKKE'' Mvh G4S', '2018-06-27 10:25:57'),
(680, 7, 5, 'N', NULL, 34, 0, 0, 'Besked fra anlÃ¦gsnr. 10927373 FÃ¸lgende er hÃ¦ndt pÃ¥ deres system  [Kim]: Frakoblet - Fjernbetjening Nummer 6 - ''FBTJ. RIKKE'' Mvh G4S', '2018-06-27 10:25:57'),
(681, NULL, 7, 'N', NULL, 34, 0, 0, 'Besked fra anlÃ¦gsnr. 10927373 FÃ¸lgende er hÃ¦ndt pÃ¥ deres system  [Kim]: Frakoblet - Fjernbetjening Nummer 6 - ''FBTJ. RIKKE'' Mvh G4S', '2018-06-27 10:25:57'),
(682, 7, 2, 'N', NULL, 34, 0, 0, 'Besked fra anlÃ¦gsnr. 10927373 FÃ¸lgende er hÃ¦ndt pÃ¥ deres system  [Kim]: Frakoblet - Fjernbetjening Nummer 6 - ''FBTJ. RIKKE'' Mvh G4S', '2018-06-27 10:25:57'),
(683, 7, 12, 'N', NULL, 34, 0, 0, 'Besked fra anlÃ¦gsnr. 10927373 FÃ¸lgende er hÃ¦ndt pÃ¥ deres system  [Kim]: Frakoblet - Fjernbetjening Nummer 6 - ''FBTJ. RIKKE'' Mvh G4S', '2018-06-27 10:25:57'),
(684, 7, 12, 'N', NULL, 1, 0, 0, 'Besked fra anlÃ¦gsnr. 10927373 FÃ¸lgende er hÃ¦ndt pÃ¥ deres system  [Kim]: Frakoblet - Fjernbetjening Nummer 6 - ''FBTJ. RIKKE'' Mvh G4S', '2018-07-06 11:03:25'),
(685, 7, 3, 'N', NULL, 1, 0, 0, 'Besked fra anlÃ¦gsnr. 10927373 FÃ¸lgende er hÃ¦ndt pÃ¥ deres system  [Kim]: Frakoblet - Fjernbetjening Nummer 6 - ''FBTJ. RIKKE'' Mvh G4S', '2018-07-06 11:03:25'),
(686, 7, 2, 'N', NULL, 1, 0, 0, 'Besked fra anlÃ¦gsnr. 10927373 FÃ¸lgende er hÃ¦ndt pÃ¥ deres system  [Kim]: Frakoblet - Fjernbetjening Nummer 6 - ''FBTJ. RIKKE'' Mvh G4S', '2018-07-06 11:03:25'),
(687, 7, 6, 'N', NULL, 1, 0, 0, 'Besked fra anlÃ¦gsnr. 10927373 FÃ¸lgende er hÃ¦ndt pÃ¥ deres system  [Kim]: Frakoblet - Fjernbetjening Nummer 6 - ''FBTJ. RIKKE'' Mvh G4S', '2018-07-06 11:03:25'),
(688, 7, 1, 'N', NULL, 1, 0, 0, 'Besked fra anlÃ¦gsnr. 10927373 FÃ¸lgende er hÃ¦ndt pÃ¥ deres system  [Kim]: Frakoblet - Fjernbetjening Nummer 6 - ''FBTJ. RIKKE'' Mvh G4S', '2018-07-06 11:03:25'),
(689, 7, 1, 'N', NULL, 1, 0, 0, 'Besked fra anlÃ¦gsnr. 10927373 FÃ¸lgende er hÃ¦ndt pÃ¥ deres system  [Kim]: Frakoblet - Fjernbetjening Nummer 6 - ''FBTJ. RIKKE'' Mvh G4S', '2018-07-06 11:03:25'),
(690, 7, 4, 'N', NULL, 1, 0, 0, 'Besked fra anlÃ¦gsnr. 10927373 FÃ¸lgende er hÃ¦ndt pÃ¥ deres system  [Kim]: Frakoblet - Fjernbetjening Nummer 6 - ''FBTJ. RIKKE'' Mvh G4S', '2018-07-06 11:03:25'),
(691, 7, 5, 'N', NULL, 1, 0, 0, 'Besked fra anlÃ¦gsnr. 10927373 FÃ¸lgende er hÃ¦ndt pÃ¥ deres system  [Kim]: Frakoblet - Fjernbetjening Nummer 6 - ''FBTJ. RIKKE'' Mvh G4S', '2018-07-06 11:03:25'),
(692, NULL, 7, 'N', NULL, 34, 0, 0, 'Besked fra anlÃ¦gsnr. 10927375 FÃ¸lgende er hÃ¦ndt pÃ¥ deres system  [Kim]: Frakoblet - Fjernbetjening Nummer 6 - ''FBTJ. RIKKE'' Mvh G4S', '2018-06-27 10:31:02'),
(693, 7, 2, 'N', NULL, 34, 0, 0, 'Besked fra anlÃ¦gsnr. 10927375 FÃ¸lgende er hÃ¦ndt pÃ¥ deres system  [Kim]: Frakoblet - Fjernbetjening Nummer 6 - ''FBTJ. RIKKE'' Mvh G4S', '2018-06-27 10:31:02'),
(694, 7, 12, 'N', NULL, 34, 0, 0, 'Besked fra anlÃ¦gsnr. 10927375 FÃ¸lgende er hÃ¦ndt pÃ¥ deres system  [Kim]: Frakoblet - Fjernbetjening Nummer 6 - ''FBTJ. RIKKE'' Mvh G4S', '2018-06-27 10:31:02'),
(695, 7, 12, 'N', NULL, 34, 0, 0, 'Besked fra anlÃ¦gsnr. 10927375 FÃ¸lgende er hÃ¦ndt pÃ¥ deres system  [Kim]: Frakoblet - Fjernbetjening Nummer 6 - ''FBTJ. RIKKE'' Mvh G4S', '2018-06-27 10:31:02'),
(696, 7, 3, 'N', NULL, 34, 0, 0, 'Besked fra anlÃ¦gsnr. 10927375 FÃ¸lgende er hÃ¦ndt pÃ¥ deres system  [Kim]: Frakoblet - Fjernbetjening Nummer 6 - ''FBTJ. RIKKE'' Mvh G4S', '2018-06-27 10:31:02'),
(697, 7, 2, 'N', NULL, 34, 0, 0, 'Besked fra anlÃ¦gsnr. 10927375 FÃ¸lgende er hÃ¦ndt pÃ¥ deres system  [Kim]: Frakoblet - Fjernbetjening Nummer 6 - ''FBTJ. RIKKE'' Mvh G4S', '2018-06-27 10:31:02'),
(698, 7, 6, 'N', NULL, 34, 0, 0, 'Besked fra anlÃ¦gsnr. 10927375 FÃ¸lgende er hÃ¦ndt pÃ¥ deres system  [Kim]: Frakoblet - Fjernbetjening Nummer 6 - ''FBTJ. RIKKE'' Mvh G4S', '2018-06-27 10:31:02'),
(699, 7, 1, 'N', NULL, 34, 0, 0, 'Besked fra anlÃ¦gsnr. 10927375 FÃ¸lgende er hÃ¦ndt pÃ¥ deres system  [Kim]: Frakoblet - Fjernbetjening Nummer 6 - ''FBTJ. RIKKE'' Mvh G4S', '2018-06-27 10:31:02'),
(700, 7, 1, 'BC', NULL, 263, 0, 1, 'Besked fra anlÃ¦gsnr. 10927375 FÃ¸lgende er hÃ¦ndt pÃ¥ deres system  [Kim]: Frakoblet - Fjernbetjening Nummer 6 - ''FBTJ. RIKKE'' Mvh G4S', '2018-07-04 06:51:26'),
(701, 7, 4, 'BC', NULL, 263, 1, 1, 'Besked fra anlÃ¦gsnr. 10927375 FÃ¸lgende er hÃ¦ndt pÃ¥ deres system  [Kim]: Frakoblet - Fjernbetjening Nummer 6 - ''FBTJ. RIKKE'' Mvh G4S', '2018-06-27 10:26:43'),
(702, 7, 5, 'BC', NULL, 263, 1, 1, 'Besked fra anlÃ¦gsnr. 10927375 FÃ¸lgende er hÃ¦ndt pÃ¥ deres system  [Kim]: Frakoblet - Fjernbetjening Nummer 6 - ''FBTJ. RIKKE'' Mvh G4S', '2018-06-27 10:26:44'),
(703, NULL, 7, 'N', NULL, 34, 0, 0, 'Besked fra anlÃ¦gsnr. 10927375 FÃ¸lgende er hÃ¦ndt pÃ¥ deres system  [Kim]: Frakoblet - Fjernbetjening Nummer 6 - ''FBTJ. RIKKE'' Mvh G4S', '2018-06-27 10:31:02'),
(704, 7, 2, 'N', NULL, 34, 0, 0, 'Besked fra anlÃ¦gsnr. 10927375 FÃ¸lgende er hÃ¦ndt pÃ¥ deres system  [Kim]: Frakoblet - Fjernbetjening Nummer 6 - ''FBTJ. RIKKE'' Mvh G4S', '2018-06-27 10:31:02'),
(705, 7, 12, 'N', NULL, 34, 0, 0, 'Besked fra anlÃ¦gsnr. 10927375 FÃ¸lgende er hÃ¦ndt pÃ¥ deres system  [Kim]: Frakoblet - Fjernbetjening Nummer 6 - ''FBTJ. RIKKE'' Mvh G4S', '2018-06-27 10:31:02'),
(706, 7, 12, 'N', NULL, 34, 0, 0, 'Besked fra anlÃ¦gsnr. 10927375 FÃ¸lgende er hÃ¦ndt pÃ¥ deres system  [Kim]: Frakoblet - Fjernbetjening Nummer 6 - ''FBTJ. RIKKE'' Mvh G4S', '2018-06-27 10:31:02'),
(707, 7, 3, 'N', NULL, 34, 0, 0, 'Besked fra anlÃ¦gsnr. 10927375 FÃ¸lgende er hÃ¦ndt pÃ¥ deres system  [Kim]: Frakoblet - Fjernbetjening Nummer 6 - ''FBTJ. RIKKE'' Mvh G4S', '2018-06-27 10:31:02'),
(708, 7, 2, 'N', NULL, 34, 0, 0, 'Besked fra anlÃ¦gsnr. 10927375 FÃ¸lgende er hÃ¦ndt pÃ¥ deres system  [Kim]: Frakoblet - Fjernbetjening Nummer 6 - ''FBTJ. RIKKE'' Mvh G4S', '2018-06-27 10:31:02'),
(709, 7, 6, 'N', NULL, 34, 0, 0, 'Besked fra anlÃ¦gsnr. 10927375 FÃ¸lgende er hÃ¦ndt pÃ¥ deres system  [Kim]: Frakoblet - Fjernbetjening Nummer 6 - ''FBTJ. RIKKE'' Mvh G4S', '2018-06-27 10:31:02'),
(710, 7, 1, 'N', NULL, 34, 0, 0, 'Besked fra anlÃ¦gsnr. 10927375 FÃ¸lgende er hÃ¦ndt pÃ¥ deres system  [Kim]: Frakoblet - Fjernbetjening Nummer 6 - ''FBTJ. RIKKE'' Mvh G4S', '2018-06-27 10:31:02'),
(711, 7, 1, 'N', NULL, 34, 0, 0, 'Besked fra anlÃ¦gsnr. 10927375 FÃ¸lgende er hÃ¦ndt pÃ¥ deres system  [Kim]: Frakoblet - Fjernbetjening Nummer 6 - ''FBTJ. RIKKE'' Mvh G4S', '2018-06-27 10:31:02'),
(712, NULL, 7, 'N', NULL, 34, 0, 0, 'Besked fra anlÃ¦gsnr. 10927375 FÃ¸lgende er hÃ¦ndt pÃ¥ deres system  [Kim]: Frakoblet - Fjernbetjening Nummer 6 - ''FBTJ. RIKKE'' Mvh G4S', '2018-06-27 10:35:08'),
(713, 7, 2, 'N', NULL, 34, 0, 0, 'Besked fra anlÃ¦gsnr. 10927375 FÃ¸lgende er hÃ¦ndt pÃ¥ deres system  [Kim]: Frakoblet - Fjernbetjening Nummer 6 - ''FBTJ. RIKKE'' Mvh G4S', '2018-06-27 10:35:08'),
(714, 7, 12, 'N', NULL, 34, 0, 0, 'Besked fra anlÃ¦gsnr. 10927375 FÃ¸lgende er hÃ¦ndt pÃ¥ deres system  [Kim]: Frakoblet - Fjernbetjening Nummer 6 - ''FBTJ. RIKKE'' Mvh G4S', '2018-06-27 10:35:08'),
(715, 7, 12, 'N', NULL, 34, 0, 0, 'Besked fra anlÃ¦gsnr. 10927375 FÃ¸lgende er hÃ¦ndt pÃ¥ deres system  [Kim]: Frakoblet - Fjernbetjening Nummer 6 - ''FBTJ. RIKKE'' Mvh G4S', '2018-06-27 10:35:08'),
(716, 7, 3, 'N', NULL, 34, 0, 0, 'Besked fra anlÃ¦gsnr. 10927375 FÃ¸lgende er hÃ¦ndt pÃ¥ deres system  [Kim]: Frakoblet - Fjernbetjening Nummer 6 - ''FBTJ. RIKKE'' Mvh G4S', '2018-06-27 10:35:08'),
(717, 7, 2, 'N', NULL, 34, 0, 0, 'Besked fra anlÃ¦gsnr. 10927375 FÃ¸lgende er hÃ¦ndt pÃ¥ deres system  [Kim]: Frakoblet - Fjernbetjening Nummer 6 - ''FBTJ. RIKKE'' Mvh G4S', '2018-06-27 10:35:08'),
(718, 7, 6, 'N', NULL, 34, 0, 0, 'Besked fra anlÃ¦gsnr. 10927375 FÃ¸lgende er hÃ¦ndt pÃ¥ deres system  [Kim]: Frakoblet - Fjernbetjening Nummer 6 - ''FBTJ. RIKKE'' Mvh G4S', '2018-06-27 10:35:08'),
(719, 7, 1, 'N', NULL, 34, 0, 0, 'Besked fra anlÃ¦gsnr. 10927375 FÃ¸lgende er hÃ¦ndt pÃ¥ deres system  [Kim]: Frakoblet - Fjernbetjening Nummer 6 - ''FBTJ. RIKKE'' Mvh G4S', '2018-06-27 10:35:08'),
(720, 7, 1, 'N', NULL, 34, 0, 0, 'Besked fra anlÃ¦gsnr. 10927375 FÃ¸lgende er hÃ¦ndt pÃ¥ deres system  [Kim]: Frakoblet - Fjernbetjening Nummer 6 - ''FBTJ. RIKKE'' Mvh G4S', '2018-06-27 10:35:08'),
(721, 7, 4, 'N', NULL, 34, 0, 0, 'Besked fra anlÃ¦gsnr. 10927375 FÃ¸lgende er hÃ¦ndt pÃ¥ deres system  [Kim]: Frakoblet - Fjernbetjening Nummer 6 - ''FBTJ. RIKKE'' Mvh G4S', '2018-06-27 10:35:08'),
(722, 7, 5, 'N', NULL, 34, 0, 0, 'Besked fra anlÃ¦gsnr. 10927375 FÃ¸lgende er hÃ¦ndt pÃ¥ deres system  [Kim]: Frakoblet - Fjernbetjening Nummer 6 - ''FBTJ. RIKKE'' Mvh G4S', '2018-06-27 10:35:08'),
(723, NULL, 7, 'N', NULL, 34, 0, 0, 'Besked fra anlÃ¦gsnr. 10927375 FÃ¸lgende er hÃ¦ndt pÃ¥ deres system  [Kim]: Frakoblet - Fjernbetjening Nummer 6 - ''FBTJ. RIKKE'' Mvh G4S', '2018-06-27 10:36:26'),
(724, 7, 2, 'N', NULL, 34, 0, 0, 'Besked fra anlÃ¦gsnr. 10927375 FÃ¸lgende er hÃ¦ndt pÃ¥ deres system  [Kim]: Frakoblet - Fjernbetjening Nummer 6 - ''FBTJ. RIKKE'' Mvh G4S', '2018-06-27 10:36:26'),
(725, NULL, 7, 'N', NULL, 34, 0, 0, 'Besked fra anlÃ¦gsnr. 10927375 FÃ¸lgende er hÃ¦ndt pÃ¥ deres system  [Kim]: Frakoblet - Fjernbetjening Nummer 6 - ''FBTJ. RIKKE'' Mvh G4S', '2018-06-27 10:36:26'),
(726, 7, 2, 'N', NULL, 34, 0, 0, 'Besked fra anlÃ¦gsnr. 10927375 FÃ¸lgende er hÃ¦ndt pÃ¥ deres system  [Kim]: Frakoblet - Fjernbetjening Nummer 6 - ''FBTJ. RIKKE'' Mvh G4S', '2018-06-27 10:36:26'),
(727, 7, 12, 'N', NULL, 2, 0, 0, 'Besked fra anlÃ¦gsnr. 10927375 FÃ¸lgende er hÃ¦ndt pÃ¥ deres system  [Kim]: Frakoblet - Fjernbetjening Nummer 6 - ''FBTJ. RIKKE'' Mvh G4S', '2018-08-11 09:15:35'),
(728, 7, 12, 'N', NULL, 2, 0, 0, 'Besked fra anlÃ¦gsnr. 10927375 FÃ¸lgende er hÃ¦ndt pÃ¥ deres system  [Kim]: Frakoblet - Fjernbetjening Nummer 6 - ''FBTJ. RIKKE'' Mvh G4S', '2018-08-11 09:15:35'),
(729, 7, 3, 'N', NULL, 2, 0, 0, 'Besked fra anlÃ¦gsnr. 10927375 FÃ¸lgende er hÃ¦ndt pÃ¥ deres system  [Kim]: Frakoblet - Fjernbetjening Nummer 6 - ''FBTJ. RIKKE'' Mvh G4S', '2018-08-11 09:15:35'),
(730, 7, 2, 'N', NULL, 2, 0, 0, 'Besked fra anlÃ¦gsnr. 10927375 FÃ¸lgende er hÃ¦ndt pÃ¥ deres system  [Kim]: Frakoblet - Fjernbetjening Nummer 6 - ''FBTJ. RIKKE'' Mvh G4S', '2018-08-11 09:15:35'),
(731, 7, 6, 'N', NULL, 2, 0, 0, 'Besked fra anlÃ¦gsnr. 10927375 FÃ¸lgende er hÃ¦ndt pÃ¥ deres system  [Kim]: Frakoblet - Fjernbetjening Nummer 6 - ''FBTJ. RIKKE'' Mvh G4S', '2018-08-11 09:15:35'),
(732, 7, 1, 'N', NULL, 2, 0, 0, 'Besked fra anlÃ¦gsnr. 10927375 FÃ¸lgende er hÃ¦ndt pÃ¥ deres system  [Kim]: Frakoblet - Fjernbetjening Nummer 6 - ''FBTJ. RIKKE'' Mvh G4S', '2018-08-11 09:15:35'),
(733, 7, 1, 'N', NULL, 2, 0, 0, 'Besked fra anlÃ¦gsnr. 10927375 FÃ¸lgende er hÃ¦ndt pÃ¥ deres system  [Kim]: Frakoblet - Fjernbetjening Nummer 6 - ''FBTJ. RIKKE'' Mvh G4S', '2018-08-11 09:15:35'),
(734, 7, 4, 'N', NULL, 2, 0, 0, 'Besked fra anlÃ¦gsnr. 10927375 FÃ¸lgende er hÃ¦ndt pÃ¥ deres system  [Kim]: Frakoblet - Fjernbetjening Nummer 6 - ''FBTJ. RIKKE'' Mvh G4S', '2018-08-11 09:15:35'),
(735, 7, 5, 'BC', NULL, 277, 1, 1, 'Besked fra anlÃ¦gsnr. 10927375 FÃ¸lgende er hÃ¦ndt pÃ¥ deres system  [Kim]: Frakoblet - Fjernbetjening Nummer 6 - ''FBTJ. RIKKE'' Mvh G4S', '2018-06-27 10:35:56'),
(736, NULL, 7, 'N', NULL, 34, 0, 0, 'Besked fra anlÃ¦gsnr. 10927375 FÃ¸lgende er hÃ¦ndt pÃ¥ deres system  [Kim]: Frakoblet - Fjernbetjening Nummer 6 - ''FBTJ. RIKKE'' Mvh G4S', '2018-06-27 10:36:49'),
(737, 7, 2, 'N', NULL, 34, 0, 0, 'Besked fra anlÃ¦gsnr. 10927375 FÃ¸lgende er hÃ¦ndt pÃ¥ deres system  [Kim]: Frakoblet - Fjernbetjening Nummer 6 - ''FBTJ. RIKKE'' Mvh G4S', '2018-06-27 10:36:49'),
(738, 7, 12, 'N', NULL, 34, 0, 0, 'Besked fra anlÃ¦gsnr. 10927375 FÃ¸lgende er hÃ¦ndt pÃ¥ deres system  [Kim]: Frakoblet - Fjernbetjening Nummer 6 - ''FBTJ. RIKKE'' Mvh G4S', '2018-06-27 10:36:49'),
(739, 7, 12, 'N', NULL, 34, 0, 0, 'Besked fra anlÃ¦gsnr. 10927375 FÃ¸lgende er hÃ¦ndt pÃ¥ deres system  [Kim]: Frakoblet - Fjernbetjening Nummer 6 - ''FBTJ. RIKKE'' Mvh G4S', '2018-06-27 10:36:49'),
(740, 7, 3, 'N', NULL, 34, 0, 0, 'Besked fra anlÃ¦gsnr. 10927375 FÃ¸lgende er hÃ¦ndt pÃ¥ deres system  [Kim]: Frakoblet - Fjernbetjening Nummer 6 - ''FBTJ. RIKKE'' Mvh G4S', '2018-06-27 10:36:49'),
(741, 7, 2, 'N', NULL, 34, 0, 0, 'Besked fra anlÃ¦gsnr. 10927375 FÃ¸lgende er hÃ¦ndt pÃ¥ deres system  [Kim]: Frakoblet - Fjernbetjening Nummer 6 - ''FBTJ. RIKKE'' Mvh G4S', '2018-06-27 10:36:49'),
(742, 7, 6, 'N', NULL, 34, 0, 0, 'Besked fra anlÃ¦gsnr. 10927375 FÃ¸lgende er hÃ¦ndt pÃ¥ deres system  [Kim]: Frakoblet - Fjernbetjening Nummer 6 - ''FBTJ. RIKKE'' Mvh G4S', '2018-06-27 10:36:49'),
(743, 7, 1, 'N', NULL, 34, 0, 0, 'Besked fra anlÃ¦gsnr. 10927375 FÃ¸lgende er hÃ¦ndt pÃ¥ deres system  [Kim]: Frakoblet - Fjernbetjening Nummer 6 - ''FBTJ. RIKKE'' Mvh G4S', '2018-06-27 10:36:49'),
(744, 7, 1, 'N', NULL, 34, 0, 0, 'Besked fra anlÃ¦gsnr. 10927375 FÃ¸lgende er hÃ¦ndt pÃ¥ deres system  [Kim]: Frakoblet - Fjernbetjening Nummer 6 - ''FBTJ. RIKKE'' Mvh G4S', '2018-06-27 10:36:49'),
(745, 7, 4, 'N', NULL, 34, 0, 0, 'Besked fra anlÃ¦gsnr. 10927375 FÃ¸lgende er hÃ¦ndt pÃ¥ deres system  [Kim]: Frakoblet - Fjernbetjening Nummer 6 - ''FBTJ. RIKKE'' Mvh G4S', '2018-06-27 10:36:49'),
(746, 7, 5, 'N', NULL, 34, 0, 0, 'Besked fra anlÃ¦gsnr. 10927375 FÃ¸lgende er hÃ¦ndt pÃ¥ deres system  [Kim]: Frakoblet - Fjernbetjening Nummer 6 - ''FBTJ. RIKKE'' Mvh G4S', '2018-06-27 10:36:49'),
(747, NULL, 7, 'N', NULL, 34, 0, 0, 'Besked fra anlÃ¦gsnr. 10927375 FÃ¸lgende er hÃ¦ndt pÃ¥ deres system  [Kim]: Frakoblet - Fjernbetjening Nummer 6 - ''FBTJ. RIKKE'' Mvh G4S', '2018-06-29 15:12:37'),
(748, 7, 2, 'N', NULL, 34, 0, 0, 'Besked fra anlÃ¦gsnr. 10927375 FÃ¸lgende er hÃ¦ndt pÃ¥ deres system  [Kim]: Frakoblet - Fjernbetjening Nummer 6 - ''FBTJ. RIKKE'' Mvh G4S', '2018-06-29 15:12:37'),
(749, NULL, 8, 'N', NULL, 48, 0, 0, 'Besked fra anlÃ¦gsnr. 80808080 FÃ¸lgende er hÃ¦ndt pÃ¥ deres system [Ramesh]: eighty is my favorite -!Frakoblet - Fjernbetjening Nummer 6 - ''FBTJ. RIKKE'' Mvh G4S', '2018-06-29 14:46:39'),
(750, 8, 14, 'N', NULL, 48, 0, 0, 'Besked fra anlÃ¦gsnr. 80808080 FÃ¸lgende er hÃ¦ndt pÃ¥ deres system [Ramesh]: eighty is my favorite -!Frakoblet - Fjernbetjening Nummer 6 - ''FBTJ. RIKKE'' Mvh G4S', '2018-06-29 14:46:39'),
(751, 8, 15, 'N', NULL, 48, 0, 0, 'Besked fra anlÃ¦gsnr. 80808080 FÃ¸lgende er hÃ¦ndt pÃ¥ deres system [Ramesh]: eighty is my favorite -!Frakoblet - Fjernbetjening Nummer 6 - ''FBTJ. RIKKE'' Mvh G4S', '2018-06-29 14:46:39'),
(752, 8, 15, 'N', NULL, 48, 0, 0, 'Besked fra anlÃ¦gsnr. 80808080 FÃ¸lgende er hÃ¦ndt pÃ¥ deres system [Ramesh]: eighty is my favorite -!Frakoblet - Fjernbetjening Nummer 6 - ''FBTJ. RIKKE'' Mvh G4S', '2018-06-29 14:46:39'),
(753, 8, 15, 'N', NULL, 48, 0, 0, 'Besked fra anlÃ¦gsnr. 80808080 FÃ¸lgende er hÃ¦ndt pÃ¥ deres system [Ramesh]: eighty is my favorite -!Frakoblet - Fjernbetjening Nummer 6 - ''FBTJ. RIKKE'' Mvh G4S', '2018-06-29 14:46:39'),
(754, NULL, 8, 'N', NULL, 48, 0, 0, 'Besked fra anlÃ¦gsnr. 80808080 FÃ¸lgende er hÃ¦ndt pÃ¥ deres system [Ramesh]: eighty is my favorite -!Frakoblet - Fjernbetjening Nummer 6 - ''FBTJ. RIKKE'' Mvh G4S', '2018-06-29 14:46:39'),
(755, 8, 14, 'N', NULL, 48, 0, 0, 'Besked fra anlÃ¦gsnr. 80808080 FÃ¸lgende er hÃ¦ndt pÃ¥ deres system [Ramesh]: eighty is my favorite -!Frakoblet - Fjernbetjening Nummer 6 - ''FBTJ. RIKKE'' Mvh G4S', '2018-06-29 14:46:39'),
(756, 8, 15, 'N', NULL, 48, 0, 0, 'Besked fra anlÃ¦gsnr. 80808080 FÃ¸lgende er hÃ¦ndt pÃ¥ deres system [Ramesh]: eighty is my favorite -!Frakoblet - Fjernbetjening Nummer 6 - ''FBTJ. RIKKE'' Mvh G4S', '2018-06-29 14:46:39'),
(757, 8, 15, 'N', NULL, 48, 0, 0, 'Besked fra anlÃ¦gsnr. 80808080 FÃ¸lgende er hÃ¦ndt pÃ¥ deres system [Ramesh]: eighty is my favorite -!Frakoblet - Fjernbetjening Nummer 6 - ''FBTJ. RIKKE'' Mvh G4S', '2018-06-29 14:46:39'),
(758, 8, 15, 'N', NULL, 48, 0, 0, 'Besked fra anlÃ¦gsnr. 80808080 FÃ¸lgende er hÃ¦ndt pÃ¥ deres system [Ramesh]: eighty is my favorite -!Frakoblet - Fjernbetjening Nummer 6 - ''FBTJ. RIKKE'' Mvh G4S', '2018-06-29 14:46:39'),
(759, 8, 10, 'N', NULL, 48, 0, 0, 'Besked fra anlÃ¦gsnr. 80808080 FÃ¸lgende er hÃ¦ndt pÃ¥ deres system [Ramesh]: eighty is my favorite -!Frakoblet - Fjernbetjening Nummer 6 - ''FBTJ. RIKKE'' Mvh G4S', '2018-06-29 14:46:39'),
(760, 8, 13, 'B', NULL, 328, 1, 1, 'BURGLAR - vikings- ramesh beat them and saved ur home', '2018-06-29 14:26:44'),
(761, NULL, 8, 'N', NULL, 48, 0, 0, 'testing 99559364', '2018-06-29 15:02:21'),
(762, 8, 14, 'N', NULL, 48, 0, 0, 'testing 99559364', '2018-06-29 15:02:21'),
(763, 8, 15, 'N', NULL, 48, 0, 0, 'testing 99559364', '2018-06-29 15:02:21'),
(764, 8, 15, 'N', NULL, 48, 0, 0, 'testing 99559364', '2018-06-29 15:02:21'),
(765, 8, 15, 'N', NULL, 48, 0, 0, 'testing 99559364', '2018-06-29 15:02:21'),
(766, 8, 10, 'N', NULL, 48, 0, 0, 'testing 99559364', '2018-06-29 15:02:21'),
(767, NULL, 7, 'N', NULL, 34, 0, 0, 'testing 98410058', '2018-06-29 15:14:28'),
(768, 7, 2, 'N', NULL, 34, 0, 0, 'testing 98410058', '2018-06-29 15:14:28'),
(769, 7, 12, 'N', NULL, 34, 0, 0, 'testing 98410058', '2018-06-29 15:14:28'),
(770, 7, 12, 'N', NULL, 34, 0, 0, 'testing 98410058', '2018-06-29 15:14:28'),
(771, NULL, 7, 'N', NULL, 34, 0, 0, 'testing 98410058', '2018-06-29 15:15:06'),
(772, 7, 2, 'N', NULL, 34, 0, 0, 'testing 98410058', '2018-06-29 15:15:06'),
(773, 7, 12, 'N', NULL, 34, 0, 0, 'testing 98410058', '2018-06-29 15:15:06'),
(774, 7, 12, 'N', NULL, 34, 0, 0, 'testing 98410058', '2018-06-29 15:15:06'),
(775, 7, 3, 'N', NULL, 34, 0, 0, 'testing 98410058', '2018-06-29 15:15:06'),
(776, 7, 2, 'N', NULL, 34, 0, 0, 'testing 98410058', '2018-06-29 15:15:06'),
(777, 7, 6, 'N', NULL, 34, 0, 0, 'testing 98410058', '2018-06-29 15:15:06'),
(778, 7, 1, 'N', NULL, 34, 0, 0, 'testing 98410058', '2018-06-29 15:15:06'),
(779, 7, 1, 'N', NULL, 34, 0, 0, 'testing 98410058', '2018-06-29 15:15:06'),
(780, 7, 4, 'N', NULL, 34, 0, 0, 'testing 98410058', '2018-06-29 15:15:06'),
(781, NULL, NULL, '', NULL, 2147483647, 1, 1, 'testing 98410058', '2018-06-30 08:19:22'),
(782, NULL, 7, 'N', NULL, 34, 0, 0, 'testing 98410058', '2018-06-30 08:33:45'),
(783, 7, 2, 'N', NULL, 34, 0, 0, 'testing 98410058', '2018-06-30 08:33:45'),
(784, 7, 12, 'N', NULL, 34, 0, 0, 'testing 98410058', '2018-06-30 08:33:45'),
(785, 7, 12, 'N', NULL, 34, 0, 0, 'testing 98410058', '2018-06-30 08:33:45'),
(786, 7, 3, 'N', NULL, 34, 0, 0, 'testing 98410058', '2018-06-30 08:33:45'),
(787, 7, 2, 'N', NULL, 34, 0, 0, 'testing 98410058', '2018-06-30 08:33:45'),
(788, 7, 6, 'N', NULL, 34, 0, 0, 'testing 98410058', '2018-06-30 08:33:45'),
(789, 7, 1, 'N', NULL, 34, 0, 0, 'testing 98410058', '2018-06-30 08:33:45'),
(790, 7, 1, 'N', NULL, 34, 0, 0, 'testing 98410058', '2018-06-30 08:33:45'),
(791, 7, 4, 'N', NULL, 34, 0, 0, 'testing 98410058', '2018-06-30 08:33:45'),
(792, 7, 5, 'N', NULL, 34, 0, 0, 'testing 98410058', '2018-06-30 08:33:45'),
(793, NULL, NULL, '', NULL, 2147483647, 1, 1, 'testing 98410058', '2018-06-30 08:28:14'),
(794, NULL, 7, 'N', NULL, 34, 0, 0, 'testing 98410058', '2018-06-30 08:33:45'),
(795, 7, 2, 'N', NULL, 34, 0, 0, 'testing 98410058', '2018-06-30 08:33:45'),
(796, 7, 12, 'N', NULL, 34, 0, 0, 'testing 98410058', '2018-06-30 08:33:45'),
(797, 7, 12, 'N', NULL, 34, 0, 0, 'testing 98410058', '2018-06-30 08:33:45'),
(798, 7, 3, 'N', NULL, 34, 0, 0, 'testing 98410058', '2018-06-30 08:33:45'),
(799, 7, 2, 'N', NULL, 34, 0, 0, 'testing 98410058', '2018-06-30 08:33:45'),
(800, 7, 6, 'N', NULL, 34, 0, 0, 'testing 98410058', '2018-06-30 08:33:45'),
(801, 7, 1, 'N', NULL, 34, 0, 0, 'testing 98410058', '2018-06-30 08:33:45'),
(802, 7, 1, 'N', NULL, 34, 0, 0, 'testing 98410058', '2018-06-30 08:33:45'),
(803, 7, 4, 'N', NULL, 34, 0, 0, 'testing 98410058', '2018-06-30 08:33:45'),
(804, 7, 5, 'N', NULL, 34, 0, 0, 'testing 98410058', '2018-06-30 08:33:45'),
(805, NULL, NULL, '', NULL, 2147483647, 1, 1, 'testing 98410058', '2018-06-30 08:29:20'),
(806, NULL, 7, 'N', NULL, 34, 0, 0, 'testing 98410058', '2018-06-30 08:33:45'),
(807, 7, 2, 'N', NULL, 34, 0, 0, 'testing 98410058', '2018-06-30 08:33:45'),
(808, 7, 12, 'N', NULL, 34, 0, 0, 'testing 98410058', '2018-06-30 08:33:45'),
(809, 7, 12, 'N', NULL, 34, 0, 0, 'testing 98410058', '2018-06-30 08:33:45'),
(810, 7, 3, 'N', NULL, 34, 0, 0, 'testing 98410058', '2018-06-30 08:33:45'),
(811, 7, 2, 'N', NULL, 34, 0, 0, 'testing 98410058', '2018-06-30 08:33:45'),
(812, 7, 6, 'N', NULL, 34, 0, 0, 'testing 98410058', '2018-06-30 08:33:45'),
(813, 7, 1, 'N', NULL, 34, 0, 0, 'testing 98410058', '2018-06-30 08:33:45'),
(814, 7, 1, 'N', NULL, 34, 0, 0, 'testing 98410058', '2018-06-30 08:33:45'),
(815, 7, 4, 'N', NULL, 34, 0, 0, 'testing 98410058', '2018-06-30 08:33:45'),
(816, 7, 5, 'N', NULL, 34, 0, 0, 'testing 98410058', '2018-06-30 08:33:45'),
(817, NULL, NULL, '', NULL, 2147483647, 1, 1, 'testing 98410058', '2018-06-30 08:30:51'),
(818, NULL, 7, 'N', NULL, 34, 0, 0, 'testing 98410058', '2018-06-30 08:33:45'),
(819, 7, 2, 'N', NULL, 34, 0, 0, 'testing 98410058', '2018-06-30 08:33:45'),
(820, 7, 12, 'N', NULL, 34, 0, 0, 'testing 98410058', '2018-06-30 08:33:45'),
(821, 7, 12, 'N', NULL, 34, 0, 0, 'testing 98410058', '2018-06-30 08:33:45'),
(822, 7, 3, 'N', NULL, 34, 0, 0, 'testing 98410058', '2018-06-30 08:33:45'),
(823, 7, 2, 'N', NULL, 34, 0, 0, 'testing 98410058', '2018-06-30 08:33:45'),
(824, 7, 6, 'N', NULL, 34, 0, 0, 'testing 98410058', '2018-06-30 08:33:45'),
(825, 7, 1, 'N', NULL, 34, 0, 0, 'testing 98410058', '2018-06-30 08:33:45'),
(826, 7, 1, 'N', NULL, 34, 0, 0, 'testing 98410058', '2018-06-30 08:33:45'),
(827, 7, 4, 'N', NULL, 34, 0, 0, 'testing 98410058', '2018-06-30 08:33:45'),
(828, 7, 5, 'N', NULL, 34, 0, 0, 'testing 98410058', '2018-06-30 08:33:45'),
(829, NULL, NULL, '', NULL, 9841005858, 1, 1, 'Hello Tester  98410058', '2018-06-30 08:32:55'),
(830, NULL, 7, 'N', NULL, 34, 0, 0, 'Hello Tester  98410058', '2018-06-30 08:33:45'),
(831, 7, 2, 'N', NULL, 34, 0, 0, 'Hello Tester  98410058', '2018-06-30 08:33:45'),
(832, 7, 12, 'N', NULL, 34, 0, 0, 'Hello Tester  98410058', '2018-06-30 08:33:45'),
(833, 7, 12, 'N', NULL, 34, 0, 0, 'Hello Tester  98410058', '2018-06-30 08:33:45'),
(834, 7, 3, 'N', NULL, 34, 0, 0, 'Hello Tester  98410058', '2018-06-30 08:33:45'),
(835, 7, 2, 'N', NULL, 34, 0, 0, 'Hello Tester  98410058', '2018-06-30 08:33:45'),
(836, 7, 6, 'N', NULL, 34, 0, 0, 'Hello Tester  98410058', '2018-06-30 08:33:45'),
(837, 7, 1, 'N', NULL, 34, 0, 0, 'Hello Tester  98410058', '2018-06-30 08:33:45'),
(838, 7, 1, 'N', NULL, 34, 0, 0, 'Hello Tester  98410058', '2018-06-30 08:33:45'),
(839, 7, 4, 'N', NULL, 34, 0, 0, 'Hello Tester  98410058', '2018-06-30 08:33:45'),
(840, 7, 5, 'N', NULL, 34, 0, 0, 'Hello Tester  98410058', '2018-06-30 08:33:45'),
(841, NULL, NULL, '', NULL, 4599559364, 1, 1, 'Test 3, 99559364', '2018-06-30 08:39:49'),
(842, NULL, NULL, '', NULL, 4599559364, 1, 1, 'Test  4 , 4599559364', '2018-06-30 08:44:31'),
(843, NULL, NULL, '', NULL, 4599559364, 1, 1, 'Test trim 5', '2018-06-30 08:49:22'),
(844, NULL, NULL, '', NULL, 4599559364, 1, 1, '48 - 8 - Please ignore sent from post method to track device id of Ramesh.', '2018-06-30 09:08:35'),
(845, NULL, 8, 'N', NULL, 48, 0, 0, 'Please ignore sent from post method to track device id of Ramesh.', '2018-06-30 12:27:36'),
(846, 8, 14, 'N', NULL, 48, 0, 0, 'Please ignore sent from post method to track device id of Ramesh.', '2018-06-30 12:27:36'),
(847, 8, 15, 'N', NULL, 48, 0, 0, 'Please ignore sent from post method to track device id of Ramesh.', '2018-06-30 12:27:36'),
(848, 8, 15, 'N', NULL, 48, 0, 0, 'Please ignore sent from post method to track device id of Ramesh.', '2018-06-30 12:27:36'),
(849, 8, 15, 'N', NULL, 48, 0, 0, 'Please ignore sent from post method to track device id of Ramesh.', '2018-06-30 12:27:36'),
(850, 8, 10, 'N', NULL, 48, 0, 0, 'Please ignore sent from post method to track device id of Ramesh.', '2018-06-30 12:27:36'),
(851, NULL, NULL, '', NULL, 4599559364, 1, 1, ' -  - Testing from ikea - 6', '2018-06-30 09:14:22'),
(852, NULL, NULL, '', NULL, 4599559364, 1, 1, ' -  - Testing after ikea shopping - 7 - SELECT user_id,address_id FROM address WHERE camtoken=:camtoken', '2018-06-30 10:15:59'),
(853, NULL, NULL, '', NULL, 4599559364, 1, 1, '48 - 8 - Testing back home - 7.1 - SELECT user_id,address_id FROM address WHERE camtoken=:camtoken', '2018-06-30 10:54:41'),
(854, NULL, 8, 'N', NULL, 48, 0, 0, 'Testing back home - 7.1', '2018-06-30 12:27:36'),
(855, 8, 14, 'N', NULL, 48, 0, 0, 'Testing back home - 7.1', '2018-06-30 12:27:36'),
(856, 8, 15, 'N', NULL, 48, 0, 0, 'Testing back home - 7.1', '2018-06-30 12:27:36'),
(857, 8, 15, 'N', NULL, 48, 0, 0, 'Testing back home - 7.1', '2018-06-30 12:27:36'),
(858, 8, 15, 'N', NULL, 48, 0, 0, 'Testing back home - 7.1', '2018-06-30 12:27:36'),
(859, 8, 10, 'N', NULL, 48, 0, 0, 'Testing back home - 7.1', '2018-06-30 12:27:36'),
(860, NULL, NULL, '', NULL, 4599559364, 1, 1, '48 - 8 - Testing before demo - SELECT user_id,address_id FROM address WHERE camtoken=:camtoken', '2018-06-30 11:00:00'),
(861, NULL, 8, 'N', NULL, 48, 0, 0, 'Testing before demo', '2018-06-30 12:27:36'),
(862, 8, 14, 'N', NULL, 48, 0, 0, 'Testing before demo', '2018-06-30 12:27:36'),
(863, 8, 15, 'N', NULL, 48, 0, 0, 'Testing before demo', '2018-06-30 12:27:36'),
(864, 8, 15, 'N', NULL, 48, 0, 0, 'Testing before demo', '2018-06-30 12:27:36'),
(865, 8, 15, 'N', NULL, 48, 0, 0, 'Testing before demo', '2018-06-30 12:27:36'),
(866, 8, 10, 'N', NULL, 48, 0, 0, 'Testing before demo', '2018-06-30 12:27:36'),
(867, NULL, NULL, '', NULL, 0, 1, 1, '1 - 1 -  - SELECT user_id,address_id FROM address WHERE camtoken=:camtoken', '2018-06-30 11:31:32'),
(868, NULL, NULL, '', NULL, 0, 1, 1, '1 - 1 -  - SELECT user_id,address_id FROM address WHERE camtoken=:camtoken', '2018-06-30 11:31:42'),
(869, NULL, NULL, '', NULL, 4599559364, 1, 1, '48 - 8 - Am in kultorvet  - SELECT user_id,address_id FROM address WHERE camtoken=:camtoken', '2018-06-30 12:19:37'),
(870, NULL, 8, 'N', NULL, 48, 0, 0, 'Am in kultorvet ', '2018-06-30 12:27:36'),
(871, 8, 14, 'N', NULL, 48, 0, 0, 'Am in kultorvet ', '2018-06-30 12:27:36'),
(872, 8, 15, 'N', NULL, 48, 0, 0, 'Am in kultorvet ', '2018-06-30 12:27:36'),
(873, 8, 15, 'N', NULL, 48, 0, 0, 'Am in kultorvet ', '2018-06-30 12:27:36'),
(874, 8, 15, 'N', NULL, 48, 0, 0, 'Am in kultorvet ', '2018-06-30 12:27:36'),
(875, 8, 10, 'N', NULL, 48, 0, 0, 'Am in kultorvet ', '2018-06-30 12:27:36'),
(876, 16, 8, 'B', NULL, 48, 1, 1, 'BURGLARIES IN by kultorvet ven', '2018-06-30 12:29:33'),
(877, 16, 11, 'B', NULL, 306, 1, 1, 'PICKPOCKET walking street guys', '2018-06-30 12:32:25'),
(878, NULL, NULL, '', NULL, 4520329192, 1, 1, '306 - 11 - Test - SELECT user_id,address_id FROM address WHERE camtoken=:camtoken', '2018-06-30 13:02:37'),
(879, NULL, 11, 'B', NULL, 306, 1, 1, 'Test', '2018-06-30 13:02:37'),
(880, 11, 13, 'BC', NULL, 306, 0, 0, 'Test', '2018-07-31 06:47:49'),
(881, 9, 10, 'BC', NULL, 352, 0, 0, 'BURGLARIES IN HOUSE', '2018-07-02 09:00:31'),
(882, 9, 15, 'BC', NULL, 352, 0, 0, 'BURGLARIES IN HOUSE', '2018-07-02 09:00:31'),
(883, 9, 15, 'BC', NULL, 352, 0, 0, 'BURGLARIES IN HOUSE', '2018-07-02 09:00:31'),
(884, 9, 15, 'BC', NULL, 352, 0, 0, 'BURGLARIES IN HOUSE', '2018-07-02 09:00:31'),
(885, 9, 8, 'BC', NULL, 352, 0, 0, 'BURGLARIES IN HOUSE', '2018-07-02 09:00:31'),
(886, 9, 14, 'BC', NULL, 352, 0, 0, 'BURGLARIES IN HOUSE', '2018-07-02 09:00:31'),
(887, 9, 8, 'BC', NULL, 352, 0, 0, 'BURGLARIES IN HOUSE', '2018-07-02 09:00:31'),
(888, 9, 8, 'BC', NULL, 352, 0, 0, 'BURGLARIES IN HOUSE', '2018-07-02 09:00:31'),
(889, 9, 10, 'SC', NULL, 353, 0, 0, 'SUSPICIOUS CAR', '2018-07-02 09:00:31'),
(890, 9, 15, 'SC', NULL, 353, 0, 0, 'SUSPICIOUS CAR', '2018-07-02 09:00:31'),
(891, 9, 15, 'SC', NULL, 353, 0, 0, 'SUSPICIOUS CAR', '2018-07-02 09:00:31'),
(892, 9, 15, 'SC', NULL, 353, 0, 0, 'SUSPICIOUS CAR', '2018-07-02 09:00:31'),
(893, 9, 8, 'SC', NULL, 353, 0, 0, 'SUSPICIOUS CAR', '2018-07-02 09:00:31'),
(894, 9, 14, 'SC', NULL, 353, 0, 0, 'SUSPICIOUS CAR', '2018-07-02 09:00:31'),
(895, 9, 8, 'SC', NULL, 353, 0, 0, 'SUSPICIOUS CAR', '2018-07-02 09:00:31'),
(896, 9, 8, 'SC', NULL, 353, 0, 0, 'SUSPICIOUS CAR', '2018-07-02 09:00:31'),
(897, 11, 13, 'SC', NULL, 354, 0, 0, 'SUSPICIOUS CAR', '2018-07-28 09:36:20'),
(898, 9, 10, 'BC', NULL, 355, 0, 0, 'BURGLARIES IN HOUSE', '2018-07-05 08:25:49'),
(899, 9, 15, 'BC', NULL, 355, 0, 0, 'BURGLARIES IN HOUSE', '2018-07-05 08:25:49'),
(900, 9, 15, 'BC', NULL, 355, 0, 0, 'BURGLARIES IN HOUSE', '2018-07-05 08:25:49'),
(901, 9, 15, 'BC', NULL, 355, 0, 0, 'BURGLARIES IN HOUSE', '2018-07-05 08:25:49'),
(902, 9, 8, 'BC', NULL, 355, 0, 0, 'BURGLARIES IN HOUSE', '2018-07-05 08:25:49'),
(903, 9, 14, 'BC', NULL, 355, 0, 0, 'BURGLARIES IN HOUSE', '2018-07-05 08:25:49'),
(904, 9, 8, 'BC', NULL, 355, 0, 0, 'BURGLARIES IN HOUSE', '2018-07-05 08:25:49'),
(905, 9, 8, 'BC', NULL, 355, 0, 0, 'BURGLARIES IN HOUSE', '2018-07-05 08:25:49'),
(906, 11, 8, 'BC', NULL, 358, 0, 0, 'BURGLAR SHEDDING', '2018-07-31 06:47:49'),
(907, 11, 8, 'BC', NULL, 358, 0, 0, 'BURGLAR SHEDDING', '2018-07-31 06:47:49'),
(908, 11, 15, 'BC', NULL, 358, 0, 0, 'BURGLAR SHEDDING', '2018-07-31 06:47:49'),
(909, 11, 15, 'BC', NULL, 358, 0, 0, 'BURGLAR SHEDDING', '2018-07-31 06:47:49'),
(910, 11, 15, 'BC', NULL, 358, 0, 0, 'BURGLAR SHEDDING', '2018-07-31 06:47:49'),
(911, 11, 14, 'BC', NULL, 358, 0, 0, 'BURGLAR SHEDDING', '2018-07-31 06:47:49'),
(912, 11, 8, 'BC', NULL, 358, 0, 0, 'BURGLAR SHEDDING', '2018-07-31 06:47:49'),
(913, 11, 10, 'BC', NULL, 358, 0, 0, 'BURGLAR SHEDDING', '2018-07-31 06:47:49'),
(914, 11, 10, 'BC', NULL, 359, 0, 0, 'ASSAULT', '2018-07-05 14:29:00'),
(915, 11, 15, 'BC', NULL, 359, 0, 0, 'ASSAULT', '2018-07-05 14:29:00'),
(916, 11, 15, 'BC', NULL, 359, 0, 0, 'ASSAULT', '2018-07-05 14:29:00'),
(917, 11, 15, 'BC', NULL, 359, 0, 0, 'ASSAULT', '2018-07-05 14:29:00'),
(918, 11, 8, 'BC', NULL, 359, 0, 0, 'ASSAULT', '2018-07-05 14:29:00'),
(919, 11, 14, 'BC', NULL, 359, 0, 0, 'ASSAULT', '2018-07-05 14:29:00'),
(920, 11, 8, 'BC', NULL, 359, 0, 0, 'ASSAULT', '2018-07-05 14:29:00'),
(921, 11, 8, 'BC', NULL, 359, 0, 0, 'ASSAULT', '2018-07-05 14:29:00'),
(922, 11, 10, 'BC', NULL, 360, 0, 0, 'ASSAULT', '2018-07-31 06:47:49'),
(923, 11, 15, 'BC', NULL, 360, 0, 0, 'ASSAULT', '2018-07-31 06:47:49'),
(924, 11, 15, 'BC', NULL, 360, 0, 0, 'ASSAULT', '2018-07-31 06:47:49'),
(925, 11, 15, 'BC', NULL, 360, 0, 0, 'ASSAULT', '2018-07-31 06:47:49'),
(926, 11, 8, 'BC', NULL, 360, 0, 0, 'ASSAULT', '2018-07-31 06:47:49'),
(927, 11, 14, 'BC', NULL, 360, 0, 0, 'ASSAULT', '2018-07-31 06:47:49'),
(928, 11, 8, 'BC', NULL, 360, 0, 0, 'ASSAULT', '2018-07-31 06:47:49'),
(929, 11, 8, 'BC', NULL, 360, 0, 0, 'ASSAULT', '2018-07-31 06:47:49'),
(930, 8, 14, 'BC', NULL, 48, 1, 1, 'BURGLARIES IN by kultorvet ven', '2018-07-06 05:31:17'),
(931, 8, 14, 'BC', NULL, 48, 1, 1, 'BURGLARIES IN by kultorvet ven', '2018-07-06 05:31:18'),
(932, 8, 15, 'BC', NULL, 48, 1, 1, 'BURGLARIES IN by kultorvet ven', '2018-07-06 05:31:18'),
(933, 8, 15, 'BC', NULL, 48, 1, 1, 'BURGLARIES IN by kultorvet ven', '2018-07-06 05:31:19'),
(934, 8, 15, 'BC', NULL, 48, 1, 1, 'BURGLARIES IN by kultorvet ven', '2018-07-06 05:31:20'),
(935, 8, 15, 'BC', NULL, 48, 1, 1, 'BURGLARIES IN by kultorvet ven', '2018-07-06 05:31:20'),
(936, 8, 15, 'BC', NULL, 48, 1, 1, 'BURGLARIES IN by kultorvet ven', '2018-07-06 05:31:21'),
(937, 8, 15, 'BC', NULL, 48, 1, 1, 'BURGLARIES IN by kultorvet ven', '2018-07-06 05:31:22'),
(938, 8, 10, 'BC', NULL, 48, 0, 1, 'BURGLARIES IN by kultorvet ven', '2018-08-08 18:53:41'),
(939, 8, 10, 'BC', NULL, 48, 0, 1, 'BURGLARIES IN by kultorvet ven', '2018-08-08 18:53:41'),
(940, 8, 11, 'BC', NULL, 48, 1, 1, 'BURGLARIES IN by kultorvet ven', '2018-07-06 05:31:25'),
(941, 8, 11, 'BC', NULL, 48, 1, 1, 'BURGLARIES IN by kultorvet ven', '2018-07-06 05:31:25'),
(942, 2, 1, 'N', NULL, 1, 0, 0, 'suspecious alert from user rayi', '2018-07-06 11:03:25'),
(943, 1, 6, 'N', NULL, 1, 0, 0, 'suspecious alert from user rayi', '2018-07-06 11:03:25'),
(944, 1, 3, 'N', NULL, 1, 0, 0, 'suspecious alert from user rayi', '2018-07-06 11:03:25'),
(945, 1, 17, 'N', NULL, 1, 0, 0, 'suspecious alert from user rayi', '2018-07-06 11:03:25'),
(946, 1, 16, 'N', NULL, 1, 0, 0, 'suspecious alert from user rayi', '2018-07-06 11:03:25'),
(947, 1, 12, 'N', NULL, 1, 0, 0, 'suspecious alert from user rayi', '2018-07-06 11:03:25'),
(948, 1, 4, 'N', NULL, 1, 0, 0, 'suspecious alert from user rayi', '2018-07-06 11:03:25'),
(949, 1, 12, 'N', NULL, 1, 0, 0, 'suspecious alert from user rayi', '2018-07-06 11:03:25'),
(950, 1, 5, 'N', NULL, 1, 0, 0, 'suspecious alert from user rayi', '2018-07-06 11:03:25'),
(951, 9, 13, 'SC', NULL, 361, 0, 0, 'Har du fÃ¥et revet hus ned? ', '2018-07-28 08:53:56'),
(952, 9, 11, 'SC', NULL, 361, 0, 0, 'Har du fÃ¥et revet hus ned? ', '2018-07-28 08:53:56'),
(953, 2, 1, 'B', NULL, 283, 0, 1, 'PICKPOCKET', '2018-07-18 08:44:28'),
(954, 8, 1, 'BC', NULL, 368, 1, 1, 'Ramesh from bangalore', '2018-07-21 10:56:29'),
(955, 8, 29, 'BC', NULL, 368, 1, 1, 'Ramesh from bangalore', '2018-07-21 10:56:29'),
(956, 8, 28, 'BC', NULL, 368, 1, 1, 'Ramesh from bangalore', '2018-07-21 10:56:29'),
(957, 8, 27, 'BC', NULL, 368, 1, 1, 'Ramesh from bangalore', '2018-07-21 10:56:29'),
(958, 8, 26, 'BC', NULL, 368, 1, 1, 'Ramesh from bangalore', '2018-07-21 10:56:30'),
(959, 8, 1, 'BC', NULL, 368, 1, 1, 'Ramesh from bangalore', '2018-07-21 10:56:30'),
(960, 8, 31, 'BC', NULL, 368, 1, 1, 'Ramesh from bangalore', '2018-07-21 10:56:30'),
(961, 8, 6, 'BC', NULL, 368, 1, 1, 'Ramesh from bangalore', '2018-07-21 10:56:30'),
(962, 8, 2, 'BC', NULL, 368, 0, 1, 'Ramesh from bangalore', '2018-08-11 09:54:19'),
(963, 8, 3, 'BC', NULL, 368, 1, 1, 'Ramesh from bangalore', '2018-07-21 10:56:30'),
(964, 8, 17, 'BC', NULL, 368, 1, 1, 'Ramesh from bangalore', '2018-07-21 10:56:31'),
(965, 8, 16, 'BC', NULL, 368, 1, 1, 'Ramesh from bangalore', '2018-07-21 10:56:31'),
(966, 8, 12, 'BC', NULL, 368, 1, 1, 'Ramesh from bangalore', '2018-07-21 10:56:31'),
(967, 8, 4, 'BC', NULL, 368, 1, 1, 'Ramesh from bangalore', '2018-07-21 10:56:31');
INSERT INTO `alert_log` (`alert_log_id`, `sender_id`, `receiver_id`, `alert_status_type`, `saw_the_same`, `address_id`, `is_active`, `log_state`, `message`, `time`) VALUES
(968, 8, 5, 'BC', NULL, 368, 1, 1, 'Ramesh from bangalore', '2018-07-21 10:56:32'),
(969, 8, 2, 'BC', NULL, 368, 0, 1, 'Ramesh from bangalore', '2018-08-11 09:54:19'),
(970, 8, 12, 'BC', NULL, 368, 1, 1, 'Ramesh from bangalore', '2018-07-21 10:56:33'),
(971, 8, 2, 'BC', NULL, 368, 0, 1, 'Ramesh from bangalore', '2018-08-11 09:54:19'),
(972, 8, 2, 'BC', NULL, 370, 0, 1, 'Pick from pondy ramesh', '2018-08-11 09:54:19'),
(973, 8, 3, 'BC', NULL, 370, 1, 1, 'Pick from pondy ramesh', '2018-07-24 12:03:09'),
(974, 8, 12, 'BC', NULL, 370, 1, 1, 'Pick from pondy ramesh', '2018-07-24 12:03:09'),
(975, 8, 16, 'BC', NULL, 370, 1, 1, 'Pick from pondy ramesh', '2018-07-24 12:03:10'),
(976, 8, 17, 'BC', NULL, 370, 1, 1, 'Pick from pondy ramesh', '2018-07-24 12:03:10'),
(977, 8, 12, 'BC', NULL, 370, 1, 1, 'Pick from pondy ramesh', '2018-07-24 12:03:10'),
(978, 8, 6, 'BC', NULL, 370, 1, 1, 'Pick from pondy ramesh', '2018-07-24 12:03:10'),
(979, 8, 1, 'BC', NULL, 370, 1, 1, 'Pick from pondy ramesh', '2018-07-24 12:03:10'),
(980, 8, 31, 'BC', NULL, 370, 1, 1, 'Pick from pondy ramesh', '2018-07-24 12:03:10'),
(981, 8, 26, 'BC', NULL, 370, 1, 1, 'Pick from pondy ramesh', '2018-07-24 12:03:11'),
(982, 8, 27, 'BC', NULL, 370, 1, 1, 'Pick from pondy ramesh', '2018-07-24 12:03:11'),
(983, 8, 28, 'BC', NULL, 370, 1, 1, 'Pick from pondy ramesh', '2018-07-24 12:03:11'),
(984, 8, 29, 'BC', NULL, 370, 1, 1, 'Pick from pondy ramesh', '2018-07-24 12:03:11'),
(985, 8, 4, 'BC', NULL, 370, 1, 1, 'Pick from pondy ramesh', '2018-07-24 12:03:11'),
(986, 8, 1, 'BC', NULL, 370, 1, 1, 'Pick from pondy ramesh', '2018-07-24 12:03:11'),
(987, 8, 2, 'BC', NULL, 370, 0, 1, 'Pick from pondy ramesh', '2018-08-11 09:54:19'),
(988, 8, 2, 'BC', NULL, 371, 0, 1, 'ASSAULT', '2018-08-11 09:54:19'),
(989, 8, 3, 'BC', NULL, 371, 1, 1, 'ASSAULT', '2018-07-24 12:03:44'),
(990, 8, 12, 'BC', NULL, 371, 1, 1, 'ASSAULT', '2018-07-24 12:03:44'),
(991, 8, 16, 'BC', NULL, 371, 1, 1, 'ASSAULT', '2018-07-24 12:03:44'),
(992, 8, 17, 'BC', NULL, 371, 1, 1, 'ASSAULT', '2018-07-24 12:03:44'),
(993, 8, 6, 'BC', NULL, 371, 1, 1, 'ASSAULT', '2018-07-24 12:03:44'),
(994, 8, 12, 'BC', NULL, 371, 1, 1, 'ASSAULT', '2018-07-24 12:03:44'),
(995, 8, 1, 'BC', NULL, 371, 1, 1, 'ASSAULT', '2018-07-24 12:03:45'),
(996, 8, 31, 'BC', NULL, 371, 1, 1, 'ASSAULT', '2018-07-24 12:03:45'),
(997, 8, 26, 'BC', NULL, 371, 1, 1, 'ASSAULT', '2018-07-24 12:03:45'),
(998, 8, 27, 'BC', NULL, 371, 1, 1, 'ASSAULT', '2018-07-24 12:03:45'),
(999, 8, 28, 'BC', NULL, 371, 1, 1, 'ASSAULT', '2018-07-24 12:03:45'),
(1000, 8, 29, 'BC', NULL, 371, 1, 1, 'ASSAULT', '2018-07-24 12:03:45'),
(1001, 8, 4, 'BC', NULL, 371, 1, 1, 'ASSAULT', '2018-07-24 12:03:45'),
(1002, 8, 1, 'BC', NULL, 371, 1, 1, 'ASSAULT', '2018-07-24 12:03:46'),
(1003, 8, 2, 'BC', NULL, 371, 0, 1, 'ASSAULT', '2018-08-11 09:54:19'),
(1004, 1, 2, 'BC', NULL, 373, 0, 1, 'Curd', '2018-08-11 09:54:19'),
(1005, 1, 3, 'BC', NULL, 373, 1, 1, 'Curd', '2018-07-24 12:12:53'),
(1006, 1, 12, 'BC', NULL, 373, 1, 1, 'Curd', '2018-07-24 12:12:53'),
(1007, 1, 16, 'BC', NULL, 373, 1, 1, 'Curd', '2018-07-24 12:12:54'),
(1008, 1, 17, 'BC', NULL, 373, 1, 1, 'Curd', '2018-07-24 12:12:54'),
(1009, 1, 12, 'BC', NULL, 373, 1, 1, 'Curd', '2018-07-24 12:12:54'),
(1010, 1, 6, 'BC', NULL, 373, 1, 1, 'Curd', '2018-07-24 12:12:54'),
(1011, 1, 31, 'BC', NULL, 373, 1, 1, 'Curd', '2018-07-24 12:12:54'),
(1012, 1, 26, 'BC', NULL, 373, 1, 1, 'Curd', '2018-07-24 12:12:54'),
(1013, 1, 27, 'BC', NULL, 373, 1, 1, 'Curd', '2018-07-24 12:12:55'),
(1014, 1, 28, 'BC', NULL, 373, 1, 1, 'Curd', '2018-07-24 12:12:55'),
(1015, 1, 29, 'BC', NULL, 373, 1, 1, 'Curd', '2018-07-24 12:12:55'),
(1016, 1, 4, 'BC', NULL, 373, 1, 1, 'Curd', '2018-07-24 12:12:55'),
(1017, 1, 2, 'BC', NULL, 373, 0, 1, 'Curd', '2018-08-11 09:54:19'),
(1018, 11, 13, 'SC', NULL, 374, 0, 0, 'POSSIBLE ATTENTION TO BURGLARY', '2018-07-28 09:36:12'),
(1019, 11, 10, 'BC', NULL, 376, 0, 0, 'ASSAULT', '2018-07-31 06:47:49'),
(1020, 11, 9, 'BC', NULL, 376, 0, 0, 'ASSAULT', '2018-07-31 06:47:49'),
(1021, 11, 15, 'BC', NULL, 376, 0, 0, 'ASSAULT', '2018-07-31 06:47:49'),
(1022, 11, 15, 'BC', NULL, 376, 0, 0, 'ASSAULT', '2018-07-31 06:47:49'),
(1023, 11, 15, 'BC', NULL, 376, 0, 0, 'ASSAULT', '2018-07-31 06:47:49'),
(1024, 11, 8, 'BC', NULL, 376, 0, 0, 'ASSAULT', '2018-07-31 06:47:49'),
(1025, 11, 8, 'BC', NULL, 376, 0, 0, 'ASSAULT', '2018-07-31 06:47:49'),
(1026, 11, 14, 'BC', NULL, 376, 0, 0, 'ASSAULT', '2018-07-31 06:47:49'),
(1027, 11, 8, 'BC', NULL, 376, 0, 0, 'ASSAULT', '2018-07-31 06:47:49'),
(1028, 11, 8, 'BC', NULL, 376, 0, 0, 'ASSAULT', '2018-07-31 06:47:49'),
(1029, 9, 32, 'BC', NULL, 382, 0, 0, 'BURGLARIES IN HOUSE', '2018-07-28 08:53:56'),
(1030, 9, 8, 'BC', NULL, 382, 0, 0, 'BURGLARIES IN HOUSE', '2018-07-28 08:53:56'),
(1031, 9, 8, 'BC', NULL, 382, 0, 0, 'BURGLARIES IN HOUSE', '2018-07-28 08:53:56'),
(1032, 9, 14, 'BC', NULL, 382, 0, 0, 'BURGLARIES IN HOUSE', '2018-07-28 08:53:56'),
(1033, 9, 8, 'BC', NULL, 382, 0, 0, 'BURGLARIES IN HOUSE', '2018-07-28 08:53:56'),
(1034, 9, 8, 'BC', NULL, 382, 0, 0, 'BURGLARIES IN HOUSE', '2018-07-28 08:53:56'),
(1035, 9, 15, 'BC', NULL, 382, 0, 0, 'BURGLARIES IN HOUSE', '2018-07-28 08:53:56'),
(1036, 9, 15, 'BC', NULL, 382, 0, 0, 'BURGLARIES IN HOUSE', '2018-07-28 08:53:56'),
(1037, 9, 15, 'BC', NULL, 382, 0, 0, 'BURGLARIES IN HOUSE', '2018-07-28 08:53:56'),
(1038, 9, 32, 'BC', NULL, 382, 0, 0, 'BURGLARIES IN HOUSE', '2018-07-28 08:53:56'),
(1039, 9, 10, 'BC', NULL, 382, 0, 0, 'BURGLARIES IN HOUSE', '2018-07-28 08:53:56'),
(1040, 9, 11, 'BC', NULL, 382, 0, 0, 'BURGLARIES IN HOUSE', '2018-07-28 08:53:56'),
(1041, 9, 32, 'BC', NULL, 383, 0, 0, 'BURGLARIES IN HOUSE', '2018-07-28 08:53:56'),
(1042, 9, 8, 'BC', NULL, 383, 0, 0, 'BURGLARIES IN HOUSE', '2018-07-28 08:53:56'),
(1043, 9, 8, 'BC', NULL, 383, 0, 0, 'BURGLARIES IN HOUSE', '2018-07-28 08:53:56'),
(1044, 9, 14, 'BC', NULL, 383, 0, 0, 'BURGLARIES IN HOUSE', '2018-07-28 08:53:56'),
(1045, 9, 8, 'BC', NULL, 383, 0, 0, 'BURGLARIES IN HOUSE', '2018-07-28 08:53:56'),
(1046, 9, 8, 'BC', NULL, 383, 0, 0, 'BURGLARIES IN HOUSE', '2018-07-28 08:53:56'),
(1047, 9, 15, 'BC', NULL, 383, 0, 0, 'BURGLARIES IN HOUSE', '2018-07-28 08:53:56'),
(1048, 9, 15, 'BC', NULL, 383, 0, 0, 'BURGLARIES IN HOUSE', '2018-07-28 08:53:56'),
(1049, 9, 15, 'BC', NULL, 383, 0, 0, 'BURGLARIES IN HOUSE', '2018-07-28 08:53:56'),
(1050, 9, 32, 'BC', NULL, 383, 0, 0, 'BURGLARIES IN HOUSE', '2018-07-28 08:53:56'),
(1051, 9, 10, 'BC', NULL, 383, 0, 0, 'BURGLARIES IN HOUSE', '2018-07-28 08:53:56'),
(1052, 9, 11, 'BC', NULL, 383, 0, 0, 'BURGLARIES IN HOUSE', '2018-07-28 08:53:56'),
(1053, 9, 32, 'SC', NULL, 384, 0, 0, 'SUSPICIOUS CAR', '2018-07-28 08:53:56'),
(1054, 9, 8, 'SC', NULL, 384, 0, 0, 'SUSPICIOUS CAR', '2018-07-28 08:53:56'),
(1055, 9, 8, 'SC', NULL, 384, 0, 0, 'SUSPICIOUS CAR', '2018-07-28 08:53:56'),
(1056, 9, 14, 'SC', NULL, 384, 0, 0, 'SUSPICIOUS CAR', '2018-07-28 08:53:56'),
(1057, 9, 8, 'SC', NULL, 384, 0, 0, 'SUSPICIOUS CAR', '2018-07-28 08:53:56'),
(1058, 9, 8, 'SC', NULL, 384, 0, 0, 'SUSPICIOUS CAR', '2018-07-28 08:53:56'),
(1059, 9, 15, 'SC', NULL, 384, 0, 0, 'SUSPICIOUS CAR', '2018-07-28 08:53:56'),
(1060, 9, 15, 'SC', NULL, 384, 0, 0, 'SUSPICIOUS CAR', '2018-07-28 08:53:56'),
(1061, 9, 15, 'SC', NULL, 384, 0, 0, 'SUSPICIOUS CAR', '2018-07-28 08:53:56'),
(1062, 9, 32, 'SC', NULL, 384, 0, 0, 'SUSPICIOUS CAR', '2018-07-28 08:53:56'),
(1063, 9, 10, 'SC', NULL, 384, 0, 0, 'SUSPICIOUS CAR', '2018-07-28 08:53:56'),
(1064, 9, 11, 'SC', NULL, 384, 0, 0, 'SUSPICIOUS CAR', '2018-07-28 08:53:56'),
(1065, 9, 32, 'SC', NULL, 385, 0, 0, 'Per den bedste', '2018-07-28 08:53:56'),
(1066, 9, 8, 'SC', NULL, 385, 0, 0, 'Per den bedste', '2018-07-28 08:53:56'),
(1067, 9, 8, 'SC', NULL, 385, 0, 0, 'Per den bedste', '2018-07-28 08:53:56'),
(1068, 9, 14, 'SC', NULL, 385, 0, 0, 'Per den bedste', '2018-07-28 08:53:56'),
(1069, 9, 8, 'SC', NULL, 385, 0, 0, 'Per den bedste', '2018-07-28 08:53:56'),
(1070, 9, 8, 'SC', NULL, 385, 0, 0, 'Per den bedste', '2018-07-28 08:53:56'),
(1071, 9, 15, 'SC', NULL, 385, 0, 0, 'Per den bedste', '2018-07-28 08:53:56'),
(1072, 9, 15, 'SC', NULL, 385, 0, 0, 'Per den bedste', '2018-07-28 08:53:56'),
(1073, 9, 15, 'SC', NULL, 385, 0, 0, 'Per den bedste', '2018-07-28 08:53:56'),
(1074, 9, 32, 'SC', NULL, 385, 0, 0, 'Per den bedste', '2018-07-28 08:53:56'),
(1075, 9, 10, 'SC', NULL, 385, 0, 0, 'Per den bedste', '2018-07-28 08:53:56'),
(1076, 9, 11, 'SC', NULL, 385, 0, 0, 'Per den bedste', '2018-07-28 08:53:56'),
(1077, 9, 32, 'SC', NULL, 386, 0, 0, 'Per den bedste', '2018-07-28 08:53:56'),
(1078, 9, 8, 'SC', NULL, 386, 0, 0, 'Per den bedste', '2018-07-28 08:53:56'),
(1079, 9, 8, 'SC', NULL, 386, 0, 0, 'Per den bedste', '2018-07-28 08:53:56'),
(1080, 9, 14, 'SC', NULL, 386, 0, 0, 'Per den bedste', '2018-07-28 08:53:56'),
(1081, 9, 8, 'SC', NULL, 386, 0, 0, 'Per den bedste', '2018-07-28 08:53:56'),
(1082, 9, 8, 'SC', NULL, 386, 0, 0, 'Per den bedste', '2018-07-28 08:53:56'),
(1083, 9, 15, 'SC', NULL, 386, 0, 0, 'Per den bedste', '2018-07-28 08:53:56'),
(1084, 9, 15, 'SC', NULL, 386, 0, 0, 'Per den bedste', '2018-07-28 08:53:56'),
(1085, 9, 15, 'SC', NULL, 386, 0, 0, 'Per den bedste', '2018-07-28 08:53:56'),
(1086, 9, 32, 'SC', NULL, 386, 0, 0, 'Per den bedste', '2018-07-28 08:53:56'),
(1087, 9, 10, 'SC', NULL, 386, 0, 0, 'Per den bedste', '2018-07-28 08:53:56'),
(1088, 9, 11, 'SC', NULL, 386, 0, 0, 'Per den bedste', '2018-07-28 08:53:56'),
(1089, 9, 32, 'SC', NULL, 387, 0, 0, 'Sort mercer set i omrÃ¥det', '2018-07-28 08:53:56'),
(1090, 9, 8, 'SC', NULL, 387, 0, 0, 'Sort mercer set i omrÃ¥det', '2018-07-28 08:53:56'),
(1091, 9, 8, 'SC', NULL, 387, 0, 0, 'Sort mercer set i omrÃ¥det', '2018-07-28 08:53:56'),
(1092, 9, 14, 'SC', NULL, 387, 0, 0, 'Sort mercer set i omrÃ¥det', '2018-07-28 08:53:56'),
(1093, 9, 8, 'SC', NULL, 387, 0, 0, 'Sort mercer set i omrÃ¥det', '2018-07-28 08:53:56'),
(1094, 9, 8, 'SC', NULL, 387, 0, 0, 'Sort mercer set i omrÃ¥det', '2018-07-28 08:53:56'),
(1095, 9, 15, 'SC', NULL, 387, 0, 0, 'Sort mercer set i omrÃ¥det', '2018-07-28 08:53:56'),
(1096, 9, 15, 'SC', NULL, 387, 0, 0, 'Sort mercer set i omrÃ¥det', '2018-07-28 08:53:56'),
(1097, 9, 15, 'SC', NULL, 387, 0, 0, 'Sort mercer set i omrÃ¥det', '2018-07-28 08:53:56'),
(1098, 9, 32, 'SC', NULL, 387, 0, 0, 'Sort mercer set i omrÃ¥det', '2018-07-28 08:53:56'),
(1099, 9, 10, 'SC', NULL, 387, 0, 0, 'Sort mercer set i omrÃ¥det', '2018-07-28 08:53:56'),
(1100, 9, 32, 'SC', NULL, 388, 0, 0, 'SUSPICIOUS CAR', '2018-07-28 09:36:35'),
(1101, 9, 8, 'SC', NULL, 388, 0, 0, 'SUSPICIOUS CAR', '2018-07-28 09:36:35'),
(1102, 9, 8, 'SC', NULL, 388, 0, 0, 'SUSPICIOUS CAR', '2018-07-28 09:36:35'),
(1103, 9, 14, 'SC', NULL, 388, 0, 0, 'SUSPICIOUS CAR', '2018-07-28 09:36:35'),
(1104, 9, 8, 'SC', NULL, 388, 0, 0, 'SUSPICIOUS CAR', '2018-07-28 09:36:35'),
(1105, 9, 8, 'SC', NULL, 388, 0, 0, 'SUSPICIOUS CAR', '2018-07-28 09:36:35'),
(1106, 9, 15, 'SC', NULL, 388, 0, 0, 'SUSPICIOUS CAR', '2018-07-28 09:36:35'),
(1107, 9, 15, 'SC', NULL, 388, 0, 0, 'SUSPICIOUS CAR', '2018-07-28 09:36:35'),
(1108, 9, 15, 'SC', NULL, 388, 0, 0, 'SUSPICIOUS CAR', '2018-07-28 09:36:35'),
(1109, 9, 32, 'SC', NULL, 388, 0, 0, 'SUSPICIOUS CAR', '2018-07-28 09:36:35'),
(1110, 9, 10, 'SC', NULL, 388, 0, 0, 'SUSPICIOUS CAR', '2018-07-28 09:36:35'),
(1111, 9, 11, 'SC', NULL, 388, 0, 0, 'SUSPICIOUS CAR', '2018-07-28 09:36:35'),
(1112, 11, 32, 'BC', NULL, 389, 0, 0, 'PICKPOCKET', '2018-07-31 06:47:49'),
(1113, 11, 8, 'BC', NULL, 389, 0, 0, 'PICKPOCKET', '2018-07-31 06:47:49'),
(1114, 11, 8, 'BC', NULL, 389, 0, 0, 'PICKPOCKET', '2018-07-31 06:47:49'),
(1115, 11, 14, 'BC', NULL, 389, 0, 0, 'PICKPOCKET', '2018-07-31 06:47:49'),
(1116, 11, 8, 'BC', NULL, 389, 0, 0, 'PICKPOCKET', '2018-07-31 06:47:49'),
(1117, 11, 8, 'BC', NULL, 389, 0, 0, 'PICKPOCKET', '2018-07-31 06:47:49'),
(1118, 11, 15, 'BC', NULL, 389, 0, 0, 'PICKPOCKET', '2018-07-31 06:47:49'),
(1119, 11, 15, 'BC', NULL, 389, 0, 0, 'PICKPOCKET', '2018-07-31 06:47:49'),
(1120, 11, 15, 'BC', NULL, 389, 0, 0, 'PICKPOCKET', '2018-07-31 06:47:49'),
(1121, 11, 32, 'BC', NULL, 389, 0, 0, 'PICKPOCKET', '2018-07-31 06:47:49'),
(1122, 11, 10, 'BC', NULL, 389, 0, 0, 'PICKPOCKET', '2018-07-31 06:47:49'),
(1123, 11, 9, 'BC', NULL, 389, 0, 0, 'PICKPOCKET', '2018-07-31 06:47:49'),
(1124, 11, 15, 'BC', NULL, 390, 0, 0, 'ASSAULT', '2018-07-31 06:47:49'),
(1125, 11, 15, 'BC', NULL, 390, 0, 0, 'ASSAULT', '2018-07-31 06:47:49'),
(1126, 11, 15, 'BC', NULL, 390, 0, 0, 'ASSAULT', '2018-07-31 06:47:49'),
(1127, 11, 8, 'BC', NULL, 390, 0, 0, 'ASSAULT', '2018-07-31 06:47:49'),
(1128, 11, 8, 'BC', NULL, 390, 0, 0, 'ASSAULT', '2018-07-31 06:47:49'),
(1129, 11, 14, 'BC', NULL, 390, 0, 0, 'ASSAULT', '2018-07-31 06:47:49'),
(1130, 11, 8, 'BC', NULL, 390, 0, 0, 'ASSAULT', '2018-07-31 06:47:49'),
(1131, 11, 8, 'BC', NULL, 390, 0, 0, 'ASSAULT', '2018-07-31 06:47:49'),
(1132, 11, 32, 'BC', NULL, 390, 0, 0, 'ASSAULT', '2018-07-31 06:47:49'),
(1133, 11, 10, 'BC', NULL, 390, 0, 0, 'ASSAULT', '2018-07-31 06:47:49'),
(1134, 11, 9, 'BC', NULL, 390, 0, 0, 'ASSAULT', '2018-07-31 06:47:49'),
(1135, 11, 32, 'BC', NULL, 390, 0, 0, 'ASSAULT', '2018-07-31 06:47:49'),
(1136, 11, 10, 'BC', NULL, 391, 0, 0, 'BURGLAR SHEDDING', '2018-07-31 06:47:49'),
(1137, 11, 9, 'BC', NULL, 391, 0, 0, 'BURGLAR SHEDDING', '2018-07-31 06:47:49'),
(1138, 11, 15, 'BC', NULL, 391, 0, 0, 'BURGLAR SHEDDING', '2018-07-31 06:47:49'),
(1139, 11, 15, 'BC', NULL, 391, 0, 0, 'BURGLAR SHEDDING', '2018-07-31 06:47:49'),
(1140, 11, 15, 'BC', NULL, 391, 0, 0, 'BURGLAR SHEDDING', '2018-07-31 06:47:49'),
(1141, 11, 8, 'BC', NULL, 391, 0, 0, 'BURGLAR SHEDDING', '2018-07-31 06:47:49'),
(1142, 11, 8, 'BC', NULL, 391, 0, 0, 'BURGLAR SHEDDING', '2018-07-31 06:47:49'),
(1143, 11, 14, 'BC', NULL, 391, 0, 0, 'BURGLAR SHEDDING', '2018-07-31 06:47:49'),
(1144, 11, 8, 'BC', NULL, 391, 0, 0, 'BURGLAR SHEDDING', '2018-07-31 06:47:49'),
(1145, 11, 8, 'BC', NULL, 391, 0, 0, 'BURGLAR SHEDDING', '2018-07-31 06:47:49'),
(1146, 11, 32, 'BC', NULL, 391, 0, 0, 'BURGLAR SHEDDING', '2018-07-31 06:47:49'),
(1147, 11, 32, 'BC', NULL, 391, 0, 0, 'BURGLAR SHEDDING', '2018-07-31 06:47:49'),
(1148, 9, 11, 'SC', 'true', 361, 0, 0, 'Har du fÃ¥et revet hus ned? ', '2018-07-28 09:36:35'),
(1149, 9, 32, 'SC', 'false', 388, 0, 0, 'SUSPICIOUS CAR', '2018-07-28 09:39:26'),
(1150, 9, 13, 'SC', NULL, 392, 0, 0, 'SUSPICIOUS CAR', '2018-07-28 09:39:26'),
(1151, 9, 11, 'SC', NULL, 392, 0, 0, 'SUSPICIOUS CAR', '2018-07-28 09:39:26'),
(1152, 9, 32, 'SC', 'false', 334, 0, 0, 'POSSIBLE ATTENTION TO BURGLARY', '2018-07-28 09:39:26'),
(1153, 9, 32, 'SC', 'true', 392, 0, 0, 'SUSPICIOUS CAR', '2018-07-28 09:39:26'),
(1154, 9, 11, 'SC', 'true', 361, 0, 0, 'Har du fÃ¥et revet hus ned? ', '2018-07-28 09:39:26'),
(1155, 32, 9, 'BC', NULL, 394, 0, 0, 'BURGLARIES IN HOUSE', '2018-07-28 10:17:49'),
(1156, 32, 10, 'BC', NULL, 394, 0, 0, 'BURGLARIES IN HOUSE', '2018-07-28 10:17:49'),
(1157, 32, 11, 'BC', NULL, 394, 0, 0, 'BURGLARIES IN HOUSE', '2018-07-28 10:17:49'),
(1158, 32, 15, 'BC', NULL, 394, 0, 0, 'BURGLARIES IN HOUSE', '2018-07-28 10:17:49'),
(1159, 32, 15, 'BC', NULL, 394, 0, 0, 'BURGLARIES IN HOUSE', '2018-07-28 10:17:49'),
(1160, 32, 15, 'BC', NULL, 394, 0, 0, 'BURGLARIES IN HOUSE', '2018-07-28 10:17:49'),
(1161, 32, 8, 'BC', NULL, 394, 0, 0, 'BURGLARIES IN HOUSE', '2018-07-28 10:17:49'),
(1162, 32, 8, 'BC', NULL, 394, 0, 0, 'BURGLARIES IN HOUSE', '2018-07-28 10:17:49'),
(1163, 32, 14, 'BC', NULL, 394, 0, 0, 'BURGLARIES IN HOUSE', '2018-07-28 10:17:49'),
(1164, 32, 8, 'BC', NULL, 394, 0, 0, 'BURGLARIES IN HOUSE', '2018-07-28 10:17:49'),
(1165, 32, 8, 'BC', NULL, 394, 0, 0, 'BURGLARIES IN HOUSE', '2018-07-28 10:17:49'),
(1166, 32, 9, 'BC', NULL, 395, 0, 0, 'BURGLARIES IN HOUSE', '2018-07-28 10:17:11'),
(1167, 32, 10, 'BC', NULL, 395, 0, 0, 'BURGLARIES IN HOUSE', '2018-07-28 10:17:11'),
(1168, 32, 11, 'BC', NULL, 395, 0, 0, 'BURGLARIES IN HOUSE', '2018-07-28 10:17:11'),
(1169, 32, 15, 'BC', NULL, 395, 0, 0, 'BURGLARIES IN HOUSE', '2018-07-28 10:17:11'),
(1170, 32, 15, 'BC', NULL, 395, 0, 0, 'BURGLARIES IN HOUSE', '2018-07-28 10:17:11'),
(1171, 32, 15, 'BC', NULL, 395, 0, 0, 'BURGLARIES IN HOUSE', '2018-07-28 10:17:11'),
(1172, 32, 8, 'BC', NULL, 395, 0, 0, 'BURGLARIES IN HOUSE', '2018-07-28 10:17:11'),
(1173, 32, 8, 'BC', NULL, 395, 0, 0, 'BURGLARIES IN HOUSE', '2018-07-28 10:17:11'),
(1174, 32, 14, 'BC', NULL, 395, 0, 0, 'BURGLARIES IN HOUSE', '2018-07-28 10:17:11'),
(1175, 32, 8, 'BC', NULL, 395, 0, 0, 'BURGLARIES IN HOUSE', '2018-07-28 10:17:11'),
(1176, 32, 8, 'BC', NULL, 395, 0, 0, 'BURGLARIES IN HOUSE', '2018-07-28 10:17:11'),
(1177, 32, 10, 'B', NULL, 294, 0, 0, 'BURGLARIES IN HOUSE', '2018-07-28 18:28:29'),
(1178, 32, 9, 'N', NULL, 223, 0, 0, 'BURGLARIES IN HOUSE', '2018-08-04 17:28:52'),
(1179, 9, 10, 'N', NULL, 223, 0, 0, 'BURGLARIES IN HOUSE', '2018-08-04 17:28:52'),
(1180, 9, 11, 'N', NULL, 223, 0, 0, 'BURGLARIES IN HOUSE', '2018-08-04 17:28:52'),
(1181, 9, 15, 'N', NULL, 223, 0, 0, 'BURGLARIES IN HOUSE', '2018-08-04 17:28:52'),
(1182, 9, 15, 'N', NULL, 223, 0, 0, 'BURGLARIES IN HOUSE', '2018-08-04 17:28:52'),
(1183, 9, 15, 'N', NULL, 223, 0, 0, 'BURGLARIES IN HOUSE', '2018-08-04 17:28:52'),
(1184, 9, 8, 'N', NULL, 223, 0, 0, 'BURGLARIES IN HOUSE', '2018-08-04 17:28:52'),
(1185, 9, 8, 'N', NULL, 223, 0, 0, 'BURGLARIES IN HOUSE', '2018-08-04 17:28:52'),
(1186, 9, 14, 'N', NULL, 223, 0, 0, 'BURGLARIES IN HOUSE', '2018-08-04 17:28:52'),
(1187, 9, 8, 'N', NULL, 223, 0, 0, 'BURGLARIES IN HOUSE', '2018-08-04 17:28:52'),
(1188, 9, 8, 'N', NULL, 223, 0, 0, 'BURGLARIES IN HOUSE', '2018-08-04 17:28:52'),
(1189, 9, 32, 'N', NULL, 377, 0, 0, 'BURGLARIES IN HOUSE', '2018-07-28 18:45:01'),
(1190, 11, 10, 'BC', NULL, 400, 0, 0, 'ASSAULT', '2018-07-31 06:47:49'),
(1191, 11, 9, 'BC', NULL, 400, 0, 0, 'ASSAULT', '2018-07-31 06:47:49'),
(1192, 11, 15, 'BC', NULL, 400, 0, 0, 'ASSAULT', '2018-07-31 06:47:49'),
(1193, 11, 15, 'BC', NULL, 400, 0, 0, 'ASSAULT', '2018-07-31 06:47:49'),
(1194, 11, 15, 'BC', NULL, 400, 0, 0, 'ASSAULT', '2018-07-31 06:47:49'),
(1195, 11, 8, 'BC', NULL, 400, 0, 0, 'ASSAULT', '2018-07-31 06:47:49'),
(1196, 11, 8, 'BC', NULL, 400, 0, 0, 'ASSAULT', '2018-07-31 06:47:49'),
(1197, 11, 8, 'BC', NULL, 400, 0, 0, 'ASSAULT', '2018-07-31 06:47:49'),
(1198, 11, 14, 'BC', NULL, 400, 0, 0, 'ASSAULT', '2018-07-31 06:47:49'),
(1199, 11, 8, 'BC', NULL, 400, 0, 0, 'ASSAULT', '2018-07-31 06:47:49'),
(1200, 11, 8, 'BC', NULL, 400, 0, 0, 'ASSAULT', '2018-07-31 06:47:49'),
(1201, 11, 9, 'BC', NULL, 401, 0, 0, 'BURGLAR BURGLARY', '2018-07-31 06:47:49'),
(1202, 11, 10, 'BC', NULL, 401, 0, 0, 'BURGLAR BURGLARY', '2018-07-31 06:47:49'),
(1203, 11, 15, 'BC', NULL, 401, 0, 0, 'BURGLAR BURGLARY', '2018-07-31 06:47:49'),
(1204, 11, 15, 'BC', NULL, 401, 0, 0, 'BURGLAR BURGLARY', '2018-07-31 06:47:49'),
(1205, 11, 15, 'BC', NULL, 401, 0, 0, 'BURGLAR BURGLARY', '2018-07-31 06:47:49'),
(1206, 11, 8, 'BC', NULL, 401, 0, 0, 'BURGLAR BURGLARY', '2018-07-31 06:47:49'),
(1207, 11, 8, 'BC', NULL, 401, 0, 0, 'BURGLAR BURGLARY', '2018-07-31 06:47:49'),
(1208, 11, 8, 'BC', NULL, 401, 0, 0, 'BURGLAR BURGLARY', '2018-07-31 06:47:49'),
(1209, 11, 14, 'BC', NULL, 401, 0, 0, 'BURGLAR BURGLARY', '2018-07-31 06:47:49'),
(1210, 11, 8, 'BC', NULL, 401, 0, 0, 'BURGLAR BURGLARY', '2018-07-31 06:47:49'),
(1211, 11, 8, 'BC', NULL, 401, 0, 0, 'BURGLAR BURGLARY', '2018-07-31 06:47:49'),
(1212, 32, 8, 'BC', NULL, 402, 0, 0, 'BURGLARIES IN HOUSE', '2018-07-28 17:05:12'),
(1213, 32, 8, 'BC', NULL, 402, 0, 0, 'BURGLARIES IN HOUSE', '2018-07-28 17:05:12'),
(1214, 32, 14, 'BC', NULL, 402, 0, 0, 'BURGLARIES IN HOUSE', '2018-07-28 17:05:12'),
(1215, 32, 8, 'BC', NULL, 402, 0, 0, 'BURGLARIES IN HOUSE', '2018-07-28 17:05:12'),
(1216, 32, 8, 'BC', NULL, 402, 0, 0, 'BURGLARIES IN HOUSE', '2018-07-28 17:05:12'),
(1217, 32, 8, 'BC', NULL, 402, 0, 0, 'BURGLARIES IN HOUSE', '2018-07-28 17:05:12'),
(1218, 32, 15, 'BC', NULL, 402, 0, 0, 'BURGLARIES IN HOUSE', '2018-07-28 17:05:12'),
(1219, 32, 15, 'BC', NULL, 402, 0, 0, 'BURGLARIES IN HOUSE', '2018-07-28 17:05:12'),
(1220, 32, 15, 'BC', NULL, 402, 0, 0, 'BURGLARIES IN HOUSE', '2018-07-28 17:05:12'),
(1221, 32, 8, 'BC', NULL, 403, 0, 0, 'BURGLARIES IN HOUSE', '2018-08-13 14:46:42'),
(1222, 32, 8, 'BC', NULL, 403, 0, 0, 'BURGLARIES IN HOUSE', '2018-08-13 14:46:42'),
(1223, 32, 15, 'BC', NULL, 403, 0, 0, 'BURGLARIES IN HOUSE', '2018-08-13 14:46:42'),
(1224, 32, 14, 'BC', NULL, 403, 0, 0, 'BURGLARIES IN HOUSE', '2018-08-13 14:46:42'),
(1225, 32, 15, 'BC', NULL, 403, 0, 0, 'BURGLARIES IN HOUSE', '2018-08-13 14:46:42'),
(1226, 32, 8, 'BC', NULL, 403, 0, 0, 'BURGLARIES IN HOUSE', '2018-08-13 14:46:42'),
(1227, 32, 15, 'BC', NULL, 403, 0, 0, 'BURGLARIES IN HOUSE', '2018-08-13 14:46:42'),
(1228, 32, 8, 'BC', NULL, 403, 0, 0, 'BURGLARIES IN HOUSE', '2018-08-13 14:46:42'),
(1229, 32, 8, 'BC', NULL, 403, 0, 0, 'BURGLARIES IN HOUSE', '2018-08-13 14:46:42'),
(1230, 32, 8, 'BC', NULL, 404, 0, 0, 'BURGLARIES IN HOUSE', '2018-07-28 18:48:43'),
(1231, 32, 8, 'BC', NULL, 404, 0, 0, 'BURGLARIES IN HOUSE', '2018-07-28 18:48:43'),
(1232, 32, 14, 'BC', NULL, 404, 0, 0, 'BURGLARIES IN HOUSE', '2018-07-28 18:48:43'),
(1233, 32, 8, 'BC', NULL, 404, 0, 0, 'BURGLARIES IN HOUSE', '2018-07-28 18:48:43'),
(1234, 32, 8, 'BC', NULL, 404, 0, 0, 'BURGLARIES IN HOUSE', '2018-07-28 18:48:43'),
(1235, 32, 8, 'BC', NULL, 404, 0, 0, 'BURGLARIES IN HOUSE', '2018-07-28 18:48:43'),
(1236, 32, 15, 'BC', NULL, 404, 0, 0, 'BURGLARIES IN HOUSE', '2018-07-28 18:48:43'),
(1237, 32, 15, 'BC', NULL, 404, 0, 0, 'BURGLARIES IN HOUSE', '2018-07-28 18:48:43'),
(1238, 32, 15, 'BC', NULL, 404, 0, 0, 'BURGLARIES IN HOUSE', '2018-07-28 18:48:43'),
(1239, 32, 10, 'BC', NULL, 404, 0, 0, 'BURGLARIES IN HOUSE', '2018-07-28 18:48:43'),
(1240, 32, 9, 'BC', NULL, 404, 0, 0, 'BURGLARIES IN HOUSE', '2018-07-28 18:48:43'),
(1241, 32, 11, 'BC', NULL, 404, 0, 0, 'BURGLARIES IN HOUSE', '2018-07-28 18:48:43'),
(1242, NULL, NULL, '', NULL, 4530278874, 1, 1, ' -  - Test - SELECT user_id,address_id FROM address WHERE camtoken=:camtoken', '2018-08-04 13:01:36'),
(1243, NULL, NULL, '', NULL, 4530278874, 1, 1, ' -  - Test  - SELECT user_id,address_id FROM address WHERE camtoken=:camtoken', '2018-08-04 13:03:39'),
(1244, 9, 32, 'BC', NULL, 422, 0, 0, 'BURGLARIES IN HOUSE', '2018-08-13 14:54:29'),
(1245, 9, 14, 'BC', NULL, 422, 0, 0, 'BURGLARIES IN HOUSE', '2018-08-13 14:54:29'),
(1246, 9, 8, 'BC', NULL, 422, 0, 0, 'BURGLARIES IN HOUSE', '2018-08-13 14:54:29'),
(1247, 9, 15, 'BC', NULL, 422, 0, 0, 'BURGLARIES IN HOUSE', '2018-08-13 14:54:29'),
(1248, 9, 10, 'BC', NULL, 422, 0, 0, 'BURGLARIES IN HOUSE', '2018-08-13 14:54:29'),
(1249, 32, 10, 'BC', NULL, 423, 0, 0, 'BURGLARIES IN HOUSE', '2018-08-13 14:46:42'),
(1250, 32, 9, 'BC', NULL, 423, 0, 0, 'BURGLARIES IN HOUSE', '2018-08-13 14:46:42'),
(1251, 32, 15, 'BC', NULL, 423, 0, 0, 'BURGLARIES IN HOUSE', '2018-08-13 14:46:42'),
(1252, 32, 8, 'BC', NULL, 423, 0, 0, 'BURGLARIES IN HOUSE', '2018-08-13 14:46:42'),
(1253, 32, 14, 'BC', NULL, 423, 0, 0, 'BURGLARIES IN HOUSE', '2018-08-13 14:46:42'),
(1254, 32, 10, 'BC', NULL, 424, 0, 0, 'BURGLARIES IN HOUSE', '2018-08-13 14:46:42'),
(1255, 32, 9, 'BC', NULL, 424, 0, 0, 'BURGLARIES IN HOUSE', '2018-08-13 14:46:42'),
(1256, 32, 15, 'BC', NULL, 424, 0, 0, 'BURGLARIES IN HOUSE', '2018-08-13 14:46:42'),
(1257, 32, 8, 'BC', NULL, 424, 0, 0, 'BURGLARIES IN HOUSE', '2018-08-13 14:46:42'),
(1258, 32, 14, 'BC', NULL, 424, 0, 0, 'BURGLARIES IN HOUSE', '2018-08-13 14:46:42'),
(1259, 9, 32, 'N', NULL, 425, 0, 0, 'BURGLARIES IN HOUSE', '2018-08-06 09:04:13'),
(1260, 32, 14, 'BC', NULL, 377, 0, 0, 'BURGLARIES IN HOUSE', '2018-08-13 14:46:42'),
(1261, 32, 8, 'BC', NULL, 377, 0, 0, 'BURGLARIES IN HOUSE', '2018-08-13 14:46:42'),
(1262, 32, 15, 'BC', NULL, 377, 0, 0, 'BURGLARIES IN HOUSE', '2018-08-13 14:46:42'),
(1263, 32, 10, 'BC', NULL, 377, 0, 0, 'BURGLARIES IN HOUSE', '2018-08-13 14:46:42'),
(1264, 32, 14, 'SC', NULL, 427, 0, 0, 'SUSPICIOUS PERSON', '2018-08-13 14:46:42'),
(1265, 32, 8, 'SC', NULL, 427, 0, 0, 'SUSPICIOUS PERSON', '2018-08-13 14:46:42'),
(1266, 32, 15, 'SC', NULL, 427, 0, 0, 'SUSPICIOUS PERSON', '2018-08-13 14:46:42'),
(1267, 32, 10, 'SC', NULL, 427, 0, 0, 'SUSPICIOUS PERSON', '2018-08-13 14:46:42'),
(1268, 32, 9, 'SC', NULL, 427, 0, 0, 'SUSPICIOUS PERSON', '2018-08-13 14:46:42'),
(1269, 32, 14, 'BC', NULL, 429, 0, 0, 'BURGLARIES IN HOUSE', '2018-08-13 14:46:30'),
(1270, 32, 8, 'BC', NULL, 429, 0, 0, 'BURGLARIES IN HOUSE', '2018-08-13 14:46:30'),
(1271, 32, 15, 'BC', NULL, 429, 0, 0, 'BURGLARIES IN HOUSE', '2018-08-13 14:46:30'),
(1272, 32, 10, 'BC', NULL, 429, 0, 0, 'BURGLARIES IN HOUSE', '2018-08-13 14:46:30'),
(1273, 1, 2, 'N', NULL, 2, 0, 0, 'SUSPICIOUS CAR', '2018-08-11 09:15:35'),
(1274, 2, 16, 'N', 'false', 2, 0, 0, 'SUSPICIOUS CAR', '2018-08-11 09:15:35'),
(1275, 2, 17, 'N', 'false', 2, 0, 0, 'SUSPICIOUS CAR', '2018-08-11 09:15:35'),
(1276, 2, 12, 'N', NULL, 2, 0, 0, 'SUSPICIOUS CAR', '2018-08-11 09:15:35'),
(1277, 2, 3, 'N', NULL, 2, 0, 0, 'SUSPICIOUS CAR', '2018-08-11 09:15:35'),
(1278, 2, 6, 'N', NULL, 2, 0, 0, 'SUSPICIOUS CAR', '2018-08-11 09:15:35'),
(1279, 2, 26, 'N', NULL, 2, 0, 0, 'SUSPICIOUS CAR', '2018-08-11 09:15:35'),
(1280, 2, 31, 'N', NULL, 2, 0, 0, 'SUSPICIOUS CAR', '2018-08-11 09:15:35'),
(1281, 2, 27, 'N', NULL, 2, 0, 0, 'SUSPICIOUS CAR', '2018-08-11 09:15:35'),
(1282, 2, 29, 'N', NULL, 2, 0, 0, 'SUSPICIOUS CAR', '2018-08-11 09:15:35'),
(1283, 2, 28, 'N', NULL, 2, 0, 0, 'SUSPICIOUS CAR', '2018-08-11 09:15:35'),
(1284, 2, 7, 'N', NULL, 2, 0, 0, 'SUSPICIOUS CAR', '2018-08-11 09:15:35'),
(1285, 2, 4, 'N', NULL, 2, 0, 0, 'SUSPICIOUS CAR', '2018-08-11 09:15:35'),
(1286, 2, 5, 'N', NULL, 2, 0, 0, 'SUSPICIOUS CAR', '2018-08-11 09:15:35'),
(1287, 1, 2, 'N', NULL, 14, 0, 0, 'ASSAULT', '2018-08-11 09:36:59'),
(1288, 2, 5, 'N', NULL, 14, 0, 0, 'ASSAULT', '2018-08-11 09:36:59'),
(1289, 2, 5, 'N', NULL, 14, 0, 0, 'ASSAULT', '2018-08-11 09:36:59'),
(1290, 1, 2, 'B', NULL, 14, 0, 1, 'ASSAULT', '2018-08-11 09:54:19'),
(1291, 1, 2, 'B', NULL, 2, 0, 1, 'PICKPOCKET', '2018-08-11 11:27:39'),
(1292, 1, 2, 'B', NULL, 2, 0, 1, 'PICKPOCKET', '2018-08-11 11:28:56'),
(1293, 1, 2, 'S', NULL, 13, 0, 1, 'SUSPICIOUS CAR', '2018-08-11 11:31:30'),
(1294, 1, 2, 'B', NULL, 13, 0, 1, 'ASSAULT', '2018-08-11 11:33:38'),
(1295, 1, 2, 'B', NULL, 13, 0, 1, 'PICKPOCKET', '2018-08-11 11:36:39'),
(1296, 1, 2, 'B', NULL, 13, 0, 1, 'BURGLAR BURGLARY', '2018-08-11 11:39:12'),
(1297, 1, 2, 'B', NULL, 13, 0, 1, 'ASSAULT', '2018-08-11 11:51:45'),
(1298, 8, 14, 'BC', NULL, 433, 1, 1, 'PICKPOCKET', '2018-08-12 05:06:56'),
(1299, 8, 15, 'BC', NULL, 433, 1, 1, 'PICKPOCKET', '2018-08-12 05:06:56'),
(1300, 8, 32, 'BC', NULL, 433, 0, 1, 'PICKPOCKET', '2018-08-15 22:29:53'),
(1301, 8, 10, 'BC', NULL, 433, 0, 1, 'PICKPOCKET', '2018-08-13 16:50:15'),
(1302, 8, 14, 'BC', NULL, 434, 0, 0, 'PICKPOCKET', '2018-08-13 15:26:28'),
(1303, 8, 15, 'BC', NULL, 434, 0, 0, 'PICKPOCKET', '2018-08-13 15:26:28'),
(1304, 8, 32, 'BC', NULL, 434, 0, 0, 'PICKPOCKET', '2018-08-13 15:26:28'),
(1305, 8, 10, 'BC', NULL, 434, 0, 0, 'PICKPOCKET', '2018-08-13 15:26:28'),
(1306, 8, 14, 'BC', NULL, 435, 0, 0, 'BURGLAR SHEDDING', '2018-08-13 15:26:32'),
(1307, 8, 15, 'BC', NULL, 435, 0, 0, 'BURGLAR SHEDDING', '2018-08-13 15:26:32'),
(1308, 8, 32, 'BC', NULL, 435, 0, 0, 'BURGLAR SHEDDING', '2018-08-13 15:26:32'),
(1309, 8, 10, 'BC', NULL, 435, 0, 0, 'BURGLAR SHEDDING', '2018-08-13 15:26:32'),
(1310, 8, 14, 'SC', NULL, 436, 1, 1, 'POSSIBLE ATTENTION TO BURGLARY', '2018-08-12 05:07:30'),
(1311, 8, 15, 'SC', NULL, 436, 1, 1, 'POSSIBLE ATTENTION TO BURGLARY', '2018-08-12 05:07:31'),
(1312, 8, 32, 'SC', 'false', 436, 0, 1, 'POSSIBLE ATTENTION TO BURGLARY', '2018-08-15 22:17:11'),
(1313, 8, 10, 'SC', 'true', 436, 0, 1, 'POSSIBLE ATTENTION TO BURGLARY', '2018-08-12 07:28:31'),
(1314, 1, 7, 'S', NULL, 439, 0, 1, 'SUSPICIOUS CAR', '2018-08-13 10:19:16'),
(1315, 1, 7, 'B', NULL, 439, 1, 1, 'BURGLARIES IN HOUSE', '2018-08-13 10:19:44'),
(1316, 7, 3, 'BC', NULL, 439, 1, 1, 'BURGLARIES IN HOUSE', '2018-08-13 10:19:59'),
(1317, 7, 12, 'BC', NULL, 439, 1, 1, 'BURGLARIES IN HOUSE', '2018-08-13 10:20:00'),
(1318, 7, 17, 'BC', NULL, 439, 1, 1, 'BURGLARIES IN HOUSE', '2018-08-13 10:20:01'),
(1319, 7, 16, 'BC', NULL, 439, 1, 1, 'BURGLARIES IN HOUSE', '2018-08-13 10:20:02'),
(1320, 7, 6, 'BC', NULL, 439, 1, 1, 'BURGLARIES IN HOUSE', '2018-08-13 10:20:03'),
(1321, 7, 31, 'BC', NULL, 439, 1, 1, 'BURGLARIES IN HOUSE', '2018-08-13 10:20:04'),
(1322, 7, 26, 'BC', NULL, 439, 1, 1, 'BURGLARIES IN HOUSE', '2018-08-13 10:20:05'),
(1323, 7, 27, 'BC', NULL, 439, 1, 1, 'BURGLARIES IN HOUSE', '2018-08-13 10:20:07'),
(1324, 7, 29, 'BC', NULL, 439, 1, 1, 'BURGLARIES IN HOUSE', '2018-08-13 10:20:08'),
(1325, 7, 28, 'BC', NULL, 439, 1, 1, 'BURGLARIES IN HOUSE', '2018-08-13 10:20:09'),
(1326, 7, 2, 'BC', NULL, 439, 0, 1, 'BURGLARIES IN HOUSE', '2018-08-17 05:26:20'),
(1327, 7, 4, 'BC', NULL, 439, 1, 1, 'BURGLARIES IN HOUSE', '2018-08-13 10:20:11'),
(1328, 7, 5, 'BC', NULL, 439, 1, 1, 'BURGLARIES IN HOUSE', '2018-08-13 10:20:12'),
(1329, NULL, NULL, '', NULL, 4530278874, 1, 1, ' -  - Test - SELECT user_id,address_id FROM address WHERE camtoken=:camtoken', '2018-08-13 14:22:22'),
(1330, 9, 32, 'BC', NULL, 442, 0, 0, 'BURGLARIES IN HOUSE', '2018-08-13 14:54:40'),
(1331, 9, 14, 'BC', NULL, 442, 0, 0, 'BURGLARIES IN HOUSE', '2018-08-13 14:54:40'),
(1332, 9, 15, 'BC', NULL, 442, 0, 0, 'BURGLARIES IN HOUSE', '2018-08-13 14:54:40'),
(1333, 9, 10, 'BC', NULL, 442, 0, 0, 'BURGLARIES IN HOUSE', '2018-08-13 14:54:40'),
(1334, 32, 10, 'BC', NULL, 443, 0, 0, 'BURGLARIES IN HOUSE', '2018-08-13 14:46:42'),
(1335, 32, 15, 'BC', NULL, 443, 0, 0, 'BURGLARIES IN HOUSE', '2018-08-13 14:46:42'),
(1336, 32, 14, 'BC', NULL, 443, 0, 0, 'BURGLARIES IN HOUSE', '2018-08-13 14:46:42'),
(1337, 32, 14, 'BC', NULL, 444, 0, 0, 'BURGLARIES IN HOUSE', '2018-08-13 14:46:42'),
(1338, 32, 15, 'BC', NULL, 444, 0, 0, 'BURGLARIES IN HOUSE', '2018-08-13 14:46:42'),
(1339, 32, 10, 'BC', NULL, 444, 0, 0, 'BURGLARIES IN HOUSE', '2018-08-13 14:46:42'),
(1340, 32, 14, 'BC', NULL, 445, 0, 0, 'BURGLARIES IN HOUSE', '2018-08-13 14:45:48'),
(1341, 32, 15, 'BC', NULL, 445, 0, 0, 'BURGLARIES IN HOUSE', '2018-08-13 14:45:48'),
(1342, 32, 10, 'BC', NULL, 445, 0, 0, 'BURGLARIES IN HOUSE', '2018-08-13 14:45:48'),
(1343, 32, 14, 'BC', NULL, 446, 0, 0, 'BURGLARIES IN HOUSE', '2018-08-13 14:45:39'),
(1344, 32, 15, 'BC', NULL, 446, 0, 0, 'BURGLARIES IN HOUSE', '2018-08-13 14:45:39'),
(1345, 32, 10, 'BC', NULL, 446, 0, 0, 'BURGLARIES IN HOUSE', '2018-08-13 14:45:39'),
(1346, 32, 14, 'BC', NULL, 447, 0, 0, 'BURGLARIES IN HOUSE', '2018-08-13 14:45:44'),
(1347, 32, 15, 'BC', NULL, 447, 0, 0, 'BURGLARIES IN HOUSE', '2018-08-13 14:45:44'),
(1348, 32, 10, 'BC', NULL, 447, 0, 0, 'BURGLARIES IN HOUSE', '2018-08-13 14:45:44'),
(1349, NULL, NULL, '', NULL, 4520329192, 1, 1, ' -  - Test - SELECT user_id,address_id FROM address WHERE camtoken=:camtoken', '2018-08-13 15:05:22'),
(1350, 9, 32, 'BC', NULL, 450, 0, 1, 'BURGLARIES IN HOUSE', '2018-08-15 22:29:54'),
(1351, 9, 14, 'BC', NULL, 450, 1, 1, 'BURGLARIES IN HOUSE', '2018-08-13 16:22:29'),
(1352, 9, 15, 'BC', NULL, 450, 1, 1, 'BURGLARIES IN HOUSE', '2018-08-13 16:22:29'),
(1353, 9, 10, 'BC', NULL, 450, 0, 1, 'BURGLARIES IN HOUSE', '2018-08-13 16:50:15'),
(1354, 32, 10, 'BC', NULL, 451, 0, 0, 'BURGLARIES IN HOUSE', '2018-08-15 22:15:58'),
(1355, 32, 15, 'BC', NULL, 451, 0, 0, 'BURGLARIES IN HOUSE', '2018-08-15 22:15:58'),
(1356, 32, 14, 'BC', NULL, 451, 0, 0, 'BURGLARIES IN HOUSE', '2018-08-15 22:15:58'),
(1357, 9, 32, 'N', NULL, 448, 0, 0, 'BURGLARIES IN HOUSE', '2018-08-13 16:56:05'),
(1358, 32, 14, 'N', NULL, 448, 0, 0, 'BURGLARIES IN HOUSE', '2018-08-13 16:56:05'),
(1359, 32, 15, 'N', NULL, 448, 0, 0, 'BURGLARIES IN HOUSE', '2018-08-13 16:56:05'),
(1360, 32, 10, 'N', NULL, 448, 0, 0, 'BURGLARIES IN HOUSE', '2018-08-13 16:56:05'),
(1361, 32, 10, 'B', NULL, 294, 0, 1, 'BURGLARIES IN HOUSE', '2018-08-13 16:50:15'),
(1362, 32, 9, 'N', NULL, 331, 0, 0, 'BURGLARIES IN HOUSE', '2018-08-14 14:10:27'),
(1363, 9, 10, 'N', NULL, 331, 0, 0, 'BURGLARIES IN HOUSE', '2018-08-14 14:10:27'),
(1364, 9, 15, 'N', NULL, 331, 0, 0, 'BURGLARIES IN HOUSE', '2018-08-14 14:10:27'),
(1365, 9, 14, 'N', NULL, 331, 0, 0, 'BURGLARIES IN HOUSE', '2018-08-14 14:10:27'),
(1366, NULL, NULL, '', NULL, 9841005858, 1, 1, '34 - 7 - Test threat alert from postman - SELECT user_id,address_id FROM address WHERE camtoken=:camtoken', '2018-08-14 10:08:58'),
(1367, NULL, 7, 'N', NULL, 34, 0, 0, 'Test threat alert from postman', '2018-08-14 10:12:51'),
(1368, 7, 2, 'N', NULL, 34, 0, 0, 'Test threat alert from postman', '2018-08-14 10:12:51'),
(1369, 7, 2, 'N', NULL, 34, 0, 0, 'Test threat alert from postman', '2018-08-14 10:12:51'),
(1370, 7, 12, 'N', NULL, 34, 0, 0, 'Test threat alert from postman', '2018-08-14 10:12:51'),
(1371, 7, 1, 'N', NULL, 34, 0, 0, 'Test threat alert from postman', '2018-08-14 10:12:51'),
(1372, 7, 12, 'N', NULL, 34, 0, 0, 'Test threat alert from postman', '2018-08-14 10:12:51'),
(1373, 7, 16, 'N', NULL, 34, 0, 0, 'Test threat alert from postman', '2018-08-14 10:12:51'),
(1374, 7, 17, 'N', NULL, 34, 0, 0, 'Test threat alert from postman', '2018-08-14 10:12:51'),
(1375, 7, 3, 'N', NULL, 34, 0, 0, 'Test threat alert from postman', '2018-08-14 10:12:51'),
(1376, 7, 2, 'N', NULL, 34, 0, 0, 'Test threat alert from postman', '2018-08-14 10:12:51'),
(1377, 7, 6, 'N', NULL, 34, 0, 0, 'Test threat alert from postman', '2018-08-14 10:12:51'),
(1378, 7, 26, 'N', NULL, 34, 0, 0, 'Test threat alert from postman', '2018-08-14 10:12:51'),
(1379, 7, 1, 'N', NULL, 34, 0, 0, 'Test threat alert from postman', '2018-08-14 10:12:51'),
(1380, 7, 31, 'N', NULL, 34, 0, 0, 'Test threat alert from postman', '2018-08-14 10:12:51'),
(1381, 7, 1, 'N', NULL, 34, 0, 0, 'Test threat alert from postman', '2018-08-14 10:12:51'),
(1382, 7, 27, 'N', NULL, 34, 0, 0, 'Test threat alert from postman', '2018-08-14 10:12:51'),
(1383, 7, 28, 'N', NULL, 34, 0, 0, 'Test threat alert from postman', '2018-08-14 10:12:51'),
(1384, 7, 29, 'N', NULL, 34, 0, 0, 'Test threat alert from postman', '2018-08-14 10:12:51'),
(1385, 7, 4, 'N', NULL, 34, 0, 0, 'Test threat alert from postman', '2018-08-14 10:12:51'),
(1386, 7, 1, 'N', NULL, 34, 0, 0, 'Test threat alert from postman', '2018-08-14 10:12:51'),
(1387, 7, 1, 'N', NULL, 34, 0, 0, 'Test threat alert from postman', '2018-08-14 10:12:51'),
(1388, 7, 5, 'N', NULL, 34, 0, 0, 'Test threat alert from postman', '2018-08-14 10:12:51'),
(1389, NULL, NULL, '', NULL, 919841005858, 1, 1, ' -  - Test threat alert from postman with country code - SELECT user_id,address_id FROM address WHERE camtoken=:camtoken', '2018-08-14 10:13:36'),
(1390, NULL, NULL, '', NULL, 919841005858, 1, 1, '34 - 7 - Test threat alert from postman with country code - SELECT user_id,address_id FROM address WHERE camtoken=:camtoken', '2018-08-14 10:15:42'),
(1391, NULL, 7, 'N', NULL, 34, 0, 0, 'Test threat alert from postman with country code', '2018-08-14 10:18:01'),
(1392, 7, 2, 'N', NULL, 34, 0, 0, 'Test threat alert from postman with country code', '2018-08-14 10:18:01'),
(1393, 7, 2, 'N', NULL, 34, 0, 0, 'Test threat alert from postman with country code', '2018-08-14 10:18:01'),
(1394, 7, 12, 'N', NULL, 34, 0, 0, 'Test threat alert from postman with country code', '2018-08-14 10:18:01'),
(1395, 7, 1, 'N', NULL, 34, 0, 0, 'Test threat alert from postman with country code', '2018-08-14 10:18:01'),
(1396, 7, 12, 'N', NULL, 34, 0, 0, 'Test threat alert from postman with country code', '2018-08-14 10:18:01'),
(1397, 7, 16, 'N', NULL, 34, 0, 0, 'Test threat alert from postman with country code', '2018-08-14 10:18:01'),
(1398, 7, 17, 'N', NULL, 34, 0, 0, 'Test threat alert from postman with country code', '2018-08-14 10:18:01'),
(1399, 7, 3, 'N', NULL, 34, 0, 0, 'Test threat alert from postman with country code', '2018-08-14 10:18:01'),
(1400, 7, 2, 'N', NULL, 34, 0, 0, 'Test threat alert from postman with country code', '2018-08-14 10:18:01'),
(1401, 7, 6, 'N', NULL, 34, 0, 0, 'Test threat alert from postman with country code', '2018-08-14 10:18:01'),
(1402, 7, 26, 'N', NULL, 34, 0, 0, 'Test threat alert from postman with country code', '2018-08-14 10:18:01'),
(1403, 7, 1, 'N', NULL, 34, 0, 0, 'Test threat alert from postman with country code', '2018-08-14 10:18:01'),
(1404, 7, 31, 'N', NULL, 34, 0, 0, 'Test threat alert from postman with country code', '2018-08-14 10:18:01'),
(1405, 7, 1, 'N', NULL, 34, 0, 0, 'Test threat alert from postman with country code', '2018-08-14 10:18:01'),
(1406, 7, 27, 'N', NULL, 34, 0, 0, 'Test threat alert from postman with country code', '2018-08-14 10:18:01'),
(1407, 7, 28, 'N', NULL, 34, 0, 0, 'Test threat alert from postman with country code', '2018-08-14 10:18:01'),
(1408, 7, 29, 'N', NULL, 34, 0, 0, 'Test threat alert from postman with country code', '2018-08-14 10:18:01'),
(1409, 7, 4, 'N', NULL, 34, 0, 0, 'Test threat alert from postman with country code', '2018-08-14 10:18:01'),
(1410, 7, 1, 'N', NULL, 34, 0, 0, 'Test threat alert from postman with country code', '2018-08-14 10:18:01'),
(1411, 7, 1, 'N', NULL, 34, 0, 0, 'Test threat alert from postman with country code', '2018-08-14 10:18:01'),
(1412, 7, 5, 'N', NULL, 34, 0, 0, 'Test threat alert from postman with country code', '2018-08-14 10:18:01'),
(1413, NULL, NULL, '', NULL, 4530278874, 1, 1, '331 - 9 - Test - SELECT user_id,address_id FROM address WHERE camtoken=:camtoken', '2018-08-14 10:50:48'),
(1414, NULL, 9, 'N', NULL, 331, 0, 0, 'Test', '2018-08-14 14:10:27'),
(1415, 9, 10, 'N', NULL, 331, 0, 0, 'Test', '2018-08-14 14:10:27'),
(1416, 9, 11, 'N', NULL, 331, 0, 0, 'Test', '2018-08-14 14:10:27'),
(1417, 9, 15, 'N', NULL, 331, 0, 0, 'Test', '2018-08-14 14:10:27'),
(1418, 9, 15, 'N', NULL, 331, 0, 0, 'Test', '2018-08-14 14:10:27'),
(1419, 9, 15, 'N', NULL, 331, 0, 0, 'Test', '2018-08-14 14:10:27'),
(1420, 9, 14, 'N', NULL, 331, 0, 0, 'Test', '2018-08-14 14:10:27'),
(1421, 11, 13, 'SC', NULL, 463, 0, 0, 'SUSPICIOUS PERSON', '2018-08-15 16:43:01'),
(1422, NULL, NULL, '', NULL, 4530278874, 1, 1, ' -  - Test - SELECT user_id,address_id FROM address WHERE camtoken=:camtoken', '2018-08-15 16:43:23'),
(1423, 8, 15, 'BC', NULL, 467, 1, 1, 'PICKPOCKET', '2018-08-16 10:39:09'),
(1424, 8, 14, 'BC', NULL, 467, 1, 1, 'PICKPOCKET', '2018-08-16 10:39:09'),
(1425, 8, 10, 'BC', NULL, 467, 1, 1, 'PICKPOCKET', '2018-08-16 10:39:10'),
(1426, 8, 2, 'BC', NULL, 469, 1, 1, 'ASSAULT', '2018-08-16 11:02:02'),
(1427, 8, 3, 'BC', NULL, 469, 1, 1, 'ASSAULT', '2018-08-16 11:02:03'),
(1428, 8, 12, 'BC', NULL, 469, 1, 1, 'ASSAULT', '2018-08-16 11:02:03'),
(1429, 8, 16, 'BC', NULL, 469, 1, 1, 'ASSAULT', '2018-08-16 11:02:03'),
(1430, 8, 17, 'BC', NULL, 469, 1, 1, 'ASSAULT', '2018-08-16 11:02:03'),
(1431, 8, 7, 'BC', NULL, 469, 1, 1, 'ASSAULT', '2018-08-16 11:02:04'),
(1432, 8, 6, 'BC', NULL, 469, 1, 1, 'ASSAULT', '2018-08-16 11:02:04'),
(1433, 8, 31, 'BC', NULL, 469, 1, 1, 'ASSAULT', '2018-08-16 11:02:04'),
(1434, 8, 26, 'BC', NULL, 469, 1, 1, 'ASSAULT', '2018-08-16 11:02:04'),
(1435, 8, 27, 'BC', NULL, 469, 1, 1, 'ASSAULT', '2018-08-16 11:02:04'),
(1436, 8, 28, 'BC', NULL, 469, 1, 1, 'ASSAULT', '2018-08-16 11:02:04'),
(1437, 8, 29, 'BC', NULL, 469, 1, 1, 'ASSAULT', '2018-08-16 11:02:04'),
(1438, 8, 4, 'BC', NULL, 469, 1, 1, 'ASSAULT', '2018-08-16 11:02:04'),
(1439, 8, 5, 'BC', NULL, 469, 1, 1, 'ASSAULT', '2018-08-16 11:02:04'),
(1440, 8, 14, 'BC', NULL, 470, 1, 1, 'PICKPOCKET', '2018-08-16 14:52:25'),
(1441, 8, 15, 'BC', NULL, 470, 1, 1, 'PICKPOCKET', '2018-08-16 14:52:25'),
(1442, 8, 10, 'BC', NULL, 470, 1, 1, 'PICKPOCKET', '2018-08-16 14:52:27'),
(1443, NULL, NULL, '', NULL, 4520329192, 1, 1, ' -  - Test - SELECT user_id,address_id FROM address WHERE camtoken=:camtoken', '2018-08-16 17:13:12'),
(1444, NULL, NULL, '', NULL, 4530278874, 1, 1, ' -  - Test - SELECT user_id,address_id FROM address WHERE camtoken=:camtoken', '2018-08-17 05:53:17'),
(1445, NULL, NULL, '', NULL, 4530278874, 1, 1, ' -  - Test - SELECT user_id,address_id FROM address WHERE camtoken=:camtoken', '2018-08-17 05:55:02'),
(1446, NULL, NULL, '', NULL, 4530278874, 1, 1, ' -  - Test - SELECT user_id,address_id FROM address WHERE camtoken=:camtoken', '2018-08-17 05:57:12');

-- --------------------------------------------------------

--
-- Table structure for table `camera`
--

CREATE TABLE `camera` (
  `camera_id` int(11) NOT NULL,
  `user_id` int(11) NOT NULL,
  `camtoken` varchar(255) NOT NULL,
  `address_id` int(11) NOT NULL,
  `is_active` tinyint(1) NOT NULL,
  `last_alert` varchar(255) NOT NULL,
  `time` timestamp NOT NULL DEFAULT CURRENT_TIMESTAMP ON UPDATE CURRENT_TIMESTAMP
) ENGINE=MyISAM DEFAULT CHARSET=latin1;

--
-- Dumping data for table `camera`
--

INSERT INTO `camera` (`camera_id`, `user_id`, `camtoken`, `address_id`, `is_active`, `last_alert`, `time`) VALUES
(1, 1, 'cam001', 1, 1, '', '2018-05-18 09:25:09'),
(2, 2, 'cam002', 2, 1, '', '2018-05-18 09:25:09');

-- --------------------------------------------------------

--
-- Table structure for table `category`
--

CREATE TABLE `category` (
  `cat_id` int(11) NOT NULL,
  `cat_name` varchar(255) NOT NULL,
  `status` int(1) NOT NULL
) ENGINE=MyISAM DEFAULT CHARSET=latin1;

--
-- Dumping data for table `category`
--

INSERT INTO `category` (`cat_id`, `cat_name`, `status`) VALUES
(1, 'test 1', 0),
(2, 'test 2', 0),
(3, 'test 3', 0),
(4, 'test 1', 0),
(5, 'test 2', 0),
(6, 'test 3', 0),
(7, 'test jay', 0),
(8, 'jay', 0),
(9, 'Sticker', 1),
(10, 'Random sticker', 1),
(11, 'Light', 1);

-- --------------------------------------------------------

--
-- Table structure for table `distance`
--

CREATE TABLE `distance` (
  `lat` float NOT NULL,
  `lng` float NOT NULL,
  `city` varchar(255) NOT NULL,
  `id` int(11) NOT NULL
) ENGINE=MyISAM DEFAULT CHARSET=latin1;

--
-- Dumping data for table `distance`
--

INSERT INTO `distance` (`lat`, `lng`, `city`, `id`) VALUES
(13.0827, 80.2707, 'chennai', 1),
(12.8342, 79.7036, 'kangipuram', 2),
(13.1067, 80.097, 'Avadi', 3),
(13.0551, 80.2221, 'kodambakkam', 4),
(12.9654, 80.2017, 'madipakkam', 5),
(12.9229, 80.1275, 'tambaram', 6),
(13.0102, 80.2157, 'guindy', 7),
(12.976, 80.2212, 'velachery', 8);

-- --------------------------------------------------------

--
-- Table structure for table `my_contact`
--

CREATE TABLE `my_contact` (
  `my_contact_id` int(11) NOT NULL,
  `user_id` int(11) NOT NULL,
  `name` varchar(255) NOT NULL,
  `countrycode` varchar(255) NOT NULL,
  `email_id` varchar(255) NOT NULL,
  `phone_number` varchar(255) NOT NULL
) ENGINE=InnoDB DEFAULT CHARSET=utf8;

--
-- Dumping data for table `my_contact`
--

INSERT INTO `my_contact` (`my_contact_id`, `user_id`, `name`, `countrycode`, `email_id`, `phone_number`) VALUES
(2, 2, 'bharath', '', 'bharathitat@gmail.com', '+917448423609'),
(3, 2, 'Jayamurugan', '', 'Jay@gmail.com', '+918610154460'),
(4, 11, 'Phillish', '', 'Pmba@proalarmer.dk', '+4530278874'),
(5, 9, 'Line Jensen', '', 'gammelby.line@gmail.com', '+4561549266'),
(6, 12, 'Test', '', 'Test@test.com', '+919710190142'),
(7, 12, 'Bharat', '', 'Test@test.com', '+917448423609'),
(8, 15, 'Ramesh', '', 'A@b.com', '+4599559364'),
(9, 15, 'Ramdsh samsung', '', 'Am@abc.com', '+4560277085'),
(10, 15, 'Priya', '', 'Pri@pri.com', '+4553522770'),
(14, 11, 'Phillip', '', 'Pmba@proalarmer.dk', '+4522232415'),
(15, 8, 'Ramesh', '', 'Packram@gmail.com', '+45458555'),
(16, 8, 'Priya', '', 'Padmapriyar@gmail.com', '+4553522770'),
(18, 1, 'sambasivam', '', 'sambasivamoorthy@gmail.com', '+91345634565437'),
(19, 1, 'bharathraja', '', 'bharathitat@gmail.com', '+9134645367'),
(21, 1, 'bharath', '', 'bharathitat@gmail.com', '+91435654634576'),
(22, 7, 'Rayi', '', 'rayi.systems@gmail.com', '+911234567987'),
(23, 32, 'Dorthe Tversted', '', 'Dht@itvalues.dk', '+4522717515'),
(24, 32, 'Kathrine Tversted', '', 'Kht@itvalues.dk', '+4520730498'),
(26, 32, 'Kfjktkg', '', 'Pmbandersen@gmail.com', '+4522232415'),
(31, 32, 'MrG jjfkdk', '', 'Ght@itvalues.dk', '+4571782052'),
(33, 8, 'Rapac', '', 'Rapac@orsted.dk', '+451111111'),
(34, 8, 'Rapac', '', 'Rapac@orsted.dk', '+451111111'),
(36, 32, 'Per wt', '', 'ptv@worldticket.net', ''),
(37, 2, 'raja', '', 'bharathdffdg@gmail.com', '');

-- --------------------------------------------------------

--
-- Table structure for table `offer`
--

CREATE TABLE `offer` (
  `offer_id` int(11) NOT NULL,
  `device_id` int(11) NOT NULL,
  `device_name` varchar(255) NOT NULL,
  `img_path` varchar(250) NOT NULL,
  `device_desc` varchar(255) NOT NULL,
  `device_price` decimal(10,2) NOT NULL,
  `offer_amt` decimal(10,2) NOT NULL,
  `is_active` smallint(1) NOT NULL
) ENGINE=InnoDB DEFAULT CHARSET=utf8;

--
-- Dumping data for table `offer`
--

INSERT INTO `offer` (`offer_id`, `device_id`, `device_name`, `img_path`, `device_desc`, `device_price`, `offer_amt`, `is_active`) VALUES
(1, 1, 'device one', 'alarm_banner_01.jpg', 'device to secure home', '1000.00', '800.00', 1),
(2, 2, 'device two', 'alarm_banner_02.jpg', 'device to secure home and office', '2000.00', '1800.00', 1);

-- --------------------------------------------------------

--
-- Table structure for table `order`
--

CREATE TABLE `order` (
  `order_id` int(11) NOT NULL,
  `user_id` int(11) NOT NULL,
  `delivery_address` text NOT NULL,
  `total` double(10,2) NOT NULL,
  `created_at` timestamp NOT NULL DEFAULT CURRENT_TIMESTAMP,
  `modified_at` timestamp NULL DEFAULT NULL,
  `status` smallint(6) NOT NULL
) ENGINE=InnoDB DEFAULT CHARSET=latin1;

--
-- Dumping data for table `order`
--

INSERT INTO `order` (`order_id`, `user_id`, `delivery_address`, `total`, `created_at`, `modified_at`, `status`) VALUES
(3, 7, '', 160.00, '2018-02-23 10:06:49', '2018-02-23 10:06:49', 1),
(4, 7, '', 64.00, '2018-02-23 10:07:57', '2018-02-23 10:07:57', 1),
(5, 7, '', 120.00, '2018-02-23 10:08:50', '2018-02-23 10:08:50', 1),
(6, 7, 'admin street\n1000\n\n', 520.00, '2018-02-23 10:09:47', '2018-02-23 10:09:47', 1),
(7, 7, '', 330.00, '2018-02-23 10:14:12', '2018-02-23 10:14:12', 1),
(8, 7, '', 685.00, '2018-02-23 10:17:14', '2018-02-23 10:17:14', 1),
(9, 7, 'admin street\n1000\n\n', 440.00, '2018-02-23 10:19:09', '2018-02-23 10:19:09', 1),
(10, 1, 'Mahalingam Street 5/687\n600091\nChennai\nIndia', 295.00, '2018-02-23 10:19:40', '2018-02-23 10:19:40', 1),
(11, 1, '', 0.00, '2018-02-23 10:20:31', '2018-02-23 10:20:31', 1),
(12, 7, '', 261.00, '2018-02-23 10:49:50', '2018-02-23 10:49:50', 1),
(13, 7, 'admin street\n1000\n\n', 260.00, '2018-02-23 11:00:37', '2018-02-23 11:00:37', 1),
(14, 7, 'admin street\n1000\n\n', 270.00, '2018-02-27 08:32:03', '2018-02-27 08:32:03', 1),
(15, 2, 'Sabari Salai 18\n600091\nChennai\nIndia', 30.00, '2018-03-02 05:48:00', '2018-03-02 05:48:00', 1),
(16, 1, 'Madurai Madurai Main\nIndia\nMadurai\nTamil Nadu', 20.00, '2018-03-09 10:48:32', '2018-03-09 10:48:32', 1),
(17, 4, 'Kilamathur North Major District Road 618\n621717\nPerambalur\nIndia', 30.00, '2018-03-09 11:18:47', '2018-03-09 11:18:47', 1),
(18, 22, '', 10.00, '2018-03-09 12:19:46', '2018-03-09 12:19:46', 1),
(19, 22, 'admin street\n600091\nchennai\nindia', 30.00, '2018-03-09 12:29:01', '2018-03-09 12:29:01', 1),
(20, 1, 'Madurai Madurai Main\nIndia\nMadurai\nTamil Nadu', 200.00, '2018-03-09 12:44:45', '2018-03-09 12:44:45', 1),
(21, 1, 'Madurai Madurai Main\nIndia\nMadurai\nTamil Nadu', 240.00, '2018-03-09 12:45:25', '2018-03-09 12:45:25', 1),
(22, 5, '', 10.00, '2018-03-09 15:19:52', '2018-03-09 15:19:52', 1),
(23, 2, 'Duraiswamy Nagar 10th Main Road\n600117\nChennai\nIndia', 30.00, '2018-06-19 06:24:54', '2018-06-19 06:24:54', 1);

-- --------------------------------------------------------

--
-- Table structure for table `order_detail`
--

CREATE TABLE `order_detail` (
  `id` int(11) NOT NULL,
  `order_id` int(11) NOT NULL,
  `product_id` int(11) NOT NULL,
  `price` decimal(10,2) NOT NULL,
  `qty` int(11) NOT NULL,
  `created_at` timestamp NOT NULL DEFAULT CURRENT_TIMESTAMP,
  `modified_at` timestamp NOT NULL DEFAULT '0000-00-00 00:00:00',
  `status` smallint(6) NOT NULL
) ENGINE=InnoDB DEFAULT CHARSET=latin1;

--
-- Dumping data for table `order_detail`
--

INSERT INTO `order_detail` (`id`, `order_id`, `product_id`, `price`, `qty`, `created_at`, `modified_at`, `status`) VALUES
(1, 4, 23, '16.00', 4, '2018-02-23 10:08:28', '2018-02-23 10:08:28', 1),
(2, 5, 24, '24.00', 5, '2018-02-23 10:08:50', '2018-02-23 10:08:50', 1),
(3, 6, 23, '16.00', 3, '2018-02-23 10:09:47', '2018-02-23 10:09:47', 1),
(4, 6, 24, '24.00', 3, '2018-02-23 10:09:47', '2018-02-23 10:09:47', 1),
(5, 6, 20, '50.00', 3, '2018-02-23 10:09:47', '2018-02-23 10:09:47', 1),
(6, 6, 19, '40.00', 2, '2018-02-23 10:09:47', '2018-02-23 10:09:47', 1),
(7, 6, 22, '85.00', 2, '2018-02-23 10:09:47', '2018-02-23 10:09:47', 1),
(8, 7, 20, '50.00', 3, '2018-02-23 10:14:12', '2018-02-23 10:14:12', 1),
(9, 7, 21, '60.00', 3, '2018-02-23 10:14:12', '2018-02-23 10:14:12', 1),
(10, 8, 19, '40.00', 2, '2018-02-23 10:17:14', '2018-02-23 10:17:14', 1),
(11, 8, 20, '50.00', 2, '2018-02-23 10:17:14', '2018-02-23 10:17:14', 1),
(12, 8, 21, '60.00', 7, '2018-02-23 10:17:14', '2018-02-23 10:17:14', 1),
(13, 8, 22, '85.00', 1, '2018-02-23 10:17:14', '2018-02-23 10:17:14', 1),
(14, 9, 19, '40.00', 4, '2018-02-23 10:19:09', '2018-02-23 10:19:09', 1),
(15, 9, 21, '60.00', 1, '2018-02-23 10:19:09', '2018-02-23 10:19:09', 1),
(16, 9, 22, '85.00', 2, '2018-02-23 10:19:09', '2018-02-23 10:19:09', 1),
(17, 9, 20, '50.00', 1, '2018-02-23 10:19:09', '2018-02-23 10:19:09', 1),
(18, 10, 19, '40.00', 1, '2018-02-23 10:19:40', '2018-02-23 10:19:40', 1),
(19, 10, 20, '50.00', 1, '2018-02-23 10:19:40', '2018-02-23 10:19:40', 1),
(20, 10, 21, '60.00', 2, '2018-02-23 10:19:40', '2018-02-23 10:19:40', 1),
(21, 10, 22, '85.00', 1, '2018-02-23 10:19:40', '2018-02-23 10:19:40', 1),
(22, 12, 25, '87.00', 3, '2018-02-23 10:49:50', '2018-02-23 10:49:50', 1),
(23, 13, 19, '40.00', 1, '2018-02-23 11:00:37', '2018-02-23 11:00:37', 1),
(24, 13, 20, '50.00', 1, '2018-02-23 11:00:37', '2018-02-23 11:00:37', 1),
(25, 13, 22, '85.00', 2, '2018-02-23 11:00:37', '2018-02-23 11:00:37', 1),
(26, 14, 19, '40.00', 3, '2018-02-27 08:32:04', '2018-02-27 08:32:04', 1),
(27, 14, 20, '50.00', 3, '2018-02-27 08:32:04', '2018-02-27 08:32:04', 1),
(28, 15, 1, '10.00', 3, '2018-03-02 05:48:00', '2018-03-02 05:48:00', 1),
(29, 16, 1, '10.00', 2, '2018-03-09 10:48:32', '2018-03-09 10:48:32', 1),
(30, 17, 1, '10.00', 1, '2018-03-09 11:18:47', '2018-03-09 11:18:47', 1),
(31, 17, 2, '20.00', 1, '2018-03-09 11:18:47', '2018-03-09 11:18:47', 1),
(32, 18, 1, '10.00', 1, '2018-03-09 12:19:46', '2018-03-09 12:19:46', 1),
(33, 19, 1, '10.00', 3, '2018-03-09 12:29:01', '2018-03-09 12:29:01', 1),
(34, 20, 6, '60.00', 1, '2018-03-09 12:44:45', '2018-03-09 12:44:45', 1),
(35, 20, 7, '70.00', 2, '2018-03-09 12:44:45', '2018-03-09 12:44:45', 1),
(36, 21, 6, '60.00', 4, '2018-03-09 12:45:25', '2018-03-09 12:45:25', 1),
(37, 22, 1, '10.00', 1, '2018-03-09 15:19:52', '2018-03-09 15:19:52', 1),
(38, 23, 3, '30.00', 1, '2018-06-19 06:24:54', '2018-06-19 06:24:54', 1);

-- --------------------------------------------------------

--
-- Table structure for table `payment_log`
--

CREATE TABLE `payment_log` (
  `payment_log_id` int(11) NOT NULL,
  `user_id` int(11) NOT NULL,
  `transaction_id` varchar(255) NOT NULL,
  `date` date NOT NULL,
  `time` time NOT NULL,
  `amount` int(11) NOT NULL
) ENGINE=InnoDB DEFAULT CHARSET=utf8;

--
-- Dumping data for table `payment_log`
--

INSERT INTO `payment_log` (`payment_log_id`, `user_id`, `transaction_id`, `date`, `time`, `amount`) VALUES
(1, 2, '2000535056', '0000-00-00', '00:00:00', 60000),
(2, 0, '2000535191', '0000-00-00', '00:00:00', 100),
(3, 12, '2000535239', '0000-00-00', '00:00:00', 10000),
(4, 2, '2000536040', '0000-00-00', '00:00:00', 50000),
(5, 0, '2000536146', '0000-00-00', '00:00:00', 40000),
(6, 2, '2000536186', '0000-00-00', '00:00:00', 100000),
(7, 2, '2000536485', '0000-00-00', '00:00:00', 500000),
(8, 0, '2000536607', '0000-00-00', '00:00:00', 800000),
(9, 1, '2000536614', '0000-00-00', '00:00:00', 128000),
(10, 0, '2000541906', '0000-00-00', '00:00:00', 400000),
(11, 3, '2000542002', '0000-00-00', '00:00:00', 4000000),
(12, 1, '2000542040', '0000-00-00', '00:00:00', 80000),
(13, 0, '2000543271', '0000-00-00', '00:00:00', 70),
(14, 14, '2000543274', '0000-00-00', '00:00:00', 10),
(15, 14, '2000543275', '0000-00-00', '00:00:00', 10),
(16, 2, '693480', '0000-00-00', '00:00:00', 0),
(17, 2, '693483', '0000-00-00', '00:00:00', 0),
(18, 2, '693516', '0000-00-00', '00:00:00', 0),
(19, 2, '693516', '0000-00-00', '00:00:00', 0),
(20, 2, '693516', '0000-00-00', '00:00:00', 0),
(21, 2, '693516', '0000-00-00', '00:00:00', 0),
(22, 2, '693516', '0000-00-00', '00:00:00', 0),
(23, 2, '693516', '0000-00-00', '00:00:00', 0),
(24, 2, '693516', '0000-00-00', '00:00:00', 0),
(25, 2, '693516', '0000-00-00', '00:00:00', 0),
(26, 2, '693520', '0000-00-00', '00:00:00', 0),
(27, 2, '693520', '0000-00-00', '00:00:00', 0),
(28, 2, '693520', '0000-00-00', '00:00:00', 0),
(29, 2, '693520', '0000-00-00', '00:00:00', 0),
(30, 2, '693522', '0000-00-00', '00:00:00', 0),
(31, 2, '693522', '0000-00-00', '00:00:00', 0),
(32, 2, '693522', '0000-00-00', '00:00:00', 0),
(33, 2, '693522', '0000-00-00', '00:00:00', 0),
(34, 2, '693522', '0000-00-00', '00:00:00', 0),
(35, 2, '693522', '0000-00-00', '00:00:00', 0),
(36, 2, '693525', '0000-00-00', '00:00:00', 0),
(37, 2, '693525', '0000-00-00', '00:00:00', 0),
(38, 2, '693525', '0000-00-00', '00:00:00', 0),
(39, 2, '693525', '0000-00-00', '00:00:00', 0),
(40, 2, '693525', '0000-00-00', '00:00:00', 0),
(41, 2, '693525', '0000-00-00', '00:00:00', 0),
(42, 2, '693531', '0000-00-00', '00:00:00', 0),
(43, 2, '693536', '0000-00-00', '00:00:00', 100),
(44, 2, '693544', '0000-00-00', '00:00:00', 10000),
(45, 2, '693544', '0000-00-00', '00:00:00', 10000),
(46, 2, '693555', '0000-00-00', '00:00:00', 10000),
(47, 2, '693570', '0000-00-00', '00:00:00', 10000),
(48, 2, '693570', '0000-00-00', '00:00:00', 10000),
(49, 2, '693582', '0000-00-00', '00:00:00', 10000),
(50, 2, '693749', '0000-00-00', '00:00:00', 100),
(51, 2, '693783', '0000-00-00', '00:00:00', 100),
(52, 1, '693789', '0000-00-00', '00:00:00', 100),
(53, 0, '', '0000-00-00', '00:00:00', 0),
(54, 2, '693864', '0000-00-00', '00:00:00', 100),
(55, 2, '693992', '0000-00-00', '00:00:00', 100),
(56, 2, '695741', '0000-00-00', '00:00:00', 1),
(57, 2, '695741', '0000-00-00', '00:00:00', 1),
(58, 2, '695746', '0000-00-00', '00:00:00', 1),
(59, 2, '3', '0000-00-00', '00:00:00', 89),
(60, 2, '695747', '0000-00-00', '00:00:00', 1),
(61, 2, '695749', '0000-00-00', '00:00:00', 1),
(62, 2, '695754', '0000-00-00', '00:00:00', 1),
(63, 2, '695754', '0000-00-00', '00:00:00', 1),
(64, 0, '696427', '0000-00-00', '00:00:00', 1),
(65, 0, '696434', '0000-00-00', '00:00:00', 1),
(66, 0, '696456', '0000-00-00', '00:00:00', 1),
(67, 0, '696456', '0000-00-00', '00:00:00', 1),
(68, 0, '697857', '0000-00-00', '00:00:00', 1),
(69, 15, '698199', '0000-00-00', '00:00:00', 1),
(70, 8, '698761', '0000-00-00', '00:00:00', 1),
(71, 0, '699069', '0000-00-00', '00:00:00', 1),
(72, 2, '699170', '0000-00-00', '00:00:00', 1),
(73, 2, '699170', '0000-00-00', '00:00:00', 1),
(74, 2, '699256', '0000-00-00', '00:00:00', 1),
(75, 2, '699256', '0000-00-00', '00:00:00', 1),
(76, 15, '699348', '0000-00-00', '00:00:00', 1),
(77, 0, '\n\n\nA PHP Error was encountered\n\nSeverity: Notice\nMessage:  Undefined index: tid\nFilename: page/Success_View.php\nLine Number: 13\n\n\n	Backtrace:\n	\n		\n	\n		\n	\n		\n			\n			File: /home2/rayiipsb/public_html/nabosupport/application/views/page/Success_View.php\n			Li', '0000-00-00', '00:00:00', 0),
(78, 0, '\n\n\nA PHP Error was encountered\n\nSeverity: Notice\nMessage:  Undefined index: tid\nFilename: page/Success_View.php\nLine Number: 13\n\n\n	Backtrace:\n	\n		\n	\n		\n	\n		\n			\n			File: /home2/rayiipsb/public_html/nabosupport/application/views/page/Success_View.php\n			Li', '0000-00-00', '00:00:00', 0),
(79, 0, '\n\n\nA PHP Error was encountered\n\nSeverity: Notice\nMessage:  Undefined index: tid\nFilename: page/Success_View.php\nLine Number: 13\n\n\n	Backtrace:\n	\n		\n	\n		\n	\n		\n			\n			File: /home2/rayiipsb/public_html/nabosupport/application/views/page/Success_View.php\n			Li', '0000-00-00', '00:00:00', 0),
(80, 0, '\n\n\nA PHP Error was encountered\n\nSeverity: Notice\nMessage:  Undefined index: tid\nFilename: page/Success_View.php\nLine Number: 13\n\n\n	Backtrace:\n	\n		\n	\n		\n	\n		\n			\n			File: /home2/rayiipsb/public_html/nabosupport/application/views/page/Success_View.php\n			Li', '0000-00-00', '00:00:00', 0),
(81, 0, '', '0000-00-00', '00:00:00', 0);

-- --------------------------------------------------------

--
-- Table structure for table `product`
--

CREATE TABLE `product` (
  `id` int(11) NOT NULL,
  `name` varchar(225) NOT NULL,
  `price` decimal(10,2) NOT NULL,
  `category` char(3) NOT NULL,
  `img_path` varchar(225) NOT NULL,
  `created_at` timestamp NOT NULL DEFAULT CURRENT_TIMESTAMP,
  `modified_at` timestamp NOT NULL DEFAULT '0000-00-00 00:00:00',
  `status` smallint(1) NOT NULL
) ENGINE=InnoDB DEFAULT CHARSET=latin1;

--
-- Dumping data for table `product`
--

INSERT INTO `product` (`id`, `name`, `price`, `category`, `img_path`, `created_at`, `modified_at`, `status`) VALUES
(1, 'Stripped', '10.00', '9', '5a8fd925320b520180223.png', '2017-12-05 08:58:44', '2017-12-05 08:58:44', 0),
(2, 'Rounded', '20.00', '9', '5a8fd925320b520180223.png', '2017-12-05 08:58:44', '2017-12-05 08:58:44', 1),
(3, 'Rectangle', '30.00', '9', '5a8fd925320b520180223.png', '2017-12-05 08:58:44', '2017-12-05 08:58:44', 1),
(4, 'Square', '40.00', '9', '5a8fd925320b520180223.png', '2017-12-05 08:58:44', '2017-12-05 08:58:44', 1),
(5, 'Triangle', '50.00', '9', '5a8fd925320b520180223.png', '2017-12-05 08:58:44', '2017-12-05 08:58:44', 1),
(6, 'Stripped', '60.00', '10', '5a8fd98d8b99120180223.png', '2017-12-05 09:01:58', '2017-12-05 09:01:58', 1),
(7, 'Rounded', '70.00', '10', '5a8fd98d8b99120180223.png', '2017-12-05 09:01:58', '2017-12-05 09:01:58', 1),
(8, 'Rectangle', '80.00', '10', '5a8fd98d8b99120180223.png', '2017-12-05 09:01:58', '2017-12-05 09:01:58', 1),
(9, 'Square', '100.00', '11', '5a8fd98d8b99120180223.png', '2017-12-05 09:01:58', '2017-12-05 09:01:58', 1),
(10, 'Rounded', '120.00', '11', '5a8fd98d8b99120180223.png', '2017-12-05 09:01:58', '2017-12-05 09:01:58', 1);

-- --------------------------------------------------------

--
-- Table structure for table `purchase`
--

CREATE TABLE `purchase` (
  `purchase_id` int(11) NOT NULL,
  `user_id` int(11) NOT NULL,
  `product_id` int(11) NOT NULL,
  `bought_date` date NOT NULL,
  `bought_time` time NOT NULL
) ENGINE=InnoDB DEFAULT CHARSET=utf8;

-- --------------------------------------------------------

--
-- Table structure for table `security_devices`
--

CREATE TABLE `security_devices` (
  `device_id` int(11) NOT NULL,
  `user_id` int(11) NOT NULL,
  `device_desc` varchar(255) NOT NULL,
  `is_active` smallint(1) NOT NULL,
  `date` date NOT NULL,
  `time` time NOT NULL
) ENGINE=InnoDB DEFAULT CHARSET=utf8;

-- --------------------------------------------------------

--
-- Table structure for table `shop`
--

CREATE TABLE `shop` (
  `product_id` int(11) NOT NULL,
  `product_name` varchar(255) NOT NULL,
  `product_desc` varchar(255) NOT NULL,
  `price` decimal(10,2) NOT NULL,
  `is_active` smallint(1) NOT NULL
) ENGINE=InnoDB DEFAULT CHARSET=utf8;

-- --------------------------------------------------------

--
-- Table structure for table `status`
--

CREATE TABLE `status` (
  `status_id` int(11) NOT NULL,
  `status` varchar(255) NOT NULL,
  `is_active` smallint(1) NOT NULL
) ENGINE=InnoDB DEFAULT CHARSET=utf8;

-- --------------------------------------------------------

--
-- Table structure for table `status_log`
--

CREATE TABLE `status_log` (
  `status_log_id` int(11) NOT NULL,
  `user_id` int(11) NOT NULL,
  `address_id` int(11) NOT NULL,
  `status_id` int(11) NOT NULL,
  `time` timestamp NOT NULL DEFAULT CURRENT_TIMESTAMP ON UPDATE CURRENT_TIMESTAMP
) ENGINE=InnoDB DEFAULT CHARSET=utf8;

-- --------------------------------------------------------

--
-- Table structure for table `user`
--

CREATE TABLE `user` (
  `user_id` int(11) NOT NULL,
  `username` varchar(255) NOT NULL,
  `age` int(11) NOT NULL,
  `password` varchar(255) NOT NULL,
  `email_id` varchar(255) NOT NULL,
  `phone` varchar(255) NOT NULL,
  `platform` varchar(50) NOT NULL,
  `photo` varchar(255) NOT NULL,
  `is_active` smallint(1) NOT NULL DEFAULT '1',
  `alert_type` varchar(20) NOT NULL,
  `token` varchar(255) NOT NULL,
  `log_in` datetime NOT NULL,
  `log_out` datetime NOT NULL,
  `expires` datetime DEFAULT NULL,
  `paid_member` varchar(255) NOT NULL,
  `created_on_date` timestamp NOT NULL DEFAULT CURRENT_TIMESTAMP ON UPDATE CURRENT_TIMESTAMP,
  `do_not_distrub` smallint(1) NOT NULL,
  `out_of_home` varchar(255) NOT NULL,
  `distance` int(11) NOT NULL DEFAULT '5000',
  `r_distance` int(11) NOT NULL DEFAULT '5000',
  `user_type_id` int(11) NOT NULL,
  `deviceID` varchar(500) NOT NULL,
  `pass_reset` varchar(500) NOT NULL,
  `primary_address` varchar(100) NOT NULL DEFAULT '',
  `language` varchar(5) NOT NULL
) ENGINE=InnoDB DEFAULT CHARSET=utf8;

--
-- Dumping data for table `user`
--

INSERT INTO `user` (`user_id`, `username`, `age`, `password`, `email_id`, `phone`, `platform`, `photo`, `is_active`, `alert_type`, `token`, `log_in`, `log_out`, `expires`, `paid_member`, `created_on_date`, `do_not_distrub`, `out_of_home`, `distance`, `r_distance`, `user_type_id`, `deviceID`, `pass_reset`, `primary_address`, `language`) VALUES
(1, 'rayisystems', 0, '044', 'rayi.systems@rayi.in', '', 'ios', '1526715327870.jpg', 1, 'BP', 'd99a3dbb0a96b756c66fe0ab345db027', '2018-08-17 06:13:06', '2018-08-17 06:11:45', '2018-08-17 06:23:06', '1', '2018-08-17 06:13:06', 1, '', 5000, 1500, 2, 'eDUeraz0N0I:APA91bE9DXbj683xJ95TFQRsRdnliLPTvghT8wHHhWjuRgv7lp0HkHMJS_YycCaUd-s3IxWdX29S7sKysczwS_sFS3FE8FqKJQsDzujeauvWaf5JnlhToISfbJqStNq-0HwpxapYrlRf66bm3Ajp4cvnJGRpES4L2Q', '', '', 'dn'),
(2, 'bharath', 0, '0456', 'bharathitat@gmail.com', '', 'Android', '1532933236598.jpg', 1, 'BC', '2584dcace5a74b5e209db8f3e719e38d', '2018-08-17 03:40:56', '2018-08-17 03:40:28', '2018-08-17 03:50:56', '1', '2018-08-17 05:34:17', 0, '', 5000, 3700, 2, '', 'a351a44077b6871b2359ec3a99c08ccd', '', 'dn'),
(3, 'testuser', 0, '123', 'test@gmail.com', '', '', 'user.jpg', 1, 'BC', '15cc73745bb0a78ba0cebe9c4832de2f', '0000-00-00 00:00:00', '0000-00-00 00:00:00', '2018-06-18 09:57:06', '1', '2018-08-16 12:05:08', 0, '', 5000, 5000, 2, '', '', '', 'en'),
(4, 'Nabouser', 0, '321', 'nabo@gmail.com', '', 'Android', 'user.jpg', 1, 'BC', '0293a60cc08a140a7e07dcf961267d8b', '0000-00-00 00:00:00', '0000-00-00 00:00:00', '2018-05-08 10:23:47', '1', '2018-08-16 12:05:08', 0, '', 5000, 5000, 2, '', '', '', 'en'),
(5, 'Prabakar', 0, '000', 'mpraba@gmail.com', '', 'Android', 'user.jpg', 1, 'BC', '7e9dd96933d5383cba21caa8e39a4b33', '0000-00-00 00:00:00', '0000-00-00 00:00:00', '2018-04-27 13:26:02', '1', '2018-08-16 12:05:08', 0, '', 5000, 5000, 2, 'dYe8__VaWtk:APA91bFPoHv_8O67JumugD3dHbUGDXnMIXkFnG_kJ6cRul187d6MAQFAzh-m-IAFpJ-8pB0jJZCm69ZuZ1q7jl36sgl0u6ptoM0PEiVzbpNXN4CoG-EwpfcN5r2Oqq32km2cW3TNP4sJ', '', '', 'en'),
(6, 'nabo v2', 0, '123', 'nabov2@gmail.com', '', '', 'user.jpg', 1, 'BC', 'dbdb4197108d68fc20e6598664c67b1d', '0000-00-00 00:00:00', '0000-00-00 00:00:00', '2018-05-10 08:40:02', '1', '2018-08-16 12:05:08', 0, '', 5000, 5000, 2, '', '', '', 'en'),
(7, 'Shiva', 0, '123', 'sambasivamoorthy@gmail.com', '', 'Android', '1525764083705.jpg', 1, 'BC', 'ef13654028ea22daa4de892fc8a02a0d', '2018-08-15 07:33:21', '2018-08-15 07:33:11', '2018-08-15 07:43:21', '1', '2018-08-16 12:05:08', 0, '', 5000, 5000, 2, 'dxjLLqwZ3mA:APA91bEN7SP8cIQ5GzP-E9dPCmSX3RSDrtxBYsuA9DTfzX_Jv32D-KPoBtLhslkrXaq8gqMDbyOUpNrwoc56a1M2IqyHGwRfqjJ14-hgmXfhcKIt4ZEgCTH29bjp716b-_WlwM65jd2NdgzIE_bSegOymFDOWeGuhw', '479755b33594a1f5c82917e12a66680f', '', 'en'),
(8, 'Packram', 0, '1234', 'packram@gmail.com', '', 'ios', '1532945303274.jpg', 1, 'BP', '7d8ac83dc7c5b3f39f0a775277e9312a', '2018-08-16 14:55:17', '2018-08-16 14:54:53', '2018-08-16 15:05:17', '1', '2018-08-16 14:57:12', 1, '', 5000, 900, 2, 'cZdIjhm0veU:APA91bH0sUJ53OF6yLJcrUft6JM9BjZKKA_HWHFCqoZOr8hCLUaW6P_ZTjW125LuOVRIwLk8NMJ2TySHXez2zuDcxZvSN6dzowAi-LMg1gRmKKm5W5LzyPLx9g0sedLlyQ_xgIVXpj976uWUUMNZRlDfkZ9RPKLHQg', '', '', 'dn'),
(9, 'Phillip', 0, '1234', 'pmbandersen@gmail.com', '', 'Android', 'user.jpg', 1, 'N', '19274959c6fdac4dd97e7b56bd123334', '2018-08-16 14:48:13', '2018-08-16 14:48:05', '2018-08-16 14:58:13', '1', '2018-08-16 15:31:23', 0, '', 5000, 5000, 2, 'dVuc9Wly4yA:APA91bHHLsfWjT7c2wZYrk1RaelEbrv-HjbxmAj2_e8PxGfQe1uZurWKeW-sFCJ475taYOrBUV0zl5YXPkkzwVI_sdRPQ-vzHtDB5R0WW7M7KPhSnFwmNSIcI1OrMLs6DEo8ZXL1CimBn-8SdhtYmtSyFLy3J_NdyA', 'eb187988d435ac01a6f8243569cfa49c', '', 'en'),
(10, 'Line', 0, '1234', 'gammelby.line@gmail.com', '', 'Android', 'user.jpg', 1, 'BC', '31d6aa7128820ef3dad91672031bc86b', '2018-08-08 18:53:19', '0000-00-00 00:00:00', '2018-08-08 19:03:19', '1', '2018-08-16 12:05:08', 0, '', 5000, 5000, 2, 'fUguTm1rnAg:APA91bGOVRXLNsr_bUB1a2rLrf7WoXGV1XUH69VwxVSatZP0eaX2t7Z38rhZzIfgI0_JRYcyWySiNIwgpL0L5C6P1stTIuPbEKuL990t3Il2xNE2ul-QK2TsPfCG4gPN1AghqFsdot91OAqpwWuK1P61Ran5gkCEWg', '', '', 'en'),
(11, 'TheBoss', 0, 'Hp159159', 'Hpetersen552@gmail.com', '', 'ios', 'user.jpg', 1, 'N', 'ac6cc738faaf2b0ae7f67649d16fda12', '2018-08-17 05:54:00', '2018-07-31 06:46:43', '2018-08-17 06:04:00', '1', '2018-08-17 05:57:44', 0, '', 5000, 5000, 2, 'e0QL5QtPCFw:APA91bHn9py6s6eKRKxv2GJX7cmUReCmU77JLKsoqb3v78nXqMNv8ZMOg15wGtJ094N2e3utOVFvJnYyUFg3fkHWthA3LpddJIvG6gH-dquEh1C1vvUJUl2-Z7wRviaqA5RRY1ZZr8-GvVNPBnqbWiJWZOesN6MPtw', '', '', 'en'),
(12, 'Shiva', 0, '123', 'rayi.systemss@gmail.com', '', '', 'user.jpg', 1, 'SP', '22c321bb062a3ff64af031b60ace32b2', '0000-00-00 00:00:00', '0000-00-00 00:00:00', '2018-06-19 15:29:58', '1', '2018-08-16 12:05:08', 0, '', 5000, 5000, 2, '', '', '', 'en'),
(13, 'Irena', 0, 'Ip159159', 'peneva.irena@yahoo.com', '', '', 'user.jpg', 1, 'B', 'c0fdce3f09d1af784774aa439341adb9', '0000-00-00 00:00:00', '0000-00-00 00:00:00', '2018-06-18 16:18:56', '1', '2018-08-16 12:05:08', 0, '', 5000, 5000, 2, '', '', '', 'en'),
(14, 'Atshey', 0, '123', 'atshey@harshaya.com', '', '', 'user.jpg', 1, 'B', '79c67cb9f88765575d62fe83fcc29fe5', '0000-00-00 00:00:00', '0000-00-00 00:00:00', '2018-06-19 16:22:33', '1', '2018-08-16 12:05:08', 0, '', 5000, 5000, 2, '', '', '', 'en'),
(15, 'Tester@rayi.in', 0, '123', 'tester@rayi.in', '', '', 'user.jpg', 1, 'SP', 'd47e5b6b8cdf55158ee2bb6a2115c43b', '0000-00-00 00:00:00', '0000-00-00 00:00:00', '2018-06-23 14:20:30', '1', '2018-08-16 12:05:08', 0, '', 5000, 5000, 2, '', '', '', 'en'),
(16, 'Demo', 0, '1234', 'demo@gmail.com', '', '', 'user.jpg', 1, 'BC', '3045f474226b0cd91788fd7e916e79db', '0000-00-00 00:00:00', '0000-00-00 00:00:00', '2018-06-30 12:38:47', '', '2018-08-16 12:05:08', 0, '', 5000, 5000, 2, '', '', '', 'en'),
(17, 'Demo1', 0, '1234', 'demo1@gmail.com', '', '', 'user.jpg', 1, 'BC', 'ab3b940fefcca97be37756a539dd9e7a', '0000-00-00 00:00:00', '0000-00-00 00:00:00', '2018-06-30 12:01:01', '', '2018-08-16 12:05:08', 0, '', 5000, 5000, 2, '', '', '', 'en'),
(18, 'test', 23, '123', 'kollamadhu@gmail.com', '7645758568', '', '', 1, 'N', '', '0000-00-00 00:00:00', '0000-00-00 00:00:00', NULL, '', '2018-08-16 12:05:08', 0, '', 5000, 5000, 0, '', '', '', 'en'),
(19, 'test', 23, '123', 'saravanakumar3538@gmail.com', '7645758568', 'Android', '', 1, 'N', '2ac53579f763986059d5f0b2cb9c20e0', '2018-08-13 13:31:44', '0000-00-00 00:00:00', '2018-08-13 13:41:44', '', '2018-08-16 12:05:08', 0, '', 5000, 5000, 0, 'fMazu1DTjQU:APA91bFxpJcl6YKK3uuRPrsLWL3grBJ1kUkEYPNatfG6tLmX74twnQ6PWLPKDEjwpNrZwAbB7N7z7Dh72dPJhRX3EK8CaGV_8DWT4f79_bMX59S2afOEAhsQlUr14757RVw_6lIg5-_kSDSUgEun9DRt6RxxqCfFUQ', '0727740436df1aec63e24fb1d2f6d2e6', '', 'en'),
(20, 'test1', 4536345, '123', 'sdaf@dfd.xom', '34574756', '', '', 1, 'N', '', '0000-00-00 00:00:00', '0000-00-00 00:00:00', NULL, '', '2018-08-16 12:05:08', 0, '', 5000, 5000, 0, '', '', '', 'en'),
(21, 'test1', 4536345, '123', 'asdas@123.com', '34574756', '', '', 1, 'N', '', '0000-00-00 00:00:00', '0000-00-00 00:00:00', NULL, '', '2018-08-16 12:05:08', 0, '', 5000, 5000, 0, '', '', '', 'en'),
(22, 'test1', 4536345, '123', 'bvc@vsdfg.fgjgh', '34574756', '', '', 1, 'N', '', '0000-00-00 00:00:00', '0000-00-00 00:00:00', NULL, '', '2018-08-16 12:05:08', 0, '', 5000, 5000, 0, '', '', '', 'en'),
(23, 'test1', 4536345, '123', 'sdfsa@gds.com', '34574756', '', '', 1, 'N', '', '0000-00-00 00:00:00', '0000-00-00 00:00:00', NULL, '', '2018-08-16 12:05:08', 0, '', 5000, 5000, 0, '', '', '', 'en'),
(24, 'test1', 4536345, '123', '123@gamil.com', '34574756', '', '', 1, 'N', '', '0000-00-00 00:00:00', '0000-00-00 00:00:00', NULL, '', '2018-08-16 12:05:08', 0, '', 5000, 5000, 0, '', '', '', 'en'),
(25, 'test1', 4536345, '123', '1234@gamil.com', '34574756', '', '', 1, 'N', '', '0000-00-00 00:00:00', '0000-00-00 00:00:00', NULL, '', '2018-08-16 12:05:08', 0, '', 5000, 5000, 0, '', '', '', 'en'),
(26, 'test1', 4536345, '123', '12345@gamil.com', '34574756', '', '', 1, 'BC', '', '0000-00-00 00:00:00', '0000-00-00 00:00:00', NULL, '', '2018-08-16 12:05:08', 0, '', 5000, 5000, 0, '', '', '', 'en'),
(27, 'test2', 0, '123', '189@amil.com', '', '', '', 1, 'BC', '', '0000-00-00 00:00:00', '0000-00-00 00:00:00', NULL, '', '2018-08-16 12:05:08', 0, '', 5000, 5000, 0, '', '', '', 'en'),
(28, 'test5', 0, '123', 'rea@gamil.com', '', '', '', 1, 'BC', '', '0000-00-00 00:00:00', '0000-00-00 00:00:00', NULL, '', '2018-08-16 12:05:08', 0, '', 5000, 5000, 0, '', '', '', 'en'),
(29, 'test5', 0, '123', 'rea2@gamil.com', '', '', '', 1, 'BC', '', '0000-00-00 00:00:00', '0000-00-00 00:00:00', NULL, '', '2018-08-16 12:05:08', 0, '', 5000, 5000, 0, '', '', '', 'en'),
(30, 'admin', 0, '123', 'admin', '', '', '', 1, '', '', '0000-00-00 00:00:00', '0000-00-00 00:00:00', NULL, '', '2018-08-16 12:05:08', 0, '', 5000, 5000, 0, '', '', '', 'en'),
(31, 'admin', 25, '123', 'admin@rayi.in', '1234567890', '', '', 1, 'BC', '', '0000-00-00 00:00:00', '0000-00-00 00:00:00', NULL, '0', '2018-08-16 12:05:08', 0, '', 5000, 5000, 1, '', '', '', 'en'),
(32, 'Per Tversted', 30, '123', 'ptv@itvalues.dk', ' +4520329192', 'ios', '', 1, 'N', '1fea94dbbf24e14f02ea086f1312c340', '2018-08-16 17:09:38', '2018-08-13 16:37:36', '2018-08-16 17:19:38', '1', '2018-08-16 17:11:53', 0, '', 5000, 5000, 2, 'eifzGH3EWp4:APA91bG8nQyxAbDsQQMVMCDePv9aKd-cUbEbHSGnzl6_KM-mdT8kPvCLjcKFcHZN_YvAXCAyq6uMC9hy4BFgNZiEiSoQzSlJYPafZbDNHqO_gRg7dhVhMy-JJJb3IetCRwRDDxtY12pflpYQ5EvXEYetrKAvka4lcA', 'c5aec62756f519a0fbfb45f5cf8c558b', 'no', 'dn');

-- --------------------------------------------------------

--
-- Table structure for table `user_log`
--

CREATE TABLE `user_log` (
  `id` int(11) NOT NULL,
  `user_id` int(11) NOT NULL,
  `log_in` datetime NOT NULL,
  `log_out` datetime NOT NULL
) ENGINE=InnoDB DEFAULT CHARSET=latin1;

--
-- Dumping data for table `user_log`
--

INSERT INTO `user_log` (`id`, `user_id`, `log_in`, `log_out`) VALUES
(1, 2, '2018-07-20 16:03:51', '2018-07-20 16:04:19'),
(2, 9, '2018-07-20 17:42:52', '2018-07-28 15:52:07'),
(3, 8, '2018-07-21 10:52:36', '0000-00-00 00:00:00'),
(4, 8, '2018-07-24 11:29:59', '0000-00-00 00:00:00'),
(5, 8, '2018-07-24 12:00:20', '2018-07-28 15:27:12'),
(6, 11, '2018-07-24 14:34:42', '0000-00-00 00:00:00'),
(7, 7, '2018-07-24 15:14:41', '2018-07-25 06:02:01'),
(8, 1, '2018-07-25 06:29:12', '2018-07-25 06:31:05'),
(9, 1, '2018-07-25 06:31:24', '2018-07-26 06:12:56'),
(10, 32, '2018-07-26 06:13:25', '2018-07-26 06:13:52'),
(11, 1, '2018-07-26 06:13:54', '2018-07-26 07:08:24'),
(12, 32, '2018-07-26 06:31:50', '2018-07-26 06:32:40'),
(13, 32, '2018-07-26 06:33:20', '2018-07-26 06:38:16'),
(14, 7, '2018-07-26 06:41:53', '2018-07-26 07:08:23'),
(15, 1, '2018-07-26 07:08:27', '2018-07-26 07:10:57'),
(16, 32, '2018-07-26 07:10:51', '2018-07-26 07:11:06'),
(17, 1, '2018-07-26 07:11:00', '0000-00-00 00:00:00'),
(18, 7, '2018-07-26 09:00:30', '0000-00-00 00:00:00'),
(19, 2, '2018-07-26 09:56:32', '0000-00-00 00:00:00'),
(20, 32, '2018-07-26 21:30:18', '2018-07-26 22:03:51'),
(21, 32, '2018-07-26 22:05:01', '2018-07-28 08:24:25'),
(22, 7, '2018-07-27 05:09:54', '2018-07-27 05:14:02'),
(23, 1, '2018-07-27 05:14:28', '0000-00-00 00:00:00'),
(24, 32, '2018-07-28 08:24:53', '0000-00-00 00:00:00'),
(25, 2, '2018-07-28 15:21:19', '0000-00-00 00:00:00'),
(26, 8, '2018-07-28 15:29:25', '2018-07-28 15:31:12'),
(27, 8, '2018-07-28 15:31:37', '0000-00-00 00:00:00'),
(28, 9, '2018-07-28 15:52:20', '2018-07-30 08:35:55'),
(29, 7, '2018-07-30 06:23:26', '2018-07-30 06:33:53'),
(30, 11, '2018-07-30 08:36:22', '2018-07-31 06:46:43'),
(31, 2, '2018-07-30 08:38:33', '2018-07-30 08:55:54'),
(32, 2, '2018-07-30 09:01:26', '0000-00-00 00:00:00'),
(33, 8, '2018-07-30 09:27:28', '0000-00-00 00:00:00'),
(34, 8, '2018-07-30 09:36:24', '2018-07-30 17:14:08'),
(35, 9, '2018-07-30 14:23:15', '2018-08-04 17:29:28'),
(36, 8, '2018-07-30 17:18:15', '0000-00-00 00:00:00'),
(37, 32, '2018-07-30 22:31:46', '0000-00-00 00:00:00'),
(38, 11, '2018-07-31 06:47:08', '0000-00-00 00:00:00'),
(39, 1, '2018-08-04 14:32:50', '0000-00-00 00:00:00'),
(40, 1, '2018-08-04 14:32:50', '0000-00-00 00:00:00'),
(41, 1, '2018-08-04 15:11:22', '2018-08-09 08:22:36'),
(42, 2, '2018-08-04 16:05:26', '2018-08-06 05:52:34'),
(43, 9, '2018-08-04 17:29:40', '2018-08-04 17:30:37'),
(44, 9, '2018-08-04 17:30:46', '2018-08-04 17:31:06'),
(45, 9, '2018-08-04 17:31:14', '2018-08-06 04:25:45'),
(46, 9, '2018-08-06 04:25:55', '2018-08-06 13:53:17'),
(47, 32, '2018-08-06 05:20:09', '0000-00-00 00:00:00'),
(48, 8, '2018-08-06 05:30:48', '2018-08-06 05:33:58'),
(49, 8, '2018-08-06 05:34:13', '2018-08-06 05:52:17'),
(50, 8, '2018-08-06 05:52:36', '2018-08-06 05:54:13'),
(51, 2, '2018-08-06 05:53:00', '0000-00-00 00:00:00'),
(52, 19, '2018-08-06 10:43:45', '0000-00-00 00:00:00'),
(53, 19, '2018-08-06 10:51:19', '0000-00-00 00:00:00'),
(54, 9, '2018-08-06 13:53:26', '0000-00-00 00:00:00'),
(55, 10, '2018-08-08 18:53:19', '0000-00-00 00:00:00'),
(56, 19, '2018-08-09 06:11:09', '0000-00-00 00:00:00'),
(57, 2, '2018-08-09 06:13:48', '0000-00-00 00:00:00'),
(58, 1, '2018-08-09 08:24:05', '0000-00-00 00:00:00'),
(59, 2, '2018-08-09 15:19:08', '2018-08-11 09:03:18'),
(60, 1, '2018-08-09 16:00:50', '0000-00-00 00:00:00'),
(61, 8, '2018-08-11 08:04:11', '0000-00-00 00:00:00'),
(62, 2, '2018-08-11 09:03:45', '2018-08-11 10:48:59'),
(63, 2, '2018-08-11 10:49:11', '2018-08-11 11:02:19'),
(64, 2, '2018-08-11 11:02:35', '0000-00-00 00:00:00'),
(65, 2, '2018-08-11 11:09:41', '2018-08-11 11:26:53'),
(66, 2, '2018-08-11 11:27:10', '0000-00-00 00:00:00'),
(67, 2, '2018-08-11 11:49:16', '0000-00-00 00:00:00'),
(68, 1, '2018-08-11 11:56:05', '0000-00-00 00:00:00'),
(69, 1, '2018-08-11 12:18:01', '0000-00-00 00:00:00'),
(70, 2, '2018-08-11 12:27:46', '0000-00-00 00:00:00'),
(71, 2, '2018-08-11 12:32:47', '0000-00-00 00:00:00'),
(72, 2, '2018-08-11 12:40:07', '0000-00-00 00:00:00'),
(73, 2, '2018-08-11 12:43:12', '2018-08-11 12:44:25'),
(74, 2, '2018-08-11 12:47:43', '0000-00-00 00:00:00'),
(75, 1, '2018-08-11 12:56:56', '0000-00-00 00:00:00'),
(76, 1, '2018-08-11 13:04:23', '2018-08-13 08:34:36'),
(77, 7, '2018-08-13 06:56:02', '2018-08-13 07:03:34'),
(78, 7, '2018-08-13 07:18:00', '2018-08-13 07:30:58'),
(79, 19, '2018-08-13 07:18:09', '0000-00-00 00:00:00'),
(80, 7, '2018-08-13 07:31:12', '0000-00-00 00:00:00'),
(81, 19, '2018-08-13 07:34:31', '0000-00-00 00:00:00'),
(82, 19, '2018-08-13 08:22:24', '0000-00-00 00:00:00'),
(83, 1, '2018-08-13 08:34:54', '0000-00-00 00:00:00'),
(84, 1, '2018-08-13 08:40:40', '0000-00-00 00:00:00'),
(85, 1, '2018-08-13 08:52:31', '0000-00-00 00:00:00'),
(86, 1, '2018-08-13 09:37:12', '2018-08-13 12:12:10'),
(87, 7, '2018-08-13 09:47:06', '2018-08-13 10:23:43'),
(88, 8, '2018-08-13 10:24:10', '2018-08-13 11:48:10'),
(89, 8, '2018-08-13 11:48:23', '2018-08-13 12:02:27'),
(90, 7, '2018-08-13 12:02:37', '2018-08-13 13:18:56'),
(91, 19, '2018-08-13 12:12:51', '0000-00-00 00:00:00'),
(92, 1, '2018-08-13 12:16:46', '2018-08-13 13:24:45'),
(93, 9, '2018-08-13 13:20:05', '0000-00-00 00:00:00'),
(94, 9, '2018-08-13 13:20:09', '0000-00-00 00:00:00'),
(95, 1, '2018-08-13 13:25:13', '2018-08-13 13:26:57'),
(96, 1, '2018-08-13 13:27:26', '2018-08-13 13:31:29'),
(97, 7, '2018-08-13 13:27:53', '2018-08-13 13:28:04'),
(98, 7, '2018-08-13 13:28:24', '2018-08-13 13:28:45'),
(99, 9, '2018-08-13 13:29:15', '0000-00-00 00:00:00'),
(100, 19, '2018-08-13 13:31:44', '0000-00-00 00:00:00'),
(101, 7, '2018-08-13 13:32:32', '2018-08-13 14:02:00'),
(102, 1, '2018-08-13 13:39:21', '2018-08-15 08:30:11'),
(103, 8, '2018-08-13 13:57:07', '2018-08-13 14:04:19'),
(104, 9, '2018-08-13 14:02:32', '0000-00-00 00:00:00'),
(105, 8, '2018-08-13 14:04:58', '0000-00-00 00:00:00'),
(106, 9, '2018-08-13 14:11:41', '2018-08-14 14:14:02'),
(107, 11, '2018-08-13 14:19:25', '0000-00-00 00:00:00'),
(108, 32, '2018-08-13 14:37:45', '0000-00-00 00:00:00'),
(109, 7, '2018-08-13 15:26:18', '2018-08-15 07:33:11'),
(110, 32, '2018-08-13 15:34:55', '0000-00-00 00:00:00'),
(111, 32, '2018-08-13 15:48:35', '2018-08-13 16:37:36'),
(112, 32, '2018-08-13 16:45:19', '0000-00-00 00:00:00'),
(113, 7, '2018-08-15 07:33:21', '0000-00-00 00:00:00'),
(114, 1, '2018-08-15 08:30:16', '2018-08-15 08:33:19'),
(115, 1, '2018-08-15 08:34:07', '0000-00-00 00:00:00'),
(116, 1, '2018-08-15 11:10:23', '2018-08-15 11:11:32'),
(117, 1, '2018-08-15 11:11:35', '2018-08-15 11:13:56'),
(118, 1, '2018-08-15 11:13:58', '0000-00-00 00:00:00'),
(119, 1, '2018-08-15 11:25:40', '0000-00-00 00:00:00'),
(120, 1, '2018-08-15 11:28:52', '2018-08-15 12:03:04'),
(121, 1, '2018-08-15 12:03:28', '0000-00-00 00:00:00'),
(122, 1, '2018-08-15 12:08:03', '0000-00-00 00:00:00'),
(123, 1, '2018-08-15 12:28:41', '2018-08-15 13:37:59'),
(124, 1, '2018-08-15 15:45:46', '2018-08-15 15:47:02'),
(125, 1, '2018-08-15 15:52:18', '2018-08-15 15:53:48'),
(126, 1, '2018-08-16 06:11:22', '0000-00-00 00:00:00'),
(127, 2, '2018-08-16 08:08:23', '2018-08-16 13:32:09'),
(128, 8, '2018-08-16 08:53:58', '0000-00-00 00:00:00'),
(129, 8, '2018-08-16 10:34:53', '0000-00-00 00:00:00'),
(130, 1, '2018-08-16 11:42:40', '0000-00-00 00:00:00'),
(131, 1, '2018-08-16 11:44:27', '0000-00-00 00:00:00'),
(132, 1, '2018-08-16 11:49:55', '0000-00-00 00:00:00'),
(133, 1, '2018-08-16 11:50:34', '0000-00-00 00:00:00'),
(134, 1, '2018-08-16 11:56:41', '2018-08-16 14:31:51'),
(135, 2, '2018-08-16 13:32:25', '2018-08-16 13:42:39'),
(136, 2, '2018-08-16 13:42:53', '0000-00-00 00:00:00'),
(137, 9, '2018-08-16 13:51:28', '2018-08-16 14:48:05'),
(138, 2, '2018-08-16 14:00:18', '2018-08-16 14:05:33'),
(139, 2, '2018-08-16 14:05:57', '2018-08-16 14:13:54'),
(140, 2, '2018-08-16 14:14:21', '2018-08-16 15:39:03'),
(141, 1, '2018-08-16 14:31:54', '0000-00-00 00:00:00'),
(142, 1, '2018-08-16 14:37:48', '2018-08-16 15:02:48'),
(143, 9, '2018-08-16 14:48:13', '0000-00-00 00:00:00'),
(144, 8, '2018-08-16 14:50:52', '2018-08-16 14:52:42'),
(145, 8, '2018-08-16 14:52:56', '2018-08-16 14:54:00'),
(146, 8, '2018-08-16 14:54:23', '2018-08-16 14:54:53'),
(147, 8, '2018-08-16 14:55:17', '0000-00-00 00:00:00'),
(148, 1, '2018-08-16 15:03:27', '0000-00-00 00:00:00'),
(149, 2, '2018-08-16 15:40:21', '2018-08-16 15:59:15'),
(150, 1, '2018-08-16 15:41:07', '2018-08-16 15:53:01'),
(151, 1, '2018-08-16 15:55:00', '2018-08-16 15:55:36'),
(152, 2, '2018-08-16 15:59:35', '2018-08-16 16:00:16'),
(153, 2, '2018-08-16 16:00:39', '2018-08-16 16:01:53'),
(154, 2, '2018-08-16 16:02:08', '2018-08-16 16:03:26'),
(155, 2, '2018-08-16 16:03:42', '2018-08-16 16:15:15'),
(156, 2, '2018-08-16 16:15:34', '2018-08-16 16:16:55'),
(157, 2, '2018-08-16 16:17:08', '2018-08-16 16:17:49'),
(158, 2, '2018-08-16 16:18:01', '2018-08-16 16:32:50'),
(159, 1, '2018-08-16 16:25:52', '2018-08-16 16:26:10'),
(160, 1, '2018-08-16 16:28:15', '2018-08-16 16:29:17'),
(161, 1, '2018-08-16 16:31:22', '2018-08-16 16:39:39'),
(162, 2, '2018-08-16 16:33:11', '2018-08-17 03:37:40'),
(163, 1, '2018-08-16 16:40:20', '2018-08-16 16:41:04'),
(164, 1, '2018-08-16 16:42:54', '2018-08-16 16:44:17'),
(165, 32, '2018-08-16 17:09:38', '0000-00-00 00:00:00'),
(166, 1, '2018-08-17 03:33:19', '2018-08-17 06:11:45'),
(167, 2, '2018-08-17 03:38:01', '2018-08-17 03:40:28'),
(168, 2, '2018-08-17 03:40:56', '0000-00-00 00:00:00'),
(169, 11, '2018-08-17 05:54:00', '0000-00-00 00:00:00'),
(170, 1, '2018-08-17 06:13:06', '0000-00-00 00:00:00');

-- --------------------------------------------------------

--
-- Table structure for table `user_type`
--

CREATE TABLE `user_type` (
  `user_type_id` int(11) NOT NULL,
  `user_type` varchar(255) NOT NULL,
  `is_active` smallint(1) NOT NULL
) ENGINE=InnoDB DEFAULT CHARSET=utf8;

--
-- Indexes for dumped tables
--

--
-- Indexes for table `address`
--
ALTER TABLE `address`
  ADD PRIMARY KEY (`address_id`);

--
-- Indexes for table `admin_setting`
--
ALTER TABLE `admin_setting`
  ADD PRIMARY KEY (`id`);

--
-- Indexes for table `alert_log`
--
ALTER TABLE `alert_log`
  ADD PRIMARY KEY (`alert_log_id`);

--
-- Indexes for table `camera`
--
ALTER TABLE `camera`
  ADD PRIMARY KEY (`camera_id`);

--
-- Indexes for table `category`
--
ALTER TABLE `category`
  ADD PRIMARY KEY (`cat_id`);

--
-- Indexes for table `distance`
--
ALTER TABLE `distance`
  ADD PRIMARY KEY (`id`);

--
-- Indexes for table `my_contact`
--
ALTER TABLE `my_contact`
  ADD PRIMARY KEY (`my_contact_id`);

--
-- Indexes for table `offer`
--
ALTER TABLE `offer`
  ADD PRIMARY KEY (`offer_id`);

--
-- Indexes for table `order`
--
ALTER TABLE `order`
  ADD PRIMARY KEY (`order_id`);

--
-- Indexes for table `order_detail`
--
ALTER TABLE `order_detail`
  ADD PRIMARY KEY (`id`);

--
-- Indexes for table `payment_log`
--
ALTER TABLE `payment_log`
  ADD PRIMARY KEY (`payment_log_id`);

--
-- Indexes for table `product`
--
ALTER TABLE `product`
  ADD PRIMARY KEY (`id`);

--
-- Indexes for table `purchase`
--
ALTER TABLE `purchase`
  ADD PRIMARY KEY (`purchase_id`);

--
-- Indexes for table `security_devices`
--
ALTER TABLE `security_devices`
  ADD PRIMARY KEY (`device_id`);

--
-- Indexes for table `shop`
--
ALTER TABLE `shop`
  ADD PRIMARY KEY (`product_id`);

--
-- Indexes for table `status`
--
ALTER TABLE `status`
  ADD PRIMARY KEY (`status_id`);

--
-- Indexes for table `status_log`
--
ALTER TABLE `status_log`
  ADD PRIMARY KEY (`status_log_id`);

--
-- Indexes for table `user`
--
ALTER TABLE `user`
  ADD PRIMARY KEY (`user_id`);

--
-- Indexes for table `user_log`
--
ALTER TABLE `user_log`
  ADD PRIMARY KEY (`id`);

--
-- Indexes for table `user_type`
--
ALTER TABLE `user_type`
  ADD PRIMARY KEY (`user_type_id`);

--
-- AUTO_INCREMENT for dumped tables
--

--
-- AUTO_INCREMENT for table `address`
--
ALTER TABLE `address`
  MODIFY `address_id` int(11) NOT NULL AUTO_INCREMENT, AUTO_INCREMENT=474;
--
-- AUTO_INCREMENT for table `admin_setting`
--
ALTER TABLE `admin_setting`
  MODIFY `id` int(11) NOT NULL AUTO_INCREMENT, AUTO_INCREMENT=7;
--
-- AUTO_INCREMENT for table `alert_log`
--
ALTER TABLE `alert_log`
  MODIFY `alert_log_id` int(11) NOT NULL AUTO_INCREMENT, AUTO_INCREMENT=1447;
--
-- AUTO_INCREMENT for table `camera`
--
ALTER TABLE `camera`
  MODIFY `camera_id` int(11) NOT NULL AUTO_INCREMENT, AUTO_INCREMENT=3;
--
-- AUTO_INCREMENT for table `category`
--
ALTER TABLE `category`
  MODIFY `cat_id` int(11) NOT NULL AUTO_INCREMENT, AUTO_INCREMENT=12;
--
-- AUTO_INCREMENT for table `distance`
--
ALTER TABLE `distance`
  MODIFY `id` int(11) NOT NULL AUTO_INCREMENT, AUTO_INCREMENT=9;
--
-- AUTO_INCREMENT for table `my_contact`
--
ALTER TABLE `my_contact`
  MODIFY `my_contact_id` int(11) NOT NULL AUTO_INCREMENT, AUTO_INCREMENT=38;
--
-- AUTO_INCREMENT for table `offer`
--
ALTER TABLE `offer`
  MODIFY `offer_id` int(11) NOT NULL AUTO_INCREMENT, AUTO_INCREMENT=3;
--
-- AUTO_INCREMENT for table `order`
--
ALTER TABLE `order`
  MODIFY `order_id` int(11) NOT NULL AUTO_INCREMENT, AUTO_INCREMENT=24;
--
-- AUTO_INCREMENT for table `order_detail`
--
ALTER TABLE `order_detail`
  MODIFY `id` int(11) NOT NULL AUTO_INCREMENT, AUTO_INCREMENT=39;
--
-- AUTO_INCREMENT for table `payment_log`
--
ALTER TABLE `payment_log`
  MODIFY `payment_log_id` int(11) NOT NULL AUTO_INCREMENT, AUTO_INCREMENT=82;
--
-- AUTO_INCREMENT for table `product`
--
ALTER TABLE `product`
  MODIFY `id` int(11) NOT NULL AUTO_INCREMENT, AUTO_INCREMENT=11;
--
-- AUTO_INCREMENT for table `purchase`
--
ALTER TABLE `purchase`
  MODIFY `purchase_id` int(11) NOT NULL AUTO_INCREMENT;
--
-- AUTO_INCREMENT for table `security_devices`
--
ALTER TABLE `security_devices`
  MODIFY `device_id` int(11) NOT NULL AUTO_INCREMENT;
--
-- AUTO_INCREMENT for table `shop`
--
ALTER TABLE `shop`
  MODIFY `product_id` int(11) NOT NULL AUTO_INCREMENT;
--
-- AUTO_INCREMENT for table `status`
--
ALTER TABLE `status`
  MODIFY `status_id` int(11) NOT NULL AUTO_INCREMENT;
--
-- AUTO_INCREMENT for table `status_log`
--
ALTER TABLE `status_log`
  MODIFY `status_log_id` int(11) NOT NULL AUTO_INCREMENT;
--
-- AUTO_INCREMENT for table `user`
--
ALTER TABLE `user`
  MODIFY `user_id` int(11) NOT NULL AUTO_INCREMENT, AUTO_INCREMENT=33;
--
-- AUTO_INCREMENT for table `user_log`
--
ALTER TABLE `user_log`
  MODIFY `id` int(11) NOT NULL AUTO_INCREMENT, AUTO_INCREMENT=171;
--
-- AUTO_INCREMENT for table `user_type`
--
ALTER TABLE `user_type`
  MODIFY `user_type_id` int(11) NOT NULL AUTO_INCREMENT;
/*!40101 SET CHARACTER_SET_CLIENT=@OLD_CHARACTER_SET_CLIENT */;
/*!40101 SET CHARACTER_SET_RESULTS=@OLD_CHARACTER_SET_RESULTS */;
/*!40101 SET COLLATION_CONNECTION=@OLD_COLLATION_CONNECTION */;
